depbase=`echo alerts.o | sed 's|[^/]*$|.deps/&|;s|\.o$||'`;\
	gcc -std=gnu23 -DPACKAGE_NAME=\"tmux\" -DPACKAGE_TARNAME=\"tmux\" -DPACKAGE_VERSION=\"3.7c\" -DPACKAGE_STRING=\"tmux\ 3.7c\" -DPACKAGE_BUGREPORT=\"\" -DPACKAGE_URL=\"\" -DPACKAGE=\"tmux\" -DVERSION=\"3.7c\" -DHAVE_STDIO_H=1 -DHAVE_STDLIB_H=1 -DHAVE_STRING_H=1 -DHAVE_INTTYPES_H=1 -DHAVE_STDINT_H=1 -DHAVE_STRINGS_H=1 -DHAVE_SYS_STAT_H=1 -DHAVE_SYS_TYPES_H=1 -DHAVE_UNISTD_H=1 -DHAVE_WCHAR_H=1 -DSTDC_HEADERS=1 -D_ALL_SOURCE=1 -D_COSMO_SOURCE=1 -D_DARWIN_C_SOURCE=1 -D_GNU_SOURCE=1 -D_HPUX_ALT_XOPEN_SOCKET_API=1 -D_NETBSD_SOURCE=1 -D_OPENBSD_SOURCE=1 -D_POSIX_PTHREAD_SEMANTICS=1 -D__STDC_WANT_IEC_60559_ATTRIBS_EXT__=1 -D__STDC_WANT_IEC_60559_BFP_EXT__=1 -D__STDC_WANT_IEC_60559_DFP_EXT__=1 -D__STDC_WANT_IEC_60559_EXT__=1 -D__STDC_WANT_IEC_60559_FUNCS_EXT__=1 -D__STDC_WANT_IEC_60559_TYPES_EXT__=1 -D__STDC_WANT_LIB_EXT2__=1 -D__STDC_WANT_MATH_SPEC_FUNCS__=1 -D_TANDEM_SOURCE=1 -D__EXTENSIONS__=1 -DHAVE_BITSTRING_H=1 -DHAVE_DIRENT_H=1 -DHAVE_FCNTL_H=1 -DHAVE_INTTYPES_H=1 -DHAVE_LIBPROC_H=1 -DHAVE_PATHS_H=1 -DHAVE_STDINT_H=1 -DHAVE_SYS_DIR_H=1 -DHAVE_UTIL_H=1 -DHAVE_SYS_SIGNAME=1 -DHAVE_LIBM=1 -DHAVE_DIRFD=1 -DHAVE_FLOCK=1 -DHAVE_PROC_PIDINFO=1 -DHAVE_SYSCONF=1 -DHAVE_ASPRINTF=1 -DHAVE_CFMAKERAW=1 -DHAVE_CLOCK_GETTIME=1 -DHAVE_FGETLN=1 -DHAVE_GETDTABLESIZE=1 -DHAVE_GETPEEREID=1 -DHAVE_GETLINE=1 -DHAVE_GETPROGNAME=1 -DHAVE_MEMMEM=1 -DHAVE_SETENV=1 -DHAVE_STRCASESTR=1 -DHAVE_STRLCAT=1 -DHAVE_STRLCPY=1 -DHAVE_STRNDUP=1 -DHAVE_STRSEP=1 -DHAVE_STRTONUM=1 -DHAVE_EVENT2_EVENT_H=1 -DHAVE_NCURSES_H=1 -DHAVE_TIPARM=1 -DHAVE_TIPARM_S=1 -DHAVE_UTF8PROC=1 -DHAVE_B64_NTOP=1 -DHAVE_JEMALLOC=1 -DHAVE_DAEMON=1 -DHAVE_FORKPTY=1 -DHAVE___PROGNAME=1 -DBROKEN___DEAD=1 -DBROKEN_CMSG_FIRSTHDR=1 -I.  -I/opt/homebrew/Cellar/jemalloc/5.4.0/include -I/opt/homebrew/Cellar/utf8proc/2.12.0/include -DUTF8PROC_EXPORTS -D_DARWIN_C_SOURCE -DNCURSES_WIDECHAR -I/opt/homebrew/Cellar/ncurses/6.6/include/ncursesw -I/opt/homebrew/Cellar/ncurses/6.6/include -I/opt/homebrew/Cellar/libevent/2.1.13/include -DTMUX_VERSION='"3.7c"' -DTMUX_CONF='"/etc/tmux.conf:~/.tmux.conf:$XDG_CONFIG_HOME/tmux/tmux.conf:~/.config/tmux/tmux.conf"' -DTMUX_LOCK_CMD='"lock -np"' -DTMUX_TERM='"tmux-256color"'  -iquote.        -std=gnu99 -O2       -MT alerts.o -MD -MP -MF $depbase.Tpo -c -o alerts.o alerts.c &&\
	mv -f $depbase.Tpo $depbase.Po
depbase=`echo arguments.o | sed 's|[^/]*$|.deps/&|;s|\.o$||'`;\
	gcc -std=gnu23 -DPACKAGE_NAME=\"tmux\" -DPACKAGE_TARNAME=\"tmux\" -DPACKAGE_VERSION=\"3.7c\" -DPACKAGE_STRING=\"tmux\ 3.7c\" -DPACKAGE_BUGREPORT=\"\" -DPACKAGE_URL=\"\" -DPACKAGE=\"tmux\" -DVERSION=\"3.7c\" -DHAVE_STDIO_H=1 -DHAVE_STDLIB_H=1 -DHAVE_STRING_H=1 -DHAVE_INTTYPES_H=1 -DHAVE_STDINT_H=1 -DHAVE_STRINGS_H=1 -DHAVE_SYS_STAT_H=1 -DHAVE_SYS_TYPES_H=1 -DHAVE_UNISTD_H=1 -DHAVE_WCHAR_H=1 -DSTDC_HEADERS=1 -D_ALL_SOURCE=1 -D_COSMO_SOURCE=1 -D_DARWIN_C_SOURCE=1 -D_GNU_SOURCE=1 -D_HPUX_ALT_XOPEN_SOCKET_API=1 -D_NETBSD_SOURCE=1 -D_OPENBSD_SOURCE=1 -D_POSIX_PTHREAD_SEMANTICS=1 -D__STDC_WANT_IEC_60559_ATTRIBS_EXT__=1 -D__STDC_WANT_IEC_60559_BFP_EXT__=1 -D__STDC_WANT_IEC_60559_DFP_EXT__=1 -D__STDC_WANT_IEC_60559_EXT__=1 -D__STDC_WANT_IEC_60559_FUNCS_EXT__=1 -D__STDC_WANT_IEC_60559_TYPES_EXT__=1 -D__STDC_WANT_LIB_EXT2__=1 -D__STDC_WANT_MATH_SPEC_FUNCS__=1 -D_TANDEM_SOURCE=1 -D__EXTENSIONS__=1 -DHAVE_BITSTRING_H=1 -DHAVE_DIRENT_H=1 -DHAVE_FCNTL_H=1 -DHAVE_INTTYPES_H=1 -DHAVE_LIBPROC_H=1 -DHAVE_PATHS_H=1 -DHAVE_STDINT_H=1 -DHAVE_SYS_DIR_H=1 -DHAVE_UTIL_H=1 -DHAVE_SYS_SIGNAME=1 -DHAVE_LIBM=1 -DHAVE_DIRFD=1 -DHAVE_FLOCK=1 -DHAVE_PROC_PIDINFO=1 -DHAVE_SYSCONF=1 -DHAVE_ASPRINTF=1 -DHAVE_CFMAKERAW=1 -DHAVE_CLOCK_GETTIME=1 -DHAVE_FGETLN=1 -DHAVE_GETDTABLESIZE=1 -DHAVE_GETPEEREID=1 -DHAVE_GETLINE=1 -DHAVE_GETPROGNAME=1 -DHAVE_MEMMEM=1 -DHAVE_SETENV=1 -DHAVE_STRCASESTR=1 -DHAVE_STRLCAT=1 -DHAVE_STRLCPY=1 -DHAVE_STRNDUP=1 -DHAVE_STRSEP=1 -DHAVE_STRTONUM=1 -DHAVE_EVENT2_EVENT_H=1 -DHAVE_NCURSES_H=1 -DHAVE_TIPARM=1 -DHAVE_TIPARM_S=1 -DHAVE_UTF8PROC=1 -DHAVE_B64_NTOP=1 -DHAVE_JEMALLOC=1 -DHAVE_DAEMON=1 -DHAVE_FORKPTY=1 -DHAVE___PROGNAME=1 -DBROKEN___DEAD=1 -DBROKEN_CMSG_FIRSTHDR=1 -I.  -I/opt/homebrew/Cellar/jemalloc/5.4.0/include -I/opt/homebrew/Cellar/utf8proc/2.12.0/include -DUTF8PROC_EXPORTS -D_DARWIN_C_SOURCE -DNCURSES_WIDECHAR -I/opt/homebrew/Cellar/ncurses/6.6/include/ncursesw -I/opt/homebrew/Cellar/ncurses/6.6/include -I/opt/homebrew/Cellar/libevent/2.1.13/include -DTMUX_VERSION='"3.7c"' -DTMUX_CONF='"/etc/tmux.conf:~/.tmux.conf:$XDG_CONFIG_HOME/tmux/tmux.conf:~/.config/tmux/tmux.conf"' -DTMUX_LOCK_CMD='"lock -np"' -DTMUX_TERM='"tmux-256color"'  -iquote.        -std=gnu99 -O2       -MT arguments.o -MD -MP -MF $depbase.Tpo -c -o arguments.o arguments.c &&\
	mv -f $depbase.Tpo $depbase.Po
depbase=`echo attributes.o | sed 's|[^/]*$|.deps/&|;s|\.o$||'`;\
	gcc -std=gnu23 -DPACKAGE_NAME=\"tmux\" -DPACKAGE_TARNAME=\"tmux\" -DPACKAGE_VERSION=\"3.7c\" -DPACKAGE_STRING=\"tmux\ 3.7c\" -DPACKAGE_BUGREPORT=\"\" -DPACKAGE_URL=\"\" -DPACKAGE=\"tmux\" -DVERSION=\"3.7c\" -DHAVE_STDIO_H=1 -DHAVE_STDLIB_H=1 -DHAVE_STRING_H=1 -DHAVE_INTTYPES_H=1 -DHAVE_STDINT_H=1 -DHAVE_STRINGS_H=1 -DHAVE_SYS_STAT_H=1 -DHAVE_SYS_TYPES_H=1 -DHAVE_UNISTD_H=1 -DHAVE_WCHAR_H=1 -DSTDC_HEADERS=1 -D_ALL_SOURCE=1 -D_COSMO_SOURCE=1 -D_DARWIN_C_SOURCE=1 -D_GNU_SOURCE=1 -D_HPUX_ALT_XOPEN_SOCKET_API=1 -D_NETBSD_SOURCE=1 -D_OPENBSD_SOURCE=1 -D_POSIX_PTHREAD_SEMANTICS=1 -D__STDC_WANT_IEC_60559_ATTRIBS_EXT__=1 -D__STDC_WANT_IEC_60559_BFP_EXT__=1 -D__STDC_WANT_IEC_60559_DFP_EXT__=1 -D__STDC_WANT_IEC_60559_EXT__=1 -D__STDC_WANT_IEC_60559_FUNCS_EXT__=1 -D__STDC_WANT_IEC_60559_TYPES_EXT__=1 -D__STDC_WANT_LIB_EXT2__=1 -D__STDC_WANT_MATH_SPEC_FUNCS__=1 -D_TANDEM_SOURCE=1 -D__EXTENSIONS__=1 -DHAVE_BITSTRING_H=1 -DHAVE_DIRENT_H=1 -DHAVE_FCNTL_H=1 -DHAVE_INTTYPES_H=1 -DHAVE_LIBPROC_H=1 -DHAVE_PATHS_H=1 -DHAVE_STDINT_H=1 -DHAVE_SYS_DIR_H=1 -DHAVE_UTIL_H=1 -DHAVE_SYS_SIGNAME=1 -DHAVE_LIBM=1 -DHAVE_DIRFD=1 -DHAVE_FLOCK=1 -DHAVE_PROC_PIDINFO=1 -DHAVE_SYSCONF=1 -DHAVE_ASPRINTF=1 -DHAVE_CFMAKERAW=1 -DHAVE_CLOCK_GETTIME=1 -DHAVE_FGETLN=1 -DHAVE_GETDTABLESIZE=1 -DHAVE_GETPEEREID=1 -DHAVE_GETLINE=1 -DHAVE_GETPROGNAME=1 -DHAVE_MEMMEM=1 -DHAVE_SETENV=1 -DHAVE_STRCASESTR=1 -DHAVE_STRLCAT=1 -DHAVE_STRLCPY=1 -DHAVE_STRNDUP=1 -DHAVE_STRSEP=1 -DHAVE_STRTONUM=1 -DHAVE_EVENT2_EVENT_H=1 -DHAVE_NCURSES_H=1 -DHAVE_TIPARM=1 -DHAVE_TIPARM_S=1 -DHAVE_UTF8PROC=1 -DHAVE_B64_NTOP=1 -DHAVE_JEMALLOC=1 -DHAVE_DAEMON=1 -DHAVE_FORKPTY=1 -DHAVE___PROGNAME=1 -DBROKEN___DEAD=1 -DBROKEN_CMSG_FIRSTHDR=1 -I.  -I/opt/homebrew/Cellar/jemalloc/5.4.0/include -I/opt/homebrew/Cellar/utf8proc/2.12.0/include -DUTF8PROC_EXPORTS -D_DARWIN_C_SOURCE -DNCURSES_WIDECHAR -I/opt/homebrew/Cellar/ncurses/6.6/include/ncursesw -I/opt/homebrew/Cellar/ncurses/6.6/include -I/opt/homebrew/Cellar/libevent/2.1.13/include -DTMUX_VERSION='"3.7c"' -DTMUX_CONF='"/etc/tmux.conf:~/.tmux.conf:$XDG_CONFIG_HOME/tmux/tmux.conf:~/.config/tmux/tmux.conf"' -DTMUX_LOCK_CMD='"lock -np"' -DTMUX_TERM='"tmux-256color"'  -iquote.        -std=gnu99 -O2       -MT attributes.o -MD -MP -MF $depbase.Tpo -c -o attributes.o attributes.c &&\
	mv -f $depbase.Tpo $depbase.Po
depbase=`echo cfg.o | sed 's|[^/]*$|.deps/&|;s|\.o$||'`;\
	gcc -std=gnu23 -DPACKAGE_NAME=\"tmux\" -DPACKAGE_TARNAME=\"tmux\" -DPACKAGE_VERSION=\"3.7c\" -DPACKAGE_STRING=\"tmux\ 3.7c\" -DPACKAGE_BUGREPORT=\"\" -DPACKAGE_URL=\"\" -DPACKAGE=\"tmux\" -DVERSION=\"3.7c\" -DHAVE_STDIO_H=1 -DHAVE_STDLIB_H=1 -DHAVE_STRING_H=1 -DHAVE_INTTYPES_H=1 -DHAVE_STDINT_H=1 -DHAVE_STRINGS_H=1 -DHAVE_SYS_STAT_H=1 -DHAVE_SYS_TYPES_H=1 -DHAVE_UNISTD_H=1 -DHAVE_WCHAR_H=1 -DSTDC_HEADERS=1 -D_ALL_SOURCE=1 -D_COSMO_SOURCE=1 -D_DARWIN_C_SOURCE=1 -D_GNU_SOURCE=1 -D_HPUX_ALT_XOPEN_SOCKET_API=1 -D_NETBSD_SOURCE=1 -D_OPENBSD_SOURCE=1 -D_POSIX_PTHREAD_SEMANTICS=1 -D__STDC_WANT_IEC_60559_ATTRIBS_EXT__=1 -D__STDC_WANT_IEC_60559_BFP_EXT__=1 -D__STDC_WANT_IEC_60559_DFP_EXT__=1 -D__STDC_WANT_IEC_60559_EXT__=1 -D__STDC_WANT_IEC_60559_FUNCS_EXT__=1 -D__STDC_WANT_IEC_60559_TYPES_EXT__=1 -D__STDC_WANT_LIB_EXT2__=1 -D__STDC_WANT_MATH_SPEC_FUNCS__=1 -D_TANDEM_SOURCE=1 -D__EXTENSIONS__=1 -DHAVE_BITSTRING_H=1 -DHAVE_DIRENT_H=1 -DHAVE_FCNTL_H=1 -DHAVE_INTTYPES_H=1 -DHAVE_LIBPROC_H=1 -DHAVE_PATHS_H=1 -DHAVE_STDINT_H=1 -DHAVE_SYS_DIR_H=1 -DHAVE_UTIL_H=1 -DHAVE_SYS_SIGNAME=1 -DHAVE_LIBM=1 -DHAVE_DIRFD=1 -DHAVE_FLOCK=1 -DHAVE_PROC_PIDINFO=1 -DHAVE_SYSCONF=1 -DHAVE_ASPRINTF=1 -DHAVE_CFMAKERAW=1 -DHAVE_CLOCK_GETTIME=1 -DHAVE_FGETLN=1 -DHAVE_GETDTABLESIZE=1 -DHAVE_GETPEEREID=1 -DHAVE_GETLINE=1 -DHAVE_GETPROGNAME=1 -DHAVE_MEMMEM=1 -DHAVE_SETENV=1 -DHAVE_STRCASESTR=1 -DHAVE_STRLCAT=1 -DHAVE_STRLCPY=1 -DHAVE_STRNDUP=1 -DHAVE_STRSEP=1 -DHAVE_STRTONUM=1 -DHAVE_EVENT2_EVENT_H=1 -DHAVE_NCURSES_H=1 -DHAVE_TIPARM=1 -DHAVE_TIPARM_S=1 -DHAVE_UTF8PROC=1 -DHAVE_B64_NTOP=1 -DHAVE_JEMALLOC=1 -DHAVE_DAEMON=1 -DHAVE_FORKPTY=1 -DHAVE___PROGNAME=1 -DBROKEN___DEAD=1 -DBROKEN_CMSG_FIRSTHDR=1 -I.  -I/opt/homebrew/Cellar/jemalloc/5.4.0/include -I/opt/homebrew/Cellar/utf8proc/2.12.0/include -DUTF8PROC_EXPORTS -D_DARWIN_C_SOURCE -DNCURSES_WIDECHAR -I/opt/homebrew/Cellar/ncurses/6.6/include/ncursesw -I/opt/homebrew/Cellar/ncurses/6.6/include -I/opt/homebrew/Cellar/libevent/2.1.13/include -DTMUX_VERSION='"3.7c"' -DTMUX_CONF='"/etc/tmux.conf:~/.tmux.conf:$XDG_CONFIG_HOME/tmux/tmux.conf:~/.config/tmux/tmux.conf"' -DTMUX_LOCK_CMD='"lock -np"' -DTMUX_TERM='"tmux-256color"'  -iquote.        -std=gnu99 -O2       -MT cfg.o -MD -MP -MF $depbase.Tpo -c -o cfg.o cfg.c &&\
	mv -f $depbase.Tpo $depbase.Po
depbase=`echo client.o | sed 's|[^/]*$|.deps/&|;s|\.o$||'`;\
	gcc -std=gnu23 -DPACKAGE_NAME=\"tmux\" -DPACKAGE_TARNAME=\"tmux\" -DPACKAGE_VERSION=\"3.7c\" -DPACKAGE_STRING=\"tmux\ 3.7c\" -DPACKAGE_BUGREPORT=\"\" -DPACKAGE_URL=\"\" -DPACKAGE=\"tmux\" -DVERSION=\"3.7c\" -DHAVE_STDIO_H=1 -DHAVE_STDLIB_H=1 -DHAVE_STRING_H=1 -DHAVE_INTTYPES_H=1 -DHAVE_STDINT_H=1 -DHAVE_STRINGS_H=1 -DHAVE_SYS_STAT_H=1 -DHAVE_SYS_TYPES_H=1 -DHAVE_UNISTD_H=1 -DHAVE_WCHAR_H=1 -DSTDC_HEADERS=1 -D_ALL_SOURCE=1 -D_COSMO_SOURCE=1 -D_DARWIN_C_SOURCE=1 -D_GNU_SOURCE=1 -D_HPUX_ALT_XOPEN_SOCKET_API=1 -D_NETBSD_SOURCE=1 -D_OPENBSD_SOURCE=1 -D_POSIX_PTHREAD_SEMANTICS=1 -D__STDC_WANT_IEC_60559_ATTRIBS_EXT__=1 -D__STDC_WANT_IEC_60559_BFP_EXT__=1 -D__STDC_WANT_IEC_60559_DFP_EXT__=1 -D__STDC_WANT_IEC_60559_EXT__=1 -D__STDC_WANT_IEC_60559_FUNCS_EXT__=1 -D__STDC_WANT_IEC_60559_TYPES_EXT__=1 -D__STDC_WANT_LIB_EXT2__=1 -D__STDC_WANT_MATH_SPEC_FUNCS__=1 -D_TANDEM_SOURCE=1 -D__EXTENSIONS__=1 -DHAVE_BITSTRING_H=1 -DHAVE_DIRENT_H=1 -DHAVE_FCNTL_H=1 -DHAVE_INTTYPES_H=1 -DHAVE_LIBPROC_H=1 -DHAVE_PATHS_H=1 -DHAVE_STDINT_H=1 -DHAVE_SYS_DIR_H=1 -DHAVE_UTIL_H=1 -DHAVE_SYS_SIGNAME=1 -DHAVE_LIBM=1 -DHAVE_DIRFD=1 -DHAVE_FLOCK=1 -DHAVE_PROC_PIDINFO=1 -DHAVE_SYSCONF=1 -DHAVE_ASPRINTF=1 -DHAVE_CFMAKERAW=1 -DHAVE_CLOCK_GETTIME=1 -DHAVE_FGETLN=1 -DHAVE_GETDTABLESIZE=1 -DHAVE_GETPEEREID=1 -DHAVE_GETLINE=1 -DHAVE_GETPROGNAME=1 -DHAVE_MEMMEM=1 -DHAVE_SETENV=1 -DHAVE_STRCASESTR=1 -DHAVE_STRLCAT=1 -DHAVE_STRLCPY=1 -DHAVE_STRNDUP=1 -DHAVE_STRSEP=1 -DHAVE_STRTONUM=1 -DHAVE_EVENT2_EVENT_H=1 -DHAVE_NCURSES_H=1 -DHAVE_TIPARM=1 -DHAVE_TIPARM_S=1 -DHAVE_UTF8PROC=1 -DHAVE_B64_NTOP=1 -DHAVE_JEMALLOC=1 -DHAVE_DAEMON=1 -DHAVE_FORKPTY=1 -DHAVE___PROGNAME=1 -DBROKEN___DEAD=1 -DBROKEN_CMSG_FIRSTHDR=1 -I.  -I/opt/homebrew/Cellar/jemalloc/5.4.0/include -I/opt/homebrew/Cellar/utf8proc/2.12.0/include -DUTF8PROC_EXPORTS -D_DARWIN_C_SOURCE -DNCURSES_WIDECHAR -I/opt/homebrew/Cellar/ncurses/6.6/include/ncursesw -I/opt/homebrew/Cellar/ncurses/6.6/include -I/opt/homebrew/Cellar/libevent/2.1.13/include -DTMUX_VERSION='"3.7c"' -DTMUX_CONF='"/etc/tmux.conf:~/.tmux.conf:$XDG_CONFIG_HOME/tmux/tmux.conf:~/.config/tmux/tmux.conf"' -DTMUX_LOCK_CMD='"lock -np"' -DTMUX_TERM='"tmux-256color"'  -iquote.        -std=gnu99 -O2       -MT client.o -MD -MP -MF $depbase.Tpo -c -o client.o client.c &&\
	mv -f $depbase.Tpo $depbase.Po
depbase=`echo cmd-attach-session.o | sed 's|[^/]*$|.deps/&|;s|\.o$||'`;\
	gcc -std=gnu23 -DPACKAGE_NAME=\"tmux\" -DPACKAGE_TARNAME=\"tmux\" -DPACKAGE_VERSION=\"3.7c\" -DPACKAGE_STRING=\"tmux\ 3.7c\" -DPACKAGE_BUGREPORT=\"\" -DPACKAGE_URL=\"\" -DPACKAGE=\"tmux\" -DVERSION=\"3.7c\" -DHAVE_STDIO_H=1 -DHAVE_STDLIB_H=1 -DHAVE_STRING_H=1 -DHAVE_INTTYPES_H=1 -DHAVE_STDINT_H=1 -DHAVE_STRINGS_H=1 -DHAVE_SYS_STAT_H=1 -DHAVE_SYS_TYPES_H=1 -DHAVE_UNISTD_H=1 -DHAVE_WCHAR_H=1 -DSTDC_HEADERS=1 -D_ALL_SOURCE=1 -D_COSMO_SOURCE=1 -D_DARWIN_C_SOURCE=1 -D_GNU_SOURCE=1 -D_HPUX_ALT_XOPEN_SOCKET_API=1 -D_NETBSD_SOURCE=1 -D_OPENBSD_SOURCE=1 -D_POSIX_PTHREAD_SEMANTICS=1 -D__STDC_WANT_IEC_60559_ATTRIBS_EXT__=1 -D__STDC_WANT_IEC_60559_BFP_EXT__=1 -D__STDC_WANT_IEC_60559_DFP_EXT__=1 -D__STDC_WANT_IEC_60559_EXT__=1 -D__STDC_WANT_IEC_60559_FUNCS_EXT__=1 -D__STDC_WANT_IEC_60559_TYPES_EXT__=1 -D__STDC_WANT_LIB_EXT2__=1 -D__STDC_WANT_MATH_SPEC_FUNCS__=1 -D_TANDEM_SOURCE=1 -D__EXTENSIONS__=1 -DHAVE_BITSTRING_H=1 -DHAVE_DIRENT_H=1 -DHAVE_FCNTL_H=1 -DHAVE_INTTYPES_H=1 -DHAVE_LIBPROC_H=1 -DHAVE_PATHS_H=1 -DHAVE_STDINT_H=1 -DHAVE_SYS_DIR_H=1 -DHAVE_UTIL_H=1 -DHAVE_SYS_SIGNAME=1 -DHAVE_LIBM=1 -DHAVE_DIRFD=1 -DHAVE_FLOCK=1 -DHAVE_PROC_PIDINFO=1 -DHAVE_SYSCONF=1 -DHAVE_ASPRINTF=1 -DHAVE_CFMAKERAW=1 -DHAVE_CLOCK_GETTIME=1 -DHAVE_FGETLN=1 -DHAVE_GETDTABLESIZE=1 -DHAVE_GETPEEREID=1 -DHAVE_GETLINE=1 -DHAVE_GETPROGNAME=1 -DHAVE_MEMMEM=1 -DHAVE_SETENV=1 -DHAVE_STRCASESTR=1 -DHAVE_STRLCAT=1 -DHAVE_STRLCPY=1 -DHAVE_STRNDUP=1 -DHAVE_STRSEP=1 -DHAVE_STRTONUM=1 -DHAVE_EVENT2_EVENT_H=1 -DHAVE_NCURSES_H=1 -DHAVE_TIPARM=1 -DHAVE_TIPARM_S=1 -DHAVE_UTF8PROC=1 -DHAVE_B64_NTOP=1 -DHAVE_JEMALLOC=1 -DHAVE_DAEMON=1 -DHAVE_FORKPTY=1 -DHAVE___PROGNAME=1 -DBROKEN___DEAD=1 -DBROKEN_CMSG_FIRSTHDR=1 -I.  -I/opt/homebrew/Cellar/jemalloc/5.4.0/include -I/opt/homebrew/Cellar/utf8proc/2.12.0/include -DUTF8PROC_EXPORTS -D_DARWIN_C_SOURCE -DNCURSES_WIDECHAR -I/opt/homebrew/Cellar/ncurses/6.6/include/ncursesw -I/opt/homebrew/Cellar/ncurses/6.6/include -I/opt/homebrew/Cellar/libevent/2.1.13/include -DTMUX_VERSION='"3.7c"' -DTMUX_CONF='"/etc/tmux.conf:~/.tmux.conf:$XDG_CONFIG_HOME/tmux/tmux.conf:~/.config/tmux/tmux.conf"' -DTMUX_LOCK_CMD='"lock -np"' -DTMUX_TERM='"tmux-256color"'  -iquote.        -std=gnu99 -O2       -MT cmd-attach-session.o -MD -MP -MF $depbase.Tpo -c -o cmd-attach-session.o cmd-attach-session.c &&\
	mv -f $depbase.Tpo $depbase.Po
In file included from client.c:33:
In file included from ./tmux.h:35:
In file included from ./compat.h:150:
./compat/queue.h:91:9: warning: 'SLIST_HEAD' macro redefined [-Wmacro-redefined]
   91 | #define SLIST_HEAD(name, type)                                          \
      |         ^
/Applications/Xcode.app/Contents/Developer/Platforms/MacOSX.platform/Developer/SDKs/MacOSX.sdk/usr/include/sys/queue.h:236:9: note: previous definition is here
  236 | #define SLIST_HEAD(name, type)                                          \
      |         ^
In file included from client.c:33:
In file included from ./tmux.h:35:
In file included from ./compat.h:150:
./compat/queue.h:99:9: warning: 'SLIST_ENTRY' macro redefined [-Wmacro-redefined]
   99 | #define SLIST_ENTRY(type)                                               \
      |         ^
/Applications/Xcode.app/Contents/Developer/Platforms/MacOSX.platform/Developer/SDKs/MacOSX.sdk/usr/include/sys/queue.h:248:9: note: previous definition is here
  248 | #define SLIST_ENTRY(type)                                               \
      |         ^
In file included from client.c:33:
In file included from ./tmux.h:35:
In file included from ./compat.h:150:
./compat/queue.h:109:9: warning: 'SLIST_EMPTY' macro redefined [-Wmacro-redefined]
  109 | #define SLIST_EMPTY(head)       (SLIST_FIRST(head) == SLIST_END(head))
      |         ^
/Applications/Xcode.app/Contents/Developer/Platforms/MacOSX.platform/Developer/SDKs/MacOSX.sdk/usr/include/sys/queue.h:260:9: note: previous definition is here
  260 | #define SLIST_EMPTY(head)       ((head)->slh_first == NULL)
      |         ^
In file included from client.c:33:
In file included from ./tmux.h:35:
In file included from ./compat.h:150:
./compat/queue.h:112:9: warning: 'SLIST_FOREACH' macro redefined [-Wmacro-redefined]
  112 | #define SLIST_FOREACH(var, head, field)                                 \
      |         ^
/Applications/Xcode.app/Contents/Developer/Platforms/MacOSX.platform/Developer/SDKs/MacOSX.sdk/usr/include/sys/queue.h:264:9: note: previous definition is here
  264 | #define SLIST_FOREACH(var, head, field)                                 \
      |         ^
In file included from client.c:33:
In file included from ./tmux.h:35:
In file included from ./compat.h:150:
./compat/queue.h:117:9: warning: 'SLIST_FOREACH_SAFE' macro redefined [-Wmacro-redefined]
  117 | #define SLIST_FOREACH_SAFE(var, head, field, tvar)                      \
      |         ^
/Applications/Xcode.app/Contents/Developer/Platforms/MacOSX.platform/Developer/SDKs/MacOSX.sdk/usr/include/sys/queue.h:269:9: note: previous definition is here
  269 | #define SLIST_FOREACH_SAFE(var, head, field, tvar)                      \
      |         ^
In file included from client.c:33:
In file included from ./tmux.h:35:
In file included from ./compat.h:150:
./compat/queue.h:125:9: warning: 'SLIST_INIT' macro redefined [-Wmacro-redefined]
  125 | #define SLIST_INIT(head) {                                              \
      |         ^
/Applications/Xcode.app/Contents/Developer/Platforms/MacOSX.platform/Developer/SDKs/MacOSX.sdk/usr/include/sys/queue.h:279:9: note: previous definition is here
  279 | #define SLIST_INIT(head) do {                                           \
      |         ^
In file included from client.c:33:
In file included from ./tmux.h:35:
In file included from ./compat.h:150:
./compat/queue.h:129:9: warning: 'SLIST_INSERT_AFTER' macro redefined [-Wmacro-redefined]
  129 | #define SLIST_INSERT_AFTER(slistelm, elm, field) do {                   \
      |         ^
/Applications/Xcode.app/Contents/Developer/Platforms/MacOSX.platform/Developer/SDKs/MacOSX.sdk/usr/include/sys/queue.h:283:9: note: previous definition is here
  283 | #define SLIST_INSERT_AFTER(slistelm, elm, field) do {                   \
      |         ^
In file included from client.c:33:
In file included from ./tmux.h:35:
In file included from ./compat.h:150:
./compat/queue.h:134:9: warning: 'SLIST_INSERT_HEAD' macro redefined [-Wmacro-redefined]
  134 | #define SLIST_INSERT_HEAD(head, elm, field) do {                        \
      |         ^
/Applications/Xcode.app/Contents/Developer/Platforms/MacOSX.platform/Developer/SDKs/MacOSX.sdk/usr/include/sys/queue.h:288:9: note: previous definition is here
  288 | #define SLIST_INSERT_HEAD(head, elm, field) do {                        \
      |         ^
In file included from client.c:33:
In file included from ./tmux.h:35:
In file included from ./compat.h:150:
./compat/queue.h:139:9: warning: 'SLIST_REMOVE_AFTER' macro redefined [-Wmacro-redefined]
  139 | #define SLIST_REMOVE_AFTER(elm, field) do {                             \
      |         ^
/Applications/Xcode.app/Contents/Developer/Platforms/MacOSX.platform/Developer/SDKs/MacOSX.sdk/usr/include/sys/queue.h:313:9: note: previous definition is here
  313 | #define SLIST_REMOVE_AFTER(elm, field) do {                             \
      |         ^
In file included from client.c:33:
In file included from ./tmux.h:35:
In file included from ./compat.h:150:
./compat/queue.h:143:9: warning: 'SLIST_REMOVE_HEAD' macro redefined [-Wmacro-redefined]
  143 | #define SLIST_REMOVE_HEAD(head, field) do {                             \
      |         ^
/Applications/Xcode.app/Contents/Developer/Platforms/MacOSX.platform/Developer/SDKs/MacOSX.sdk/usr/include/sys/queue.h:318:9: note: previous definition is here
  318 | #define SLIST_REMOVE_HEAD(head, field) do {                             \
      |         ^
In file included from client.c:33:
In file included from ./tmux.h:35:
In file included from ./compat.h:150:
./compat/queue.h:147:9: warning: 'SLIST_REMOVE' macro redefined [-Wmacro-redefined]
  147 | #define SLIST_REMOVE(head, elm, type, field) do {                       \
      |         ^
/Applications/Xcode.app/Contents/Developer/Platforms/MacOSX.platform/Developer/SDKs/MacOSX.sdk/usr/include/sys/queue.h:295:9: note: previous definition is here
  295 | #define SLIST_REMOVE(head, elm, type, field)                            \
      |         ^
In file included from client.c:33:
In file included from ./tmux.h:35:
In file included from ./compat.h:150:
./compat/queue.h:164:9: warning: 'LIST_HEAD' macro redefined [-Wmacro-redefined]
  164 | #define LIST_HEAD(name, type)                                           \
      |         ^
/Applications/Xcode.app/Contents/Developer/Platforms/MacOSX.platform/Developer/SDKs/MacOSX.sdk/usr/include/sys/queue.h:465:9: note: previous definition is here
  465 | #define LIST_HEAD(name, type)                                           \
      |         ^
In file included from client.c:33:
In file included from ./tmux.h:35:
In file included from ./compat.h:150:
./compat/queue.h:172:9: warning: 'LIST_ENTRY' macro redefined [-Wmacro-redefined]
  172 | #define LIST_ENTRY(type)                                                \
      |         ^
/Applications/Xcode.app/Contents/Developer/Platforms/MacOSX.platform/Developer/SDKs/MacOSX.sdk/usr/include/sys/queue.h:477:9: note: previous definition is here
  477 | #define LIST_ENTRY(type)                                                \
      |         ^
In file included from client.c:33:
In file included from ./tmux.h:35:
In file included from ./compat.h:150:
./compat/queue.h:183:9: warning: 'LIST_EMPTY' macro redefined [-Wmacro-redefined]
  183 | #define LIST_EMPTY(head)                (LIST_FIRST(head) == LIST_END(head))
      |         ^
/Applications/Xcode.app/Contents/Developer/Platforms/MacOSX.platform/Developer/SDKs/MacOSX.sdk/usr/include/sys/queue.h:495:9: note: previous definition is here
  495 | #define LIST_EMPTY(head)        ((head)->lh_first == NULL)
      |         ^
In file included from client.c:33:
In file included from ./tmux.h:35:
In file included from ./compat.h:150:
./compat/queue.h:186:9: warning: 'LIST_FOREACH' macro redefined [-Wmacro-redefined]
  186 | #define LIST_FOREACH(var, head, field)                                  \
      |         ^
/Applications/Xcode.app/Contents/Developer/Platforms/MacOSX.platform/Developer/SDKs/MacOSX.sdk/usr/include/sys/queue.h:499:9: note: previous definition is here
  499 | #define LIST_FOREACH(var, head, field)                                  \
      |         ^
In file included from client.c:33:
In file included from ./tmux.h:35:
In file included from ./compat.h:150:
./compat/queue.h:191:9: warning: 'LIST_FOREACH_SAFE' macro redefined [-Wmacro-redefined]
  191 | #define LIST_FOREACH_SAFE(var, head, field, tvar)                       \
      |         ^
/Applications/Xcode.app/Contents/Developer/Platforms/MacOSX.platform/Developer/SDKs/MacOSX.sdk/usr/include/sys/queue.h:504:9: note: previous definition is here
  504 | #define LIST_FOREACH_SAFE(var, head, field, tvar)                       \
      |         ^
In file included from client.c:33:
In file included from ./tmux.h:35:
In file included from ./compat.h:150:
./compat/queue.h:199:9: warning: 'LIST_INIT' macro redefined [-Wmacro-redefined]
  199 | #define LIST_INIT(head) do {                                            \
      |         ^
/Applications/Xcode.app/Contents/Developer/Platforms/MacOSX.platform/Developer/SDKs/MacOSX.sdk/usr/include/sys/queue.h:509:9: note: previous definition is here
  509 | #define LIST_INIT(head) do {                                            \
      |         ^
In file included from client.c:33:
In file included from ./tmux.h:35:
In file included from ./compat.h:150:
./compat/queue.h:203:9: warning: 'LIST_INSERT_AFTER' macro redefined [-Wmacro-redefined]
  203 | #define LIST_INSERT_AFTER(listelm, elm, field) do {                     \
      |         ^
/Applications/Xcode.app/Contents/Developer/Platforms/MacOSX.platform/Developer/SDKs/MacOSX.sdk/usr/include/sys/queue.h:513:9: note: previous definition is here
  513 | #define LIST_INSERT_AFTER(listelm, elm, field) do {                     \
      |         ^
In file included from client.c:33:
In file included from ./tmux.h:35:
In file included from ./compat.h:150:
./compat/queue.h:211:9: warning: 'LIST_INSERT_BEFORE' macro redefined [-Wmacro-redefined]
  211 | #define LIST_INSERT_BEFORE(listelm, elm, field) do {                    \
      |         ^
/Applications/Xcode.app/Contents/Developer/Platforms/MacOSX.platform/Developer/SDKs/MacOSX.sdk/usr/include/sys/queue.h:522:9: note: previous definition is here
  522 | #define LIST_INSERT_BEFORE(listelm, elm, field) do {                    \
      |         ^
In file included from client.c:33:
In file included from ./tmux.h:35:
In file included from ./compat.h:150:
./compat/queue.h:218:9: warning: 'LIST_INSERT_HEAD' macro redefined [-Wmacro-redefined]
  218 | #define LIST_INSERT_HEAD(head, elm, field) do {                         \
      |         ^
/Applications/Xcode.app/Contents/Developer/Platforms/MacOSX.platform/Developer/SDKs/MacOSX.sdk/usr/include/sys/queue.h:530:9: note: previous definition is here
  530 | #define LIST_INSERT_HEAD(head, elm, field) do {                         \
      |         ^
In file included from client.c:33:
In file included from ./tmux.h:35:
In file included from ./compat.h:150:
./compat/queue.h:225:9: warning: 'LIST_REMOVE' macro redefined [-Wmacro-redefined]
  225 | #define LIST_REMOVE(elm, field) do {                                    \
      |         ^
/Applications/Xcode.app/Contents/Developer/Platforms/MacOSX.platform/Developer/SDKs/MacOSX.sdk/usr/include/sys/queue.h:540:9: note: previous definition is here
  540 | #define LIST_REMOVE(elm, field) do {                                    \
      |         ^
In file included from client.c:33:
In file included from ./tmux.h:35:
In file included from ./compat.h:150:
./compat/queue.h:407:9: warning: 'TAILQ_HEAD' macro redefined [-Wmacro-redefined]
  407 | #define TAILQ_HEAD(name, type)                                          \
      |         ^
/Applications/Xcode.app/Contents/Developer/Platforms/MacOSX.platform/Developer/SDKs/MacOSX.sdk/usr/include/sys/queue.h:569:9: note: previous definition is here
  569 | #define TAILQ_HEAD(name, type)                                          \
      |         ^
In file included from client.c:33:
In file included from ./tmux.h:35:
In file included from ./compat.h:150:
./compat/queue.h:416:9: warning: 'TAILQ_ENTRY' macro redefined [-Wmacro-redefined]
  416 | #define TAILQ_ENTRY(type)                                               \
      |         ^
/Applications/Xcode.app/Contents/Developer/Platforms/MacOSX.platform/Developer/SDKs/MacOSX.sdk/usr/include/sys/queue.h:583:9: note: previous definition is here
  583 | #define TAILQ_ENTRY(type)                                               \
      |         ^
In file included from client.c:33:
In file included from ./tmux.h:35:
In file included from ./compat.h:150:
./compat/queue.h:428:9: warning: 'TAILQ_LAST' macro redefined [-Wmacro-redefined]
  428 | #define TAILQ_LAST(head, headname)                                      \
      |         ^
/Applications/Xcode.app/Contents/Developer/Platforms/MacOSX.platform/Developer/SDKs/MacOSX.sdk/usr/include/sys/queue.h:691:9: note: previous definition is here
  691 | #define TAILQ_LAST(head, headname)                                      \
      |         ^
In file included from client.c:33:
In file included from ./tmux.h:35:
In file included from ./compat.h:150:
./compat/queue.h:431:9: warning: 'TAILQ_PREV' macro redefined [-Wmacro-redefined]
  431 | #define TAILQ_PREV(elm, headname, field)                                \
      |         ^
/Applications/Xcode.app/Contents/Developer/Platforms/MacOSX.platform/Developer/SDKs/MacOSX.sdk/usr/include/sys/queue.h:700:9: note: previous definition is here
  700 | #define TAILQ_PREV(elm, headname, field)                                \
      |         ^
In file included from client.c:33:
In file included from ./tmux.h:35:
In file included from ./compat.h:150:
./compat/queue.h:433:9: warning: 'TAILQ_EMPTY' macro redefined [-Wmacro-redefined]
  433 | #define TAILQ_EMPTY(head)                                               \
      |         ^
/Applications/Xcode.app/Contents/Developer/Platforms/MacOSX.platform/Developer/SDKs/MacOSX.sdk/usr/include/sys/queue.h:612:9: note: previous definition is here
  612 | #define TAILQ_EMPTY(head)       ((head)->tqh_first == NULL)
      |         ^
In file included from client.c:33:
In file included from ./tmux.h:35:
In file included from ./compat.h:150:
./compat/queue.h:436:9: warning: 'TAILQ_FOREACH' macro redefined [-Wmacro-redefined]
  436 | #define TAILQ_FOREACH(var, head, field)                                 \
      |         ^
/Applications/Xcode.app/Contents/Developer/Platforms/MacOSX.platform/Developer/SDKs/MacOSX.sdk/usr/include/sys/queue.h:616:9: note: previous definition is here
  616 | #define TAILQ_FOREACH(var, head, field)                                 \
      |         ^
In file included from client.c:33:
In file included from ./tmux.h:35:
In file included from ./compat.h:150:
./compat/queue.h:441:9: warning: 'TAILQ_FOREACH_SAFE' macro redefined [-Wmacro-redefined]
  441 | #define TAILQ_FOREACH_SAFE(var, head, field, tvar)                      \
      |         ^
/Applications/Xcode.app/Contents/Developer/Platforms/MacOSX.platform/Developer/SDKs/MacOSX.sdk/usr/include/sys/queue.h:621:9: note: previous definition is here
  621 | #define TAILQ_FOREACH_SAFE(var, head, field, tvar)                      \
      |         ^
In file included from client.c:33:
In file included from ./tmux.h:35:
In file included from ./compat.h:150:
./compat/queue.h:448:9: warning: 'TAILQ_FOREACH_REVERSE' macro redefined [-Wmacro-redefined]
  448 | #define TAILQ_FOREACH_REVERSE(var, head, headname, field)               \
      |         ^
/Applications/Xcode.app/Contents/Developer/Platforms/MacOSX.platform/Developer/SDKs/MacOSX.sdk/usr/include/sys/queue.h:626:9: note: previous definition is here
  626 | #define TAILQ_FOREACH_REVERSE(var, head, headname, field)               \
      |         ^
In file included from client.c:33:
In file included from ./tmux.h:35:
In file included from ./compat.h:150:
./compat/queue.h:453:9: warning: 'TAILQ_FOREACH_REVERSE_SAFE' macro redefined [-Wmacro-redefined]
  453 | #define TAILQ_FOREACH_REVERSE_SAFE(var, head, headname, field, tvar)    \
      |         ^
/Applications/Xcode.app/Contents/Developer/Platforms/MacOSX.platform/Developer/SDKs/MacOSX.sdk/usr/include/sys/queue.h:631:9: note: previous definition is here
  631 | #define TAILQ_FOREACH_REVERSE_SAFE(var, head, headname, field, tvar)    \
      |         ^
In file included from client.c:33:
In file included from ./tmux.h:35:
In file included from ./compat.h:150:
./compat/queue.h:462:9: warning: 'TAILQ_INIT' macro redefined [-Wmacro-redefined]
  462 | #define TAILQ_INIT(head) do {                                           \
      |         ^
/Applications/Xcode.app/Contents/Developer/Platforms/MacOSX.platform/Developer/SDKs/MacOSX.sdk/usr/include/sys/queue.h:637:9: note: previous definition is here
  637 | #define TAILQ_INIT(head) do {                                           \
      |         ^
In file included from client.c:33:
In file included from ./tmux.h:35:
In file included from ./compat.h:150:
./compat/queue.h:467:9: warning: 'TAILQ_INSERT_HEAD' macro redefined [-Wmacro-redefined]
  467 | #define TAILQ_INSERT_HEAD(head, elm, field) do {                        \
      |         ^
/Applications/Xcode.app/Contents/Developer/Platforms/MacOSX.platform/Developer/SDKs/MacOSX.sdk/usr/include/sys/queue.h:669:9: note: previous definition is here
  669 | #define TAILQ_INSERT_HEAD(head, elm, field) do {                        \
      |         ^
In file included from client.c:33:
In file included from ./tmux.h:35:
In file included from ./compat.h:150:
./compat/queue.h:477:9: warning: 'TAILQ_INSERT_TAIL' macro redefined [-Wmacro-redefined]
  477 | #define TAILQ_INSERT_TAIL(head, elm, field) do {                        \
      |         ^
/Applications/Xcode.app/Contents/Developer/Platforms/MacOSX.platform/Developer/SDKs/MacOSX.sdk/usr/include/sys/queue.h:682:9: note: previous definition is here
  682 | #define TAILQ_INSERT_TAIL(head, elm, field) do {                        \
      |         ^
In file included from client.c:33:
In file included from ./tmux.h:35:
In file included from ./compat.h:150:
./compat/queue.h:484:9: warning: 'TAILQ_INSERT_AFTER' macro redefined [-Wmacro-redefined]
  484 | #define TAILQ_INSERT_AFTER(head, listelm, elm, field) do {              \
      |         ^
/Applications/Xcode.app/Contents/Developer/Platforms/MacOSX.platform/Developer/SDKs/MacOSX.sdk/usr/include/sys/queue.h:644:9: note: previous definition is here
  644 | #define TAILQ_INSERT_AFTER(head, listelm, elm, field) do {              \
      |         ^
In file included from client.c:33:
In file included from ./tmux.h:35:
In file included from ./compat.h:150:
./compat/queue.h:494:9: warning: 'TAILQ_INSERT_BEFORE' macro redefined [-Wmacro-redefined]
  494 | #define TAILQ_INSERT_BEFORE(listelm, elm, field) do {                   \
      |         ^
/Applications/Xcode.app/Contents/Developer/Platforms/MacOSX.platform/Developer/SDKs/MacOSX.sdk/usr/include/sys/queue.h:659:9: note: previous definition is here
  659 | #define TAILQ_INSERT_BEFORE(listelm, elm, field) do {                   \
      |         ^
In file included from client.c:33:
In file included from ./tmux.h:35:
In file included from ./compat.h:150:
./compat/queue.h:501:9: warning: 'TAILQ_REMOVE' macro redefined [-Wmacro-redefined]
  501 | #define TAILQ_REMOVE(head, elm, field) do {                             \
      |         ^
/Applications/Xcode.app/Contents/Developer/Platforms/MacOSX.platform/Developer/SDKs/MacOSX.sdk/usr/include/sys/queue.h:707:9: note: previous definition is here
  707 | #define TAILQ_REMOVE(head, elm, field) do {                             \
      |         ^
In file included from client.c:33:
In file included from ./tmux.h:35:
In file included from ./compat.h:150:
./compat/queue.h:524:9: warning: 'TAILQ_CONCAT' macro redefined [-Wmacro-redefined]
  524 | #define TAILQ_CONCAT(head1, head2, field) do {                          \
      |         ^
/Applications/Xcode.app/Contents/Developer/Platforms/MacOSX.platform/Developer/SDKs/MacOSX.sdk/usr/include/sys/queue.h:601:9: note: previous definition is here
  601 | #define TAILQ_CONCAT(head1, head2, field) do {                          \
      |         ^
37 warnings generated.
depbase=`echo cmd-bind-key.o | sed 's|[^/]*$|.deps/&|;s|\.o$||'`;\
	gcc -std=gnu23 -DPACKAGE_NAME=\"tmux\" -DPACKAGE_TARNAME=\"tmux\" -DPACKAGE_VERSION=\"3.7c\" -DPACKAGE_STRING=\"tmux\ 3.7c\" -DPACKAGE_BUGREPORT=\"\" -DPACKAGE_URL=\"\" -DPACKAGE=\"tmux\" -DVERSION=\"3.7c\" -DHAVE_STDIO_H=1 -DHAVE_STDLIB_H=1 -DHAVE_STRING_H=1 -DHAVE_INTTYPES_H=1 -DHAVE_STDINT_H=1 -DHAVE_STRINGS_H=1 -DHAVE_SYS_STAT_H=1 -DHAVE_SYS_TYPES_H=1 -DHAVE_UNISTD_H=1 -DHAVE_WCHAR_H=1 -DSTDC_HEADERS=1 -D_ALL_SOURCE=1 -D_COSMO_SOURCE=1 -D_DARWIN_C_SOURCE=1 -D_GNU_SOURCE=1 -D_HPUX_ALT_XOPEN_SOCKET_API=1 -D_NETBSD_SOURCE=1 -D_OPENBSD_SOURCE=1 -D_POSIX_PTHREAD_SEMANTICS=1 -D__STDC_WANT_IEC_60559_ATTRIBS_EXT__=1 -D__STDC_WANT_IEC_60559_BFP_EXT__=1 -D__STDC_WANT_IEC_60559_DFP_EXT__=1 -D__STDC_WANT_IEC_60559_EXT__=1 -D__STDC_WANT_IEC_60559_FUNCS_EXT__=1 -D__STDC_WANT_IEC_60559_TYPES_EXT__=1 -D__STDC_WANT_LIB_EXT2__=1 -D__STDC_WANT_MATH_SPEC_FUNCS__=1 -D_TANDEM_SOURCE=1 -D__EXTENSIONS__=1 -DHAVE_BITSTRING_H=1 -DHAVE_DIRENT_H=1 -DHAVE_FCNTL_H=1 -DHAVE_INTTYPES_H=1 -DHAVE_LIBPROC_H=1 -DHAVE_PATHS_H=1 -DHAVE_STDINT_H=1 -DHAVE_SYS_DIR_H=1 -DHAVE_UTIL_H=1 -DHAVE_SYS_SIGNAME=1 -DHAVE_LIBM=1 -DHAVE_DIRFD=1 -DHAVE_FLOCK=1 -DHAVE_PROC_PIDINFO=1 -DHAVE_SYSCONF=1 -DHAVE_ASPRINTF=1 -DHAVE_CFMAKERAW=1 -DHAVE_CLOCK_GETTIME=1 -DHAVE_FGETLN=1 -DHAVE_GETDTABLESIZE=1 -DHAVE_GETPEEREID=1 -DHAVE_GETLINE=1 -DHAVE_GETPROGNAME=1 -DHAVE_MEMMEM=1 -DHAVE_SETENV=1 -DHAVE_STRCASESTR=1 -DHAVE_STRLCAT=1 -DHAVE_STRLCPY=1 -DHAVE_STRNDUP=1 -DHAVE_STRSEP=1 -DHAVE_STRTONUM=1 -DHAVE_EVENT2_EVENT_H=1 -DHAVE_NCURSES_H=1 -DHAVE_TIPARM=1 -DHAVE_TIPARM_S=1 -DHAVE_UTF8PROC=1 -DHAVE_B64_NTOP=1 -DHAVE_JEMALLOC=1 -DHAVE_DAEMON=1 -DHAVE_FORKPTY=1 -DHAVE___PROGNAME=1 -DBROKEN___DEAD=1 -DBROKEN_CMSG_FIRSTHDR=1 -I.  -I/opt/homebrew/Cellar/jemalloc/5.4.0/include -I/opt/homebrew/Cellar/utf8proc/2.12.0/include -DUTF8PROC_EXPORTS -D_DARWIN_C_SOURCE -DNCURSES_WIDECHAR -I/opt/homebrew/Cellar/ncurses/6.6/include/ncursesw -I/opt/homebrew/Cellar/ncurses/6.6/include -I/opt/homebrew/Cellar/libevent/2.1.13/include -DTMUX_VERSION='"3.7c"' -DTMUX_CONF='"/etc/tmux.conf:~/.tmux.conf:$XDG_CONFIG_HOME/tmux/tmux.conf:~/.config/tmux/tmux.conf"' -DTMUX_LOCK_CMD='"lock -np"' -DTMUX_TERM='"tmux-256color"'  -iquote.        -std=gnu99 -O2       -MT cmd-bind-key.o -MD -MP -MF $depbase.Tpo -c -o cmd-bind-key.o cmd-bind-key.c &&\
	mv -f $depbase.Tpo $depbase.Po
depbase=`echo cmd-break-pane.o | sed 's|[^/]*$|.deps/&|;s|\.o$||'`;\
	gcc -std=gnu23 -DPACKAGE_NAME=\"tmux\" -DPACKAGE_TARNAME=\"tmux\" -DPACKAGE_VERSION=\"3.7c\" -DPACKAGE_STRING=\"tmux\ 3.7c\" -DPACKAGE_BUGREPORT=\"\" -DPACKAGE_URL=\"\" -DPACKAGE=\"tmux\" -DVERSION=\"3.7c\" -DHAVE_STDIO_H=1 -DHAVE_STDLIB_H=1 -DHAVE_STRING_H=1 -DHAVE_INTTYPES_H=1 -DHAVE_STDINT_H=1 -DHAVE_STRINGS_H=1 -DHAVE_SYS_STAT_H=1 -DHAVE_SYS_TYPES_H=1 -DHAVE_UNISTD_H=1 -DHAVE_WCHAR_H=1 -DSTDC_HEADERS=1 -D_ALL_SOURCE=1 -D_COSMO_SOURCE=1 -D_DARWIN_C_SOURCE=1 -D_GNU_SOURCE=1 -D_HPUX_ALT_XOPEN_SOCKET_API=1 -D_NETBSD_SOURCE=1 -D_OPENBSD_SOURCE=1 -D_POSIX_PTHREAD_SEMANTICS=1 -D__STDC_WANT_IEC_60559_ATTRIBS_EXT__=1 -D__STDC_WANT_IEC_60559_BFP_EXT__=1 -D__STDC_WANT_IEC_60559_DFP_EXT__=1 -D__STDC_WANT_IEC_60559_EXT__=1 -D__STDC_WANT_IEC_60559_FUNCS_EXT__=1 -D__STDC_WANT_IEC_60559_TYPES_EXT__=1 -D__STDC_WANT_LIB_EXT2__=1 -D__STDC_WANT_MATH_SPEC_FUNCS__=1 -D_TANDEM_SOURCE=1 -D__EXTENSIONS__=1 -DHAVE_BITSTRING_H=1 -DHAVE_DIRENT_H=1 -DHAVE_FCNTL_H=1 -DHAVE_INTTYPES_H=1 -DHAVE_LIBPROC_H=1 -DHAVE_PATHS_H=1 -DHAVE_STDINT_H=1 -DHAVE_SYS_DIR_H=1 -DHAVE_UTIL_H=1 -DHAVE_SYS_SIGNAME=1 -DHAVE_LIBM=1 -DHAVE_DIRFD=1 -DHAVE_FLOCK=1 -DHAVE_PROC_PIDINFO=1 -DHAVE_SYSCONF=1 -DHAVE_ASPRINTF=1 -DHAVE_CFMAKERAW=1 -DHAVE_CLOCK_GETTIME=1 -DHAVE_FGETLN=1 -DHAVE_GETDTABLESIZE=1 -DHAVE_GETPEEREID=1 -DHAVE_GETLINE=1 -DHAVE_GETPROGNAME=1 -DHAVE_MEMMEM=1 -DHAVE_SETENV=1 -DHAVE_STRCASESTR=1 -DHAVE_STRLCAT=1 -DHAVE_STRLCPY=1 -DHAVE_STRNDUP=1 -DHAVE_STRSEP=1 -DHAVE_STRTONUM=1 -DHAVE_EVENT2_EVENT_H=1 -DHAVE_NCURSES_H=1 -DHAVE_TIPARM=1 -DHAVE_TIPARM_S=1 -DHAVE_UTF8PROC=1 -DHAVE_B64_NTOP=1 -DHAVE_JEMALLOC=1 -DHAVE_DAEMON=1 -DHAVE_FORKPTY=1 -DHAVE___PROGNAME=1 -DBROKEN___DEAD=1 -DBROKEN_CMSG_FIRSTHDR=1 -I.  -I/opt/homebrew/Cellar/jemalloc/5.4.0/include -I/opt/homebrew/Cellar/utf8proc/2.12.0/include -DUTF8PROC_EXPORTS -D_DARWIN_C_SOURCE -DNCURSES_WIDECHAR -I/opt/homebrew/Cellar/ncurses/6.6/include/ncursesw -I/opt/homebrew/Cellar/ncurses/6.6/include -I/opt/homebrew/Cellar/libevent/2.1.13/include -DTMUX_VERSION='"3.7c"' -DTMUX_CONF='"/etc/tmux.conf:~/.tmux.conf:$XDG_CONFIG_HOME/tmux/tmux.conf:~/.config/tmux/tmux.conf"' -DTMUX_LOCK_CMD='"lock -np"' -DTMUX_TERM='"tmux-256color"'  -iquote.        -std=gnu99 -O2       -MT cmd-break-pane.o -MD -MP -MF $depbase.Tpo -c -o cmd-break-pane.o cmd-break-pane.c &&\
	mv -f $depbase.Tpo $depbase.Po
depbase=`echo cmd-capture-pane.o | sed 's|[^/]*$|.deps/&|;s|\.o$||'`;\
	gcc -std=gnu23 -DPACKAGE_NAME=\"tmux\" -DPACKAGE_TARNAME=\"tmux\" -DPACKAGE_VERSION=\"3.7c\" -DPACKAGE_STRING=\"tmux\ 3.7c\" -DPACKAGE_BUGREPORT=\"\" -DPACKAGE_URL=\"\" -DPACKAGE=\"tmux\" -DVERSION=\"3.7c\" -DHAVE_STDIO_H=1 -DHAVE_STDLIB_H=1 -DHAVE_STRING_H=1 -DHAVE_INTTYPES_H=1 -DHAVE_STDINT_H=1 -DHAVE_STRINGS_H=1 -DHAVE_SYS_STAT_H=1 -DHAVE_SYS_TYPES_H=1 -DHAVE_UNISTD_H=1 -DHAVE_WCHAR_H=1 -DSTDC_HEADERS=1 -D_ALL_SOURCE=1 -D_COSMO_SOURCE=1 -D_DARWIN_C_SOURCE=1 -D_GNU_SOURCE=1 -D_HPUX_ALT_XOPEN_SOCKET_API=1 -D_NETBSD_SOURCE=1 -D_OPENBSD_SOURCE=1 -D_POSIX_PTHREAD_SEMANTICS=1 -D__STDC_WANT_IEC_60559_ATTRIBS_EXT__=1 -D__STDC_WANT_IEC_60559_BFP_EXT__=1 -D__STDC_WANT_IEC_60559_DFP_EXT__=1 -D__STDC_WANT_IEC_60559_EXT__=1 -D__STDC_WANT_IEC_60559_FUNCS_EXT__=1 -D__STDC_WANT_IEC_60559_TYPES_EXT__=1 -D__STDC_WANT_LIB_EXT2__=1 -D__STDC_WANT_MATH_SPEC_FUNCS__=1 -D_TANDEM_SOURCE=1 -D__EXTENSIONS__=1 -DHAVE_BITSTRING_H=1 -DHAVE_DIRENT_H=1 -DHAVE_FCNTL_H=1 -DHAVE_INTTYPES_H=1 -DHAVE_LIBPROC_H=1 -DHAVE_PATHS_H=1 -DHAVE_STDINT_H=1 -DHAVE_SYS_DIR_H=1 -DHAVE_UTIL_H=1 -DHAVE_SYS_SIGNAME=1 -DHAVE_LIBM=1 -DHAVE_DIRFD=1 -DHAVE_FLOCK=1 -DHAVE_PROC_PIDINFO=1 -DHAVE_SYSCONF=1 -DHAVE_ASPRINTF=1 -DHAVE_CFMAKERAW=1 -DHAVE_CLOCK_GETTIME=1 -DHAVE_FGETLN=1 -DHAVE_GETDTABLESIZE=1 -DHAVE_GETPEEREID=1 -DHAVE_GETLINE=1 -DHAVE_GETPROGNAME=1 -DHAVE_MEMMEM=1 -DHAVE_SETENV=1 -DHAVE_STRCASESTR=1 -DHAVE_STRLCAT=1 -DHAVE_STRLCPY=1 -DHAVE_STRNDUP=1 -DHAVE_STRSEP=1 -DHAVE_STRTONUM=1 -DHAVE_EVENT2_EVENT_H=1 -DHAVE_NCURSES_H=1 -DHAVE_TIPARM=1 -DHAVE_TIPARM_S=1 -DHAVE_UTF8PROC=1 -DHAVE_B64_NTOP=1 -DHAVE_JEMALLOC=1 -DHAVE_DAEMON=1 -DHAVE_FORKPTY=1 -DHAVE___PROGNAME=1 -DBROKEN___DEAD=1 -DBROKEN_CMSG_FIRSTHDR=1 -I.  -I/opt/homebrew/Cellar/jemalloc/5.4.0/include -I/opt/homebrew/Cellar/utf8proc/2.12.0/include -DUTF8PROC_EXPORTS -D_DARWIN_C_SOURCE -DNCURSES_WIDECHAR -I/opt/homebrew/Cellar/ncurses/6.6/include/ncursesw -I/opt/homebrew/Cellar/ncurses/6.6/include -I/opt/homebrew/Cellar/libevent/2.1.13/include -DTMUX_VERSION='"3.7c"' -DTMUX_CONF='"/etc/tmux.conf:~/.tmux.conf:$XDG_CONFIG_HOME/tmux/tmux.conf:~/.config/tmux/tmux.conf"' -DTMUX_LOCK_CMD='"lock -np"' -DTMUX_TERM='"tmux-256color"'  -iquote.        -std=gnu99 -O2       -MT cmd-capture-pane.o -MD -MP -MF $depbase.Tpo -c -o cmd-capture-pane.o cmd-capture-pane.c &&\
	mv -f $depbase.Tpo $depbase.Po
depbase=`echo cmd-choose-tree.o | sed 's|[^/]*$|.deps/&|;s|\.o$||'`;\
	gcc -std=gnu23 -DPACKAGE_NAME=\"tmux\" -DPACKAGE_TARNAME=\"tmux\" -DPACKAGE_VERSION=\"3.7c\" -DPACKAGE_STRING=\"tmux\ 3.7c\" -DPACKAGE_BUGREPORT=\"\" -DPACKAGE_URL=\"\" -DPACKAGE=\"tmux\" -DVERSION=\"3.7c\" -DHAVE_STDIO_H=1 -DHAVE_STDLIB_H=1 -DHAVE_STRING_H=1 -DHAVE_INTTYPES_H=1 -DHAVE_STDINT_H=1 -DHAVE_STRINGS_H=1 -DHAVE_SYS_STAT_H=1 -DHAVE_SYS_TYPES_H=1 -DHAVE_UNISTD_H=1 -DHAVE_WCHAR_H=1 -DSTDC_HEADERS=1 -D_ALL_SOURCE=1 -D_COSMO_SOURCE=1 -D_DARWIN_C_SOURCE=1 -D_GNU_SOURCE=1 -D_HPUX_ALT_XOPEN_SOCKET_API=1 -D_NETBSD_SOURCE=1 -D_OPENBSD_SOURCE=1 -D_POSIX_PTHREAD_SEMANTICS=1 -D__STDC_WANT_IEC_60559_ATTRIBS_EXT__=1 -D__STDC_WANT_IEC_60559_BFP_EXT__=1 -D__STDC_WANT_IEC_60559_DFP_EXT__=1 -D__STDC_WANT_IEC_60559_EXT__=1 -D__STDC_WANT_IEC_60559_FUNCS_EXT__=1 -D__STDC_WANT_IEC_60559_TYPES_EXT__=1 -D__STDC_WANT_LIB_EXT2__=1 -D__STDC_WANT_MATH_SPEC_FUNCS__=1 -D_TANDEM_SOURCE=1 -D__EXTENSIONS__=1 -DHAVE_BITSTRING_H=1 -DHAVE_DIRENT_H=1 -DHAVE_FCNTL_H=1 -DHAVE_INTTYPES_H=1 -DHAVE_LIBPROC_H=1 -DHAVE_PATHS_H=1 -DHAVE_STDINT_H=1 -DHAVE_SYS_DIR_H=1 -DHAVE_UTIL_H=1 -DHAVE_SYS_SIGNAME=1 -DHAVE_LIBM=1 -DHAVE_DIRFD=1 -DHAVE_FLOCK=1 -DHAVE_PROC_PIDINFO=1 -DHAVE_SYSCONF=1 -DHAVE_ASPRINTF=1 -DHAVE_CFMAKERAW=1 -DHAVE_CLOCK_GETTIME=1 -DHAVE_FGETLN=1 -DHAVE_GETDTABLESIZE=1 -DHAVE_GETPEEREID=1 -DHAVE_GETLINE=1 -DHAVE_GETPROGNAME=1 -DHAVE_MEMMEM=1 -DHAVE_SETENV=1 -DHAVE_STRCASESTR=1 -DHAVE_STRLCAT=1 -DHAVE_STRLCPY=1 -DHAVE_STRNDUP=1 -DHAVE_STRSEP=1 -DHAVE_STRTONUM=1 -DHAVE_EVENT2_EVENT_H=1 -DHAVE_NCURSES_H=1 -DHAVE_TIPARM=1 -DHAVE_TIPARM_S=1 -DHAVE_UTF8PROC=1 -DHAVE_B64_NTOP=1 -DHAVE_JEMALLOC=1 -DHAVE_DAEMON=1 -DHAVE_FORKPTY=1 -DHAVE___PROGNAME=1 -DBROKEN___DEAD=1 -DBROKEN_CMSG_FIRSTHDR=1 -I.  -I/opt/homebrew/Cellar/jemalloc/5.4.0/include -I/opt/homebrew/Cellar/utf8proc/2.12.0/include -DUTF8PROC_EXPORTS -D_DARWIN_C_SOURCE -DNCURSES_WIDECHAR -I/opt/homebrew/Cellar/ncurses/6.6/include/ncursesw -I/opt/homebrew/Cellar/ncurses/6.6/include -I/opt/homebrew/Cellar/libevent/2.1.13/include -DTMUX_VERSION='"3.7c"' -DTMUX_CONF='"/etc/tmux.conf:~/.tmux.conf:$XDG_CONFIG_HOME/tmux/tmux.conf:~/.config/tmux/tmux.conf"' -DTMUX_LOCK_CMD='"lock -np"' -DTMUX_TERM='"tmux-256color"'  -iquote.        -std=gnu99 -O2       -MT cmd-choose-tree.o -MD -MP -MF $depbase.Tpo -c -o cmd-choose-tree.o cmd-choose-tree.c &&\
	mv -f $depbase.Tpo $depbase.Po
cmd-capture-pane.c:92:7: warning: assigning to 'char *' from 'unsigned char *' converts between pointers to integer types where one is of the unique plain 'char' type and the other is not [-Wpointer-sign]
   92 |         line = EVBUFFER_DATA(pending);
      |              ^ ~~~~~~~~~~~~~~~~~~~~~~
depbase=`echo cmd-command-prompt.o | sed 's|[^/]*$|.deps/&|;s|\.o$||'`;\
	gcc -std=gnu23 -DPACKAGE_NAME=\"tmux\" -DPACKAGE_TARNAME=\"tmux\" -DPACKAGE_VERSION=\"3.7c\" -DPACKAGE_STRING=\"tmux\ 3.7c\" -DPACKAGE_BUGREPORT=\"\" -DPACKAGE_URL=\"\" -DPACKAGE=\"tmux\" -DVERSION=\"3.7c\" -DHAVE_STDIO_H=1 -DHAVE_STDLIB_H=1 -DHAVE_STRING_H=1 -DHAVE_INTTYPES_H=1 -DHAVE_STDINT_H=1 -DHAVE_STRINGS_H=1 -DHAVE_SYS_STAT_H=1 -DHAVE_SYS_TYPES_H=1 -DHAVE_UNISTD_H=1 -DHAVE_WCHAR_H=1 -DSTDC_HEADERS=1 -D_ALL_SOURCE=1 -D_COSMO_SOURCE=1 -D_DARWIN_C_SOURCE=1 -D_GNU_SOURCE=1 -D_HPUX_ALT_XOPEN_SOCKET_API=1 -D_NETBSD_SOURCE=1 -D_OPENBSD_SOURCE=1 -D_POSIX_PTHREAD_SEMANTICS=1 -D__STDC_WANT_IEC_60559_ATTRIBS_EXT__=1 -D__STDC_WANT_IEC_60559_BFP_EXT__=1 -D__STDC_WANT_IEC_60559_DFP_EXT__=1 -D__STDC_WANT_IEC_60559_EXT__=1 -D__STDC_WANT_IEC_60559_FUNCS_EXT__=1 -D__STDC_WANT_IEC_60559_TYPES_EXT__=1 -D__STDC_WANT_LIB_EXT2__=1 -D__STDC_WANT_MATH_SPEC_FUNCS__=1 -D_TANDEM_SOURCE=1 -D__EXTENSIONS__=1 -DHAVE_BITSTRING_H=1 -DHAVE_DIRENT_H=1 -DHAVE_FCNTL_H=1 -DHAVE_INTTYPES_H=1 -DHAVE_LIBPROC_H=1 -DHAVE_PATHS_H=1 -DHAVE_STDINT_H=1 -DHAVE_SYS_DIR_H=1 -DHAVE_UTIL_H=1 -DHAVE_SYS_SIGNAME=1 -DHAVE_LIBM=1 -DHAVE_DIRFD=1 -DHAVE_FLOCK=1 -DHAVE_PROC_PIDINFO=1 -DHAVE_SYSCONF=1 -DHAVE_ASPRINTF=1 -DHAVE_CFMAKERAW=1 -DHAVE_CLOCK_GETTIME=1 -DHAVE_FGETLN=1 -DHAVE_GETDTABLESIZE=1 -DHAVE_GETPEEREID=1 -DHAVE_GETLINE=1 -DHAVE_GETPROGNAME=1 -DHAVE_MEMMEM=1 -DHAVE_SETENV=1 -DHAVE_STRCASESTR=1 -DHAVE_STRLCAT=1 -DHAVE_STRLCPY=1 -DHAVE_STRNDUP=1 -DHAVE_STRSEP=1 -DHAVE_STRTONUM=1 -DHAVE_EVENT2_EVENT_H=1 -DHAVE_NCURSES_H=1 -DHAVE_TIPARM=1 -DHAVE_TIPARM_S=1 -DHAVE_UTF8PROC=1 -DHAVE_B64_NTOP=1 -DHAVE_JEMALLOC=1 -DHAVE_DAEMON=1 -DHAVE_FORKPTY=1 -DHAVE___PROGNAME=1 -DBROKEN___DEAD=1 -DBROKEN_CMSG_FIRSTHDR=1 -I.  -I/opt/homebrew/Cellar/jemalloc/5.4.0/include -I/opt/homebrew/Cellar/utf8proc/2.12.0/include -DUTF8PROC_EXPORTS -D_DARWIN_C_SOURCE -DNCURSES_WIDECHAR -I/opt/homebrew/Cellar/ncurses/6.6/include/ncursesw -I/opt/homebrew/Cellar/ncurses/6.6/include -I/opt/homebrew/Cellar/libevent/2.1.13/include -DTMUX_VERSION='"3.7c"' -DTMUX_CONF='"/etc/tmux.conf:~/.tmux.conf:$XDG_CONFIG_HOME/tmux/tmux.conf:~/.config/tmux/tmux.conf"' -DTMUX_LOCK_CMD='"lock -np"' -DTMUX_TERM='"tmux-256color"'  -iquote.        -std=gnu99 -O2       -MT cmd-command-prompt.o -MD -MP -MF $depbase.Tpo -c -o cmd-command-prompt.o cmd-command-prompt.c &&\
	mv -f $depbase.Tpo $depbase.Po
1 warning generated.
depbase=`echo cmd-confirm-before.o | sed 's|[^/]*$|.deps/&|;s|\.o$||'`;\
	gcc -std=gnu23 -DPACKAGE_NAME=\"tmux\" -DPACKAGE_TARNAME=\"tmux\" -DPACKAGE_VERSION=\"3.7c\" -DPACKAGE_STRING=\"tmux\ 3.7c\" -DPACKAGE_BUGREPORT=\"\" -DPACKAGE_URL=\"\" -DPACKAGE=\"tmux\" -DVERSION=\"3.7c\" -DHAVE_STDIO_H=1 -DHAVE_STDLIB_H=1 -DHAVE_STRING_H=1 -DHAVE_INTTYPES_H=1 -DHAVE_STDINT_H=1 -DHAVE_STRINGS_H=1 -DHAVE_SYS_STAT_H=1 -DHAVE_SYS_TYPES_H=1 -DHAVE_UNISTD_H=1 -DHAVE_WCHAR_H=1 -DSTDC_HEADERS=1 -D_ALL_SOURCE=1 -D_COSMO_SOURCE=1 -D_DARWIN_C_SOURCE=1 -D_GNU_SOURCE=1 -D_HPUX_ALT_XOPEN_SOCKET_API=1 -D_NETBSD_SOURCE=1 -D_OPENBSD_SOURCE=1 -D_POSIX_PTHREAD_SEMANTICS=1 -D__STDC_WANT_IEC_60559_ATTRIBS_EXT__=1 -D__STDC_WANT_IEC_60559_BFP_EXT__=1 -D__STDC_WANT_IEC_60559_DFP_EXT__=1 -D__STDC_WANT_IEC_60559_EXT__=1 -D__STDC_WANT_IEC_60559_FUNCS_EXT__=1 -D__STDC_WANT_IEC_60559_TYPES_EXT__=1 -D__STDC_WANT_LIB_EXT2__=1 -D__STDC_WANT_MATH_SPEC_FUNCS__=1 -D_TANDEM_SOURCE=1 -D__EXTENSIONS__=1 -DHAVE_BITSTRING_H=1 -DHAVE_DIRENT_H=1 -DHAVE_FCNTL_H=1 -DHAVE_INTTYPES_H=1 -DHAVE_LIBPROC_H=1 -DHAVE_PATHS_H=1 -DHAVE_STDINT_H=1 -DHAVE_SYS_DIR_H=1 -DHAVE_UTIL_H=1 -DHAVE_SYS_SIGNAME=1 -DHAVE_LIBM=1 -DHAVE_DIRFD=1 -DHAVE_FLOCK=1 -DHAVE_PROC_PIDINFO=1 -DHAVE_SYSCONF=1 -DHAVE_ASPRINTF=1 -DHAVE_CFMAKERAW=1 -DHAVE_CLOCK_GETTIME=1 -DHAVE_FGETLN=1 -DHAVE_GETDTABLESIZE=1 -DHAVE_GETPEEREID=1 -DHAVE_GETLINE=1 -DHAVE_GETPROGNAME=1 -DHAVE_MEMMEM=1 -DHAVE_SETENV=1 -DHAVE_STRCASESTR=1 -DHAVE_STRLCAT=1 -DHAVE_STRLCPY=1 -DHAVE_STRNDUP=1 -DHAVE_STRSEP=1 -DHAVE_STRTONUM=1 -DHAVE_EVENT2_EVENT_H=1 -DHAVE_NCURSES_H=1 -DHAVE_TIPARM=1 -DHAVE_TIPARM_S=1 -DHAVE_UTF8PROC=1 -DHAVE_B64_NTOP=1 -DHAVE_JEMALLOC=1 -DHAVE_DAEMON=1 -DHAVE_FORKPTY=1 -DHAVE___PROGNAME=1 -DBROKEN___DEAD=1 -DBROKEN_CMSG_FIRSTHDR=1 -I.  -I/opt/homebrew/Cellar/jemalloc/5.4.0/include -I/opt/homebrew/Cellar/utf8proc/2.12.0/include -DUTF8PROC_EXPORTS -D_DARWIN_C_SOURCE -DNCURSES_WIDECHAR -I/opt/homebrew/Cellar/ncurses/6.6/include/ncursesw -I/opt/homebrew/Cellar/ncurses/6.6/include -I/opt/homebrew/Cellar/libevent/2.1.13/include -DTMUX_VERSION='"3.7c"' -DTMUX_CONF='"/etc/tmux.conf:~/.tmux.conf:$XDG_CONFIG_HOME/tmux/tmux.conf:~/.config/tmux/tmux.conf"' -DTMUX_LOCK_CMD='"lock -np"' -DTMUX_TERM='"tmux-256color"'  -iquote.        -std=gnu99 -O2       -MT cmd-confirm-before.o -MD -MP -MF $depbase.Tpo -c -o cmd-confirm-before.o cmd-confirm-before.c &&\
	mv -f $depbase.Tpo $depbase.Po
depbase=`echo cmd-copy-mode.o | sed 's|[^/]*$|.deps/&|;s|\.o$||'`;\
	gcc -std=gnu23 -DPACKAGE_NAME=\"tmux\" -DPACKAGE_TARNAME=\"tmux\" -DPACKAGE_VERSION=\"3.7c\" -DPACKAGE_STRING=\"tmux\ 3.7c\" -DPACKAGE_BUGREPORT=\"\" -DPACKAGE_URL=\"\" -DPACKAGE=\"tmux\" -DVERSION=\"3.7c\" -DHAVE_STDIO_H=1 -DHAVE_STDLIB_H=1 -DHAVE_STRING_H=1 -DHAVE_INTTYPES_H=1 -DHAVE_STDINT_H=1 -DHAVE_STRINGS_H=1 -DHAVE_SYS_STAT_H=1 -DHAVE_SYS_TYPES_H=1 -DHAVE_UNISTD_H=1 -DHAVE_WCHAR_H=1 -DSTDC_HEADERS=1 -D_ALL_SOURCE=1 -D_COSMO_SOURCE=1 -D_DARWIN_C_SOURCE=1 -D_GNU_SOURCE=1 -D_HPUX_ALT_XOPEN_SOCKET_API=1 -D_NETBSD_SOURCE=1 -D_OPENBSD_SOURCE=1 -D_POSIX_PTHREAD_SEMANTICS=1 -D__STDC_WANT_IEC_60559_ATTRIBS_EXT__=1 -D__STDC_WANT_IEC_60559_BFP_EXT__=1 -D__STDC_WANT_IEC_60559_DFP_EXT__=1 -D__STDC_WANT_IEC_60559_EXT__=1 -D__STDC_WANT_IEC_60559_FUNCS_EXT__=1 -D__STDC_WANT_IEC_60559_TYPES_EXT__=1 -D__STDC_WANT_LIB_EXT2__=1 -D__STDC_WANT_MATH_SPEC_FUNCS__=1 -D_TANDEM_SOURCE=1 -D__EXTENSIONS__=1 -DHAVE_BITSTRING_H=1 -DHAVE_DIRENT_H=1 -DHAVE_FCNTL_H=1 -DHAVE_INTTYPES_H=1 -DHAVE_LIBPROC_H=1 -DHAVE_PATHS_H=1 -DHAVE_STDINT_H=1 -DHAVE_SYS_DIR_H=1 -DHAVE_UTIL_H=1 -DHAVE_SYS_SIGNAME=1 -DHAVE_LIBM=1 -DHAVE_DIRFD=1 -DHAVE_FLOCK=1 -DHAVE_PROC_PIDINFO=1 -DHAVE_SYSCONF=1 -DHAVE_ASPRINTF=1 -DHAVE_CFMAKERAW=1 -DHAVE_CLOCK_GETTIME=1 -DHAVE_FGETLN=1 -DHAVE_GETDTABLESIZE=1 -DHAVE_GETPEEREID=1 -DHAVE_GETLINE=1 -DHAVE_GETPROGNAME=1 -DHAVE_MEMMEM=1 -DHAVE_SETENV=1 -DHAVE_STRCASESTR=1 -DHAVE_STRLCAT=1 -DHAVE_STRLCPY=1 -DHAVE_STRNDUP=1 -DHAVE_STRSEP=1 -DHAVE_STRTONUM=1 -DHAVE_EVENT2_EVENT_H=1 -DHAVE_NCURSES_H=1 -DHAVE_TIPARM=1 -DHAVE_TIPARM_S=1 -DHAVE_UTF8PROC=1 -DHAVE_B64_NTOP=1 -DHAVE_JEMALLOC=1 -DHAVE_DAEMON=1 -DHAVE_FORKPTY=1 -DHAVE___PROGNAME=1 -DBROKEN___DEAD=1 -DBROKEN_CMSG_FIRSTHDR=1 -I.  -I/opt/homebrew/Cellar/jemalloc/5.4.0/include -I/opt/homebrew/Cellar/utf8proc/2.12.0/include -DUTF8PROC_EXPORTS -D_DARWIN_C_SOURCE -DNCURSES_WIDECHAR -I/opt/homebrew/Cellar/ncurses/6.6/include/ncursesw -I/opt/homebrew/Cellar/ncurses/6.6/include -I/opt/homebrew/Cellar/libevent/2.1.13/include -DTMUX_VERSION='"3.7c"' -DTMUX_CONF='"/etc/tmux.conf:~/.tmux.conf:$XDG_CONFIG_HOME/tmux/tmux.conf:~/.config/tmux/tmux.conf"' -DTMUX_LOCK_CMD='"lock -np"' -DTMUX_TERM='"tmux-256color"'  -iquote.        -std=gnu99 -O2       -MT cmd-copy-mode.o -MD -MP -MF $depbase.Tpo -c -o cmd-copy-mode.o cmd-copy-mode.c &&\
	mv -f $depbase.Tpo $depbase.Po
depbase=`echo cmd-detach-client.o | sed 's|[^/]*$|.deps/&|;s|\.o$||'`;\
	gcc -std=gnu23 -DPACKAGE_NAME=\"tmux\" -DPACKAGE_TARNAME=\"tmux\" -DPACKAGE_VERSION=\"3.7c\" -DPACKAGE_STRING=\"tmux\ 3.7c\" -DPACKAGE_BUGREPORT=\"\" -DPACKAGE_URL=\"\" -DPACKAGE=\"tmux\" -DVERSION=\"3.7c\" -DHAVE_STDIO_H=1 -DHAVE_STDLIB_H=1 -DHAVE_STRING_H=1 -DHAVE_INTTYPES_H=1 -DHAVE_STDINT_H=1 -DHAVE_STRINGS_H=1 -DHAVE_SYS_STAT_H=1 -DHAVE_SYS_TYPES_H=1 -DHAVE_UNISTD_H=1 -DHAVE_WCHAR_H=1 -DSTDC_HEADERS=1 -D_ALL_SOURCE=1 -D_COSMO_SOURCE=1 -D_DARWIN_C_SOURCE=1 -D_GNU_SOURCE=1 -D_HPUX_ALT_XOPEN_SOCKET_API=1 -D_NETBSD_SOURCE=1 -D_OPENBSD_SOURCE=1 -D_POSIX_PTHREAD_SEMANTICS=1 -D__STDC_WANT_IEC_60559_ATTRIBS_EXT__=1 -D__STDC_WANT_IEC_60559_BFP_EXT__=1 -D__STDC_WANT_IEC_60559_DFP_EXT__=1 -D__STDC_WANT_IEC_60559_EXT__=1 -D__STDC_WANT_IEC_60559_FUNCS_EXT__=1 -D__STDC_WANT_IEC_60559_TYPES_EXT__=1 -D__STDC_WANT_LIB_EXT2__=1 -D__STDC_WANT_MATH_SPEC_FUNCS__=1 -D_TANDEM_SOURCE=1 -D__EXTENSIONS__=1 -DHAVE_BITSTRING_H=1 -DHAVE_DIRENT_H=1 -DHAVE_FCNTL_H=1 -DHAVE_INTTYPES_H=1 -DHAVE_LIBPROC_H=1 -DHAVE_PATHS_H=1 -DHAVE_STDINT_H=1 -DHAVE_SYS_DIR_H=1 -DHAVE_UTIL_H=1 -DHAVE_SYS_SIGNAME=1 -DHAVE_LIBM=1 -DHAVE_DIRFD=1 -DHAVE_FLOCK=1 -DHAVE_PROC_PIDINFO=1 -DHAVE_SYSCONF=1 -DHAVE_ASPRINTF=1 -DHAVE_CFMAKERAW=1 -DHAVE_CLOCK_GETTIME=1 -DHAVE_FGETLN=1 -DHAVE_GETDTABLESIZE=1 -DHAVE_GETPEEREID=1 -DHAVE_GETLINE=1 -DHAVE_GETPROGNAME=1 -DHAVE_MEMMEM=1 -DHAVE_SETENV=1 -DHAVE_STRCASESTR=1 -DHAVE_STRLCAT=1 -DHAVE_STRLCPY=1 -DHAVE_STRNDUP=1 -DHAVE_STRSEP=1 -DHAVE_STRTONUM=1 -DHAVE_EVENT2_EVENT_H=1 -DHAVE_NCURSES_H=1 -DHAVE_TIPARM=1 -DHAVE_TIPARM_S=1 -DHAVE_UTF8PROC=1 -DHAVE_B64_NTOP=1 -DHAVE_JEMALLOC=1 -DHAVE_DAEMON=1 -DHAVE_FORKPTY=1 -DHAVE___PROGNAME=1 -DBROKEN___DEAD=1 -DBROKEN_CMSG_FIRSTHDR=1 -I.  -I/opt/homebrew/Cellar/jemalloc/5.4.0/include -I/opt/homebrew/Cellar/utf8proc/2.12.0/include -DUTF8PROC_EXPORTS -D_DARWIN_C_SOURCE -DNCURSES_WIDECHAR -I/opt/homebrew/Cellar/ncurses/6.6/include/ncursesw -I/opt/homebrew/Cellar/ncurses/6.6/include -I/opt/homebrew/Cellar/libevent/2.1.13/include -DTMUX_VERSION='"3.7c"' -DTMUX_CONF='"/etc/tmux.conf:~/.tmux.conf:$XDG_CONFIG_HOME/tmux/tmux.conf:~/.config/tmux/tmux.conf"' -DTMUX_LOCK_CMD='"lock -np"' -DTMUX_TERM='"tmux-256color"'  -iquote.        -std=gnu99 -O2       -MT cmd-detach-client.o -MD -MP -MF $depbase.Tpo -c -o cmd-detach-client.o cmd-detach-client.c &&\
	mv -f $depbase.Tpo $depbase.Po
depbase=`echo cmd-display-menu.o | sed 's|[^/]*$|.deps/&|;s|\.o$||'`;\
	gcc -std=gnu23 -DPACKAGE_NAME=\"tmux\" -DPACKAGE_TARNAME=\"tmux\" -DPACKAGE_VERSION=\"3.7c\" -DPACKAGE_STRING=\"tmux\ 3.7c\" -DPACKAGE_BUGREPORT=\"\" -DPACKAGE_URL=\"\" -DPACKAGE=\"tmux\" -DVERSION=\"3.7c\" -DHAVE_STDIO_H=1 -DHAVE_STDLIB_H=1 -DHAVE_STRING_H=1 -DHAVE_INTTYPES_H=1 -DHAVE_STDINT_H=1 -DHAVE_STRINGS_H=1 -DHAVE_SYS_STAT_H=1 -DHAVE_SYS_TYPES_H=1 -DHAVE_UNISTD_H=1 -DHAVE_WCHAR_H=1 -DSTDC_HEADERS=1 -D_ALL_SOURCE=1 -D_COSMO_SOURCE=1 -D_DARWIN_C_SOURCE=1 -D_GNU_SOURCE=1 -D_HPUX_ALT_XOPEN_SOCKET_API=1 -D_NETBSD_SOURCE=1 -D_OPENBSD_SOURCE=1 -D_POSIX_PTHREAD_SEMANTICS=1 -D__STDC_WANT_IEC_60559_ATTRIBS_EXT__=1 -D__STDC_WANT_IEC_60559_BFP_EXT__=1 -D__STDC_WANT_IEC_60559_DFP_EXT__=1 -D__STDC_WANT_IEC_60559_EXT__=1 -D__STDC_WANT_IEC_60559_FUNCS_EXT__=1 -D__STDC_WANT_IEC_60559_TYPES_EXT__=1 -D__STDC_WANT_LIB_EXT2__=1 -D__STDC_WANT_MATH_SPEC_FUNCS__=1 -D_TANDEM_SOURCE=1 -D__EXTENSIONS__=1 -DHAVE_BITSTRING_H=1 -DHAVE_DIRENT_H=1 -DHAVE_FCNTL_H=1 -DHAVE_INTTYPES_H=1 -DHAVE_LIBPROC_H=1 -DHAVE_PATHS_H=1 -DHAVE_STDINT_H=1 -DHAVE_SYS_DIR_H=1 -DHAVE_UTIL_H=1 -DHAVE_SYS_SIGNAME=1 -DHAVE_LIBM=1 -DHAVE_DIRFD=1 -DHAVE_FLOCK=1 -DHAVE_PROC_PIDINFO=1 -DHAVE_SYSCONF=1 -DHAVE_ASPRINTF=1 -DHAVE_CFMAKERAW=1 -DHAVE_CLOCK_GETTIME=1 -DHAVE_FGETLN=1 -DHAVE_GETDTABLESIZE=1 -DHAVE_GETPEEREID=1 -DHAVE_GETLINE=1 -DHAVE_GETPROGNAME=1 -DHAVE_MEMMEM=1 -DHAVE_SETENV=1 -DHAVE_STRCASESTR=1 -DHAVE_STRLCAT=1 -DHAVE_STRLCPY=1 -DHAVE_STRNDUP=1 -DHAVE_STRSEP=1 -DHAVE_STRTONUM=1 -DHAVE_EVENT2_EVENT_H=1 -DHAVE_NCURSES_H=1 -DHAVE_TIPARM=1 -DHAVE_TIPARM_S=1 -DHAVE_UTF8PROC=1 -DHAVE_B64_NTOP=1 -DHAVE_JEMALLOC=1 -DHAVE_DAEMON=1 -DHAVE_FORKPTY=1 -DHAVE___PROGNAME=1 -DBROKEN___DEAD=1 -DBROKEN_CMSG_FIRSTHDR=1 -I.  -I/opt/homebrew/Cellar/jemalloc/5.4.0/include -I/opt/homebrew/Cellar/utf8proc/2.12.0/include -DUTF8PROC_EXPORTS -D_DARWIN_C_SOURCE -DNCURSES_WIDECHAR -I/opt/homebrew/Cellar/ncurses/6.6/include/ncursesw -I/opt/homebrew/Cellar/ncurses/6.6/include -I/opt/homebrew/Cellar/libevent/2.1.13/include -DTMUX_VERSION='"3.7c"' -DTMUX_CONF='"/etc/tmux.conf:~/.tmux.conf:$XDG_CONFIG_HOME/tmux/tmux.conf:~/.config/tmux/tmux.conf"' -DTMUX_LOCK_CMD='"lock -np"' -DTMUX_TERM='"tmux-256color"'  -iquote.        -std=gnu99 -O2       -MT cmd-display-menu.o -MD -MP -MF $depbase.Tpo -c -o cmd-display-menu.o cmd-display-menu.c &&\
	mv -f $depbase.Tpo $depbase.Po
depbase=`echo cmd-display-message.o | sed 's|[^/]*$|.deps/&|;s|\.o$||'`;\
	gcc -std=gnu23 -DPACKAGE_NAME=\"tmux\" -DPACKAGE_TARNAME=\"tmux\" -DPACKAGE_VERSION=\"3.7c\" -DPACKAGE_STRING=\"tmux\ 3.7c\" -DPACKAGE_BUGREPORT=\"\" -DPACKAGE_URL=\"\" -DPACKAGE=\"tmux\" -DVERSION=\"3.7c\" -DHAVE_STDIO_H=1 -DHAVE_STDLIB_H=1 -DHAVE_STRING_H=1 -DHAVE_INTTYPES_H=1 -DHAVE_STDINT_H=1 -DHAVE_STRINGS_H=1 -DHAVE_SYS_STAT_H=1 -DHAVE_SYS_TYPES_H=1 -DHAVE_UNISTD_H=1 -DHAVE_WCHAR_H=1 -DSTDC_HEADERS=1 -D_ALL_SOURCE=1 -D_COSMO_SOURCE=1 -D_DARWIN_C_SOURCE=1 -D_GNU_SOURCE=1 -D_HPUX_ALT_XOPEN_SOCKET_API=1 -D_NETBSD_SOURCE=1 -D_OPENBSD_SOURCE=1 -D_POSIX_PTHREAD_SEMANTICS=1 -D__STDC_WANT_IEC_60559_ATTRIBS_EXT__=1 -D__STDC_WANT_IEC_60559_BFP_EXT__=1 -D__STDC_WANT_IEC_60559_DFP_EXT__=1 -D__STDC_WANT_IEC_60559_EXT__=1 -D__STDC_WANT_IEC_60559_FUNCS_EXT__=1 -D__STDC_WANT_IEC_60559_TYPES_EXT__=1 -D__STDC_WANT_LIB_EXT2__=1 -D__STDC_WANT_MATH_SPEC_FUNCS__=1 -D_TANDEM_SOURCE=1 -D__EXTENSIONS__=1 -DHAVE_BITSTRING_H=1 -DHAVE_DIRENT_H=1 -DHAVE_FCNTL_H=1 -DHAVE_INTTYPES_H=1 -DHAVE_LIBPROC_H=1 -DHAVE_PATHS_H=1 -DHAVE_STDINT_H=1 -DHAVE_SYS_DIR_H=1 -DHAVE_UTIL_H=1 -DHAVE_SYS_SIGNAME=1 -DHAVE_LIBM=1 -DHAVE_DIRFD=1 -DHAVE_FLOCK=1 -DHAVE_PROC_PIDINFO=1 -DHAVE_SYSCONF=1 -DHAVE_ASPRINTF=1 -DHAVE_CFMAKERAW=1 -DHAVE_CLOCK_GETTIME=1 -DHAVE_FGETLN=1 -DHAVE_GETDTABLESIZE=1 -DHAVE_GETPEEREID=1 -DHAVE_GETLINE=1 -DHAVE_GETPROGNAME=1 -DHAVE_MEMMEM=1 -DHAVE_SETENV=1 -DHAVE_STRCASESTR=1 -DHAVE_STRLCAT=1 -DHAVE_STRLCPY=1 -DHAVE_STRNDUP=1 -DHAVE_STRSEP=1 -DHAVE_STRTONUM=1 -DHAVE_EVENT2_EVENT_H=1 -DHAVE_NCURSES_H=1 -DHAVE_TIPARM=1 -DHAVE_TIPARM_S=1 -DHAVE_UTF8PROC=1 -DHAVE_B64_NTOP=1 -DHAVE_JEMALLOC=1 -DHAVE_DAEMON=1 -DHAVE_FORKPTY=1 -DHAVE___PROGNAME=1 -DBROKEN___DEAD=1 -DBROKEN_CMSG_FIRSTHDR=1 -I.  -I/opt/homebrew/Cellar/jemalloc/5.4.0/include -I/opt/homebrew/Cellar/utf8proc/2.12.0/include -DUTF8PROC_EXPORTS -D_DARWIN_C_SOURCE -DNCURSES_WIDECHAR -I/opt/homebrew/Cellar/ncurses/6.6/include/ncursesw -I/opt/homebrew/Cellar/ncurses/6.6/include -I/opt/homebrew/Cellar/libevent/2.1.13/include -DTMUX_VERSION='"3.7c"' -DTMUX_CONF='"/etc/tmux.conf:~/.tmux.conf:$XDG_CONFIG_HOME/tmux/tmux.conf:~/.config/tmux/tmux.conf"' -DTMUX_LOCK_CMD='"lock -np"' -DTMUX_TERM='"tmux-256color"'  -iquote.        -std=gnu99 -O2       -MT cmd-display-message.o -MD -MP -MF $depbase.Tpo -c -o cmd-display-message.o cmd-display-message.c &&\
	mv -f $depbase.Tpo $depbase.Po
depbase=`echo cmd-display-panes.o | sed 's|[^/]*$|.deps/&|;s|\.o$||'`;\
	gcc -std=gnu23 -DPACKAGE_NAME=\"tmux\" -DPACKAGE_TARNAME=\"tmux\" -DPACKAGE_VERSION=\"3.7c\" -DPACKAGE_STRING=\"tmux\ 3.7c\" -DPACKAGE_BUGREPORT=\"\" -DPACKAGE_URL=\"\" -DPACKAGE=\"tmux\" -DVERSION=\"3.7c\" -DHAVE_STDIO_H=1 -DHAVE_STDLIB_H=1 -DHAVE_STRING_H=1 -DHAVE_INTTYPES_H=1 -DHAVE_STDINT_H=1 -DHAVE_STRINGS_H=1 -DHAVE_SYS_STAT_H=1 -DHAVE_SYS_TYPES_H=1 -DHAVE_UNISTD_H=1 -DHAVE_WCHAR_H=1 -DSTDC_HEADERS=1 -D_ALL_SOURCE=1 -D_COSMO_SOURCE=1 -D_DARWIN_C_SOURCE=1 -D_GNU_SOURCE=1 -D_HPUX_ALT_XOPEN_SOCKET_API=1 -D_NETBSD_SOURCE=1 -D_OPENBSD_SOURCE=1 -D_POSIX_PTHREAD_SEMANTICS=1 -D__STDC_WANT_IEC_60559_ATTRIBS_EXT__=1 -D__STDC_WANT_IEC_60559_BFP_EXT__=1 -D__STDC_WANT_IEC_60559_DFP_EXT__=1 -D__STDC_WANT_IEC_60559_EXT__=1 -D__STDC_WANT_IEC_60559_FUNCS_EXT__=1 -D__STDC_WANT_IEC_60559_TYPES_EXT__=1 -D__STDC_WANT_LIB_EXT2__=1 -D__STDC_WANT_MATH_SPEC_FUNCS__=1 -D_TANDEM_SOURCE=1 -D__EXTENSIONS__=1 -DHAVE_BITSTRING_H=1 -DHAVE_DIRENT_H=1 -DHAVE_FCNTL_H=1 -DHAVE_INTTYPES_H=1 -DHAVE_LIBPROC_H=1 -DHAVE_PATHS_H=1 -DHAVE_STDINT_H=1 -DHAVE_SYS_DIR_H=1 -DHAVE_UTIL_H=1 -DHAVE_SYS_SIGNAME=1 -DHAVE_LIBM=1 -DHAVE_DIRFD=1 -DHAVE_FLOCK=1 -DHAVE_PROC_PIDINFO=1 -DHAVE_SYSCONF=1 -DHAVE_ASPRINTF=1 -DHAVE_CFMAKERAW=1 -DHAVE_CLOCK_GETTIME=1 -DHAVE_FGETLN=1 -DHAVE_GETDTABLESIZE=1 -DHAVE_GETPEEREID=1 -DHAVE_GETLINE=1 -DHAVE_GETPROGNAME=1 -DHAVE_MEMMEM=1 -DHAVE_SETENV=1 -DHAVE_STRCASESTR=1 -DHAVE_STRLCAT=1 -DHAVE_STRLCPY=1 -DHAVE_STRNDUP=1 -DHAVE_STRSEP=1 -DHAVE_STRTONUM=1 -DHAVE_EVENT2_EVENT_H=1 -DHAVE_NCURSES_H=1 -DHAVE_TIPARM=1 -DHAVE_TIPARM_S=1 -DHAVE_UTF8PROC=1 -DHAVE_B64_NTOP=1 -DHAVE_JEMALLOC=1 -DHAVE_DAEMON=1 -DHAVE_FORKPTY=1 -DHAVE___PROGNAME=1 -DBROKEN___DEAD=1 -DBROKEN_CMSG_FIRSTHDR=1 -I.  -I/opt/homebrew/Cellar/jemalloc/5.4.0/include -I/opt/homebrew/Cellar/utf8proc/2.12.0/include -DUTF8PROC_EXPORTS -D_DARWIN_C_SOURCE -DNCURSES_WIDECHAR -I/opt/homebrew/Cellar/ncurses/6.6/include/ncursesw -I/opt/homebrew/Cellar/ncurses/6.6/include -I/opt/homebrew/Cellar/libevent/2.1.13/include -DTMUX_VERSION='"3.7c"' -DTMUX_CONF='"/etc/tmux.conf:~/.tmux.conf:$XDG_CONFIG_HOME/tmux/tmux.conf:~/.config/tmux/tmux.conf"' -DTMUX_LOCK_CMD='"lock -np"' -DTMUX_TERM='"tmux-256color"'  -iquote.        -std=gnu99 -O2       -MT cmd-display-panes.o -MD -MP -MF $depbase.Tpo -c -o cmd-display-panes.o cmd-display-panes.c &&\
	mv -f $depbase.Tpo $depbase.Po
depbase=`echo cmd-find-window.o | sed 's|[^/]*$|.deps/&|;s|\.o$||'`;\
	gcc -std=gnu23 -DPACKAGE_NAME=\"tmux\" -DPACKAGE_TARNAME=\"tmux\" -DPACKAGE_VERSION=\"3.7c\" -DPACKAGE_STRING=\"tmux\ 3.7c\" -DPACKAGE_BUGREPORT=\"\" -DPACKAGE_URL=\"\" -DPACKAGE=\"tmux\" -DVERSION=\"3.7c\" -DHAVE_STDIO_H=1 -DHAVE_STDLIB_H=1 -DHAVE_STRING_H=1 -DHAVE_INTTYPES_H=1 -DHAVE_STDINT_H=1 -DHAVE_STRINGS_H=1 -DHAVE_SYS_STAT_H=1 -DHAVE_SYS_TYPES_H=1 -DHAVE_UNISTD_H=1 -DHAVE_WCHAR_H=1 -DSTDC_HEADERS=1 -D_ALL_SOURCE=1 -D_COSMO_SOURCE=1 -D_DARWIN_C_SOURCE=1 -D_GNU_SOURCE=1 -D_HPUX_ALT_XOPEN_SOCKET_API=1 -D_NETBSD_SOURCE=1 -D_OPENBSD_SOURCE=1 -D_POSIX_PTHREAD_SEMANTICS=1 -D__STDC_WANT_IEC_60559_ATTRIBS_EXT__=1 -D__STDC_WANT_IEC_60559_BFP_EXT__=1 -D__STDC_WANT_IEC_60559_DFP_EXT__=1 -D__STDC_WANT_IEC_60559_EXT__=1 -D__STDC_WANT_IEC_60559_FUNCS_EXT__=1 -D__STDC_WANT_IEC_60559_TYPES_EXT__=1 -D__STDC_WANT_LIB_EXT2__=1 -D__STDC_WANT_MATH_SPEC_FUNCS__=1 -D_TANDEM_SOURCE=1 -D__EXTENSIONS__=1 -DHAVE_BITSTRING_H=1 -DHAVE_DIRENT_H=1 -DHAVE_FCNTL_H=1 -DHAVE_INTTYPES_H=1 -DHAVE_LIBPROC_H=1 -DHAVE_PATHS_H=1 -DHAVE_STDINT_H=1 -DHAVE_SYS_DIR_H=1 -DHAVE_UTIL_H=1 -DHAVE_SYS_SIGNAME=1 -DHAVE_LIBM=1 -DHAVE_DIRFD=1 -DHAVE_FLOCK=1 -DHAVE_PROC_PIDINFO=1 -DHAVE_SYSCONF=1 -DHAVE_ASPRINTF=1 -DHAVE_CFMAKERAW=1 -DHAVE_CLOCK_GETTIME=1 -DHAVE_FGETLN=1 -DHAVE_GETDTABLESIZE=1 -DHAVE_GETPEEREID=1 -DHAVE_GETLINE=1 -DHAVE_GETPROGNAME=1 -DHAVE_MEMMEM=1 -DHAVE_SETENV=1 -DHAVE_STRCASESTR=1 -DHAVE_STRLCAT=1 -DHAVE_STRLCPY=1 -DHAVE_STRNDUP=1 -DHAVE_STRSEP=1 -DHAVE_STRTONUM=1 -DHAVE_EVENT2_EVENT_H=1 -DHAVE_NCURSES_H=1 -DHAVE_TIPARM=1 -DHAVE_TIPARM_S=1 -DHAVE_UTF8PROC=1 -DHAVE_B64_NTOP=1 -DHAVE_JEMALLOC=1 -DHAVE_DAEMON=1 -DHAVE_FORKPTY=1 -DHAVE___PROGNAME=1 -DBROKEN___DEAD=1 -DBROKEN_CMSG_FIRSTHDR=1 -I.  -I/opt/homebrew/Cellar/jemalloc/5.4.0/include -I/opt/homebrew/Cellar/utf8proc/2.12.0/include -DUTF8PROC_EXPORTS -D_DARWIN_C_SOURCE -DNCURSES_WIDECHAR -I/opt/homebrew/Cellar/ncurses/6.6/include/ncursesw -I/opt/homebrew/Cellar/ncurses/6.6/include -I/opt/homebrew/Cellar/libevent/2.1.13/include -DTMUX_VERSION='"3.7c"' -DTMUX_CONF='"/etc/tmux.conf:~/.tmux.conf:$XDG_CONFIG_HOME/tmux/tmux.conf:~/.config/tmux/tmux.conf"' -DTMUX_LOCK_CMD='"lock -np"' -DTMUX_TERM='"tmux-256color"'  -iquote.        -std=gnu99 -O2       -MT cmd-find-window.o -MD -MP -MF $depbase.Tpo -c -o cmd-find-window.o cmd-find-window.c &&\
	mv -f $depbase.Tpo $depbase.Po
depbase=`echo cmd-find.o | sed 's|[^/]*$|.deps/&|;s|\.o$||'`;\
	gcc -std=gnu23 -DPACKAGE_NAME=\"tmux\" -DPACKAGE_TARNAME=\"tmux\" -DPACKAGE_VERSION=\"3.7c\" -DPACKAGE_STRING=\"tmux\ 3.7c\" -DPACKAGE_BUGREPORT=\"\" -DPACKAGE_URL=\"\" -DPACKAGE=\"tmux\" -DVERSION=\"3.7c\" -DHAVE_STDIO_H=1 -DHAVE_STDLIB_H=1 -DHAVE_STRING_H=1 -DHAVE_INTTYPES_H=1 -DHAVE_STDINT_H=1 -DHAVE_STRINGS_H=1 -DHAVE_SYS_STAT_H=1 -DHAVE_SYS_TYPES_H=1 -DHAVE_UNISTD_H=1 -DHAVE_WCHAR_H=1 -DSTDC_HEADERS=1 -D_ALL_SOURCE=1 -D_COSMO_SOURCE=1 -D_DARWIN_C_SOURCE=1 -D_GNU_SOURCE=1 -D_HPUX_ALT_XOPEN_SOCKET_API=1 -D_NETBSD_SOURCE=1 -D_OPENBSD_SOURCE=1 -D_POSIX_PTHREAD_SEMANTICS=1 -D__STDC_WANT_IEC_60559_ATTRIBS_EXT__=1 -D__STDC_WANT_IEC_60559_BFP_EXT__=1 -D__STDC_WANT_IEC_60559_DFP_EXT__=1 -D__STDC_WANT_IEC_60559_EXT__=1 -D__STDC_WANT_IEC_60559_FUNCS_EXT__=1 -D__STDC_WANT_IEC_60559_TYPES_EXT__=1 -D__STDC_WANT_LIB_EXT2__=1 -D__STDC_WANT_MATH_SPEC_FUNCS__=1 -D_TANDEM_SOURCE=1 -D__EXTENSIONS__=1 -DHAVE_BITSTRING_H=1 -DHAVE_DIRENT_H=1 -DHAVE_FCNTL_H=1 -DHAVE_INTTYPES_H=1 -DHAVE_LIBPROC_H=1 -DHAVE_PATHS_H=1 -DHAVE_STDINT_H=1 -DHAVE_SYS_DIR_H=1 -DHAVE_UTIL_H=1 -DHAVE_SYS_SIGNAME=1 -DHAVE_LIBM=1 -DHAVE_DIRFD=1 -DHAVE_FLOCK=1 -DHAVE_PROC_PIDINFO=1 -DHAVE_SYSCONF=1 -DHAVE_ASPRINTF=1 -DHAVE_CFMAKERAW=1 -DHAVE_CLOCK_GETTIME=1 -DHAVE_FGETLN=1 -DHAVE_GETDTABLESIZE=1 -DHAVE_GETPEEREID=1 -DHAVE_GETLINE=1 -DHAVE_GETPROGNAME=1 -DHAVE_MEMMEM=1 -DHAVE_SETENV=1 -DHAVE_STRCASESTR=1 -DHAVE_STRLCAT=1 -DHAVE_STRLCPY=1 -DHAVE_STRNDUP=1 -DHAVE_STRSEP=1 -DHAVE_STRTONUM=1 -DHAVE_EVENT2_EVENT_H=1 -DHAVE_NCURSES_H=1 -DHAVE_TIPARM=1 -DHAVE_TIPARM_S=1 -DHAVE_UTF8PROC=1 -DHAVE_B64_NTOP=1 -DHAVE_JEMALLOC=1 -DHAVE_DAEMON=1 -DHAVE_FORKPTY=1 -DHAVE___PROGNAME=1 -DBROKEN___DEAD=1 -DBROKEN_CMSG_FIRSTHDR=1 -I.  -I/opt/homebrew/Cellar/jemalloc/5.4.0/include -I/opt/homebrew/Cellar/utf8proc/2.12.0/include -DUTF8PROC_EXPORTS -D_DARWIN_C_SOURCE -DNCURSES_WIDECHAR -I/opt/homebrew/Cellar/ncurses/6.6/include/ncursesw -I/opt/homebrew/Cellar/ncurses/6.6/include -I/opt/homebrew/Cellar/libevent/2.1.13/include -DTMUX_VERSION='"3.7c"' -DTMUX_CONF='"/etc/tmux.conf:~/.tmux.conf:$XDG_CONFIG_HOME/tmux/tmux.conf:~/.config/tmux/tmux.conf"' -DTMUX_LOCK_CMD='"lock -np"' -DTMUX_TERM='"tmux-256color"'  -iquote.        -std=gnu99 -O2       -MT cmd-find.o -MD -MP -MF $depbase.Tpo -c -o cmd-find.o cmd-find.c &&\
	mv -f $depbase.Tpo $depbase.Po
depbase=`echo cmd-if-shell.o | sed 's|[^/]*$|.deps/&|;s|\.o$||'`;\
	gcc -std=gnu23 -DPACKAGE_NAME=\"tmux\" -DPACKAGE_TARNAME=\"tmux\" -DPACKAGE_VERSION=\"3.7c\" -DPACKAGE_STRING=\"tmux\ 3.7c\" -DPACKAGE_BUGREPORT=\"\" -DPACKAGE_URL=\"\" -DPACKAGE=\"tmux\" -DVERSION=\"3.7c\" -DHAVE_STDIO_H=1 -DHAVE_STDLIB_H=1 -DHAVE_STRING_H=1 -DHAVE_INTTYPES_H=1 -DHAVE_STDINT_H=1 -DHAVE_STRINGS_H=1 -DHAVE_SYS_STAT_H=1 -DHAVE_SYS_TYPES_H=1 -DHAVE_UNISTD_H=1 -DHAVE_WCHAR_H=1 -DSTDC_HEADERS=1 -D_ALL_SOURCE=1 -D_COSMO_SOURCE=1 -D_DARWIN_C_SOURCE=1 -D_GNU_SOURCE=1 -D_HPUX_ALT_XOPEN_SOCKET_API=1 -D_NETBSD_SOURCE=1 -D_OPENBSD_SOURCE=1 -D_POSIX_PTHREAD_SEMANTICS=1 -D__STDC_WANT_IEC_60559_ATTRIBS_EXT__=1 -D__STDC_WANT_IEC_60559_BFP_EXT__=1 -D__STDC_WANT_IEC_60559_DFP_EXT__=1 -D__STDC_WANT_IEC_60559_EXT__=1 -D__STDC_WANT_IEC_60559_FUNCS_EXT__=1 -D__STDC_WANT_IEC_60559_TYPES_EXT__=1 -D__STDC_WANT_LIB_EXT2__=1 -D__STDC_WANT_MATH_SPEC_FUNCS__=1 -D_TANDEM_SOURCE=1 -D__EXTENSIONS__=1 -DHAVE_BITSTRING_H=1 -DHAVE_DIRENT_H=1 -DHAVE_FCNTL_H=1 -DHAVE_INTTYPES_H=1 -DHAVE_LIBPROC_H=1 -DHAVE_PATHS_H=1 -DHAVE_STDINT_H=1 -DHAVE_SYS_DIR_H=1 -DHAVE_UTIL_H=1 -DHAVE_SYS_SIGNAME=1 -DHAVE_LIBM=1 -DHAVE_DIRFD=1 -DHAVE_FLOCK=1 -DHAVE_PROC_PIDINFO=1 -DHAVE_SYSCONF=1 -DHAVE_ASPRINTF=1 -DHAVE_CFMAKERAW=1 -DHAVE_CLOCK_GETTIME=1 -DHAVE_FGETLN=1 -DHAVE_GETDTABLESIZE=1 -DHAVE_GETPEEREID=1 -DHAVE_GETLINE=1 -DHAVE_GETPROGNAME=1 -DHAVE_MEMMEM=1 -DHAVE_SETENV=1 -DHAVE_STRCASESTR=1 -DHAVE_STRLCAT=1 -DHAVE_STRLCPY=1 -DHAVE_STRNDUP=1 -DHAVE_STRSEP=1 -DHAVE_STRTONUM=1 -DHAVE_EVENT2_EVENT_H=1 -DHAVE_NCURSES_H=1 -DHAVE_TIPARM=1 -DHAVE_TIPARM_S=1 -DHAVE_UTF8PROC=1 -DHAVE_B64_NTOP=1 -DHAVE_JEMALLOC=1 -DHAVE_DAEMON=1 -DHAVE_FORKPTY=1 -DHAVE___PROGNAME=1 -DBROKEN___DEAD=1 -DBROKEN_CMSG_FIRSTHDR=1 -I.  -I/opt/homebrew/Cellar/jemalloc/5.4.0/include -I/opt/homebrew/Cellar/utf8proc/2.12.0/include -DUTF8PROC_EXPORTS -D_DARWIN_C_SOURCE -DNCURSES_WIDECHAR -I/opt/homebrew/Cellar/ncurses/6.6/include/ncursesw -I/opt/homebrew/Cellar/ncurses/6.6/include -I/opt/homebrew/Cellar/libevent/2.1.13/include -DTMUX_VERSION='"3.7c"' -DTMUX_CONF='"/etc/tmux.conf:~/.tmux.conf:$XDG_CONFIG_HOME/tmux/tmux.conf:~/.config/tmux/tmux.conf"' -DTMUX_LOCK_CMD='"lock -np"' -DTMUX_TERM='"tmux-256color"'  -iquote.        -std=gnu99 -O2       -MT cmd-if-shell.o -MD -MP -MF $depbase.Tpo -c -o cmd-if-shell.o cmd-if-shell.c &&\
	mv -f $depbase.Tpo $depbase.Po
depbase=`echo cmd-join-pane.o | sed 's|[^/]*$|.deps/&|;s|\.o$||'`;\
	gcc -std=gnu23 -DPACKAGE_NAME=\"tmux\" -DPACKAGE_TARNAME=\"tmux\" -DPACKAGE_VERSION=\"3.7c\" -DPACKAGE_STRING=\"tmux\ 3.7c\" -DPACKAGE_BUGREPORT=\"\" -DPACKAGE_URL=\"\" -DPACKAGE=\"tmux\" -DVERSION=\"3.7c\" -DHAVE_STDIO_H=1 -DHAVE_STDLIB_H=1 -DHAVE_STRING_H=1 -DHAVE_INTTYPES_H=1 -DHAVE_STDINT_H=1 -DHAVE_STRINGS_H=1 -DHAVE_SYS_STAT_H=1 -DHAVE_SYS_TYPES_H=1 -DHAVE_UNISTD_H=1 -DHAVE_WCHAR_H=1 -DSTDC_HEADERS=1 -D_ALL_SOURCE=1 -D_COSMO_SOURCE=1 -D_DARWIN_C_SOURCE=1 -D_GNU_SOURCE=1 -D_HPUX_ALT_XOPEN_SOCKET_API=1 -D_NETBSD_SOURCE=1 -D_OPENBSD_SOURCE=1 -D_POSIX_PTHREAD_SEMANTICS=1 -D__STDC_WANT_IEC_60559_ATTRIBS_EXT__=1 -D__STDC_WANT_IEC_60559_BFP_EXT__=1 -D__STDC_WANT_IEC_60559_DFP_EXT__=1 -D__STDC_WANT_IEC_60559_EXT__=1 -D__STDC_WANT_IEC_60559_FUNCS_EXT__=1 -D__STDC_WANT_IEC_60559_TYPES_EXT__=1 -D__STDC_WANT_LIB_EXT2__=1 -D__STDC_WANT_MATH_SPEC_FUNCS__=1 -D_TANDEM_SOURCE=1 -D__EXTENSIONS__=1 -DHAVE_BITSTRING_H=1 -DHAVE_DIRENT_H=1 -DHAVE_FCNTL_H=1 -DHAVE_INTTYPES_H=1 -DHAVE_LIBPROC_H=1 -DHAVE_PATHS_H=1 -DHAVE_STDINT_H=1 -DHAVE_SYS_DIR_H=1 -DHAVE_UTIL_H=1 -DHAVE_SYS_SIGNAME=1 -DHAVE_LIBM=1 -DHAVE_DIRFD=1 -DHAVE_FLOCK=1 -DHAVE_PROC_PIDINFO=1 -DHAVE_SYSCONF=1 -DHAVE_ASPRINTF=1 -DHAVE_CFMAKERAW=1 -DHAVE_CLOCK_GETTIME=1 -DHAVE_FGETLN=1 -DHAVE_GETDTABLESIZE=1 -DHAVE_GETPEEREID=1 -DHAVE_GETLINE=1 -DHAVE_GETPROGNAME=1 -DHAVE_MEMMEM=1 -DHAVE_SETENV=1 -DHAVE_STRCASESTR=1 -DHAVE_STRLCAT=1 -DHAVE_STRLCPY=1 -DHAVE_STRNDUP=1 -DHAVE_STRSEP=1 -DHAVE_STRTONUM=1 -DHAVE_EVENT2_EVENT_H=1 -DHAVE_NCURSES_H=1 -DHAVE_TIPARM=1 -DHAVE_TIPARM_S=1 -DHAVE_UTF8PROC=1 -DHAVE_B64_NTOP=1 -DHAVE_JEMALLOC=1 -DHAVE_DAEMON=1 -DHAVE_FORKPTY=1 -DHAVE___PROGNAME=1 -DBROKEN___DEAD=1 -DBROKEN_CMSG_FIRSTHDR=1 -I.  -I/opt/homebrew/Cellar/jemalloc/5.4.0/include -I/opt/homebrew/Cellar/utf8proc/2.12.0/include -DUTF8PROC_EXPORTS -D_DARWIN_C_SOURCE -DNCURSES_WIDECHAR -I/opt/homebrew/Cellar/ncurses/6.6/include/ncursesw -I/opt/homebrew/Cellar/ncurses/6.6/include -I/opt/homebrew/Cellar/libevent/2.1.13/include -DTMUX_VERSION='"3.7c"' -DTMUX_CONF='"/etc/tmux.conf:~/.tmux.conf:$XDG_CONFIG_HOME/tmux/tmux.conf:~/.config/tmux/tmux.conf"' -DTMUX_LOCK_CMD='"lock -np"' -DTMUX_TERM='"tmux-256color"'  -iquote.        -std=gnu99 -O2       -MT cmd-join-pane.o -MD -MP -MF $depbase.Tpo -c -o cmd-join-pane.o cmd-join-pane.c &&\
	mv -f $depbase.Tpo $depbase.Po
depbase=`echo cmd-kill-pane.o | sed 's|[^/]*$|.deps/&|;s|\.o$||'`;\
	gcc -std=gnu23 -DPACKAGE_NAME=\"tmux\" -DPACKAGE_TARNAME=\"tmux\" -DPACKAGE_VERSION=\"3.7c\" -DPACKAGE_STRING=\"tmux\ 3.7c\" -DPACKAGE_BUGREPORT=\"\" -DPACKAGE_URL=\"\" -DPACKAGE=\"tmux\" -DVERSION=\"3.7c\" -DHAVE_STDIO_H=1 -DHAVE_STDLIB_H=1 -DHAVE_STRING_H=1 -DHAVE_INTTYPES_H=1 -DHAVE_STDINT_H=1 -DHAVE_STRINGS_H=1 -DHAVE_SYS_STAT_H=1 -DHAVE_SYS_TYPES_H=1 -DHAVE_UNISTD_H=1 -DHAVE_WCHAR_H=1 -DSTDC_HEADERS=1 -D_ALL_SOURCE=1 -D_COSMO_SOURCE=1 -D_DARWIN_C_SOURCE=1 -D_GNU_SOURCE=1 -D_HPUX_ALT_XOPEN_SOCKET_API=1 -D_NETBSD_SOURCE=1 -D_OPENBSD_SOURCE=1 -D_POSIX_PTHREAD_SEMANTICS=1 -D__STDC_WANT_IEC_60559_ATTRIBS_EXT__=1 -D__STDC_WANT_IEC_60559_BFP_EXT__=1 -D__STDC_WANT_IEC_60559_DFP_EXT__=1 -D__STDC_WANT_IEC_60559_EXT__=1 -D__STDC_WANT_IEC_60559_FUNCS_EXT__=1 -D__STDC_WANT_IEC_60559_TYPES_EXT__=1 -D__STDC_WANT_LIB_EXT2__=1 -D__STDC_WANT_MATH_SPEC_FUNCS__=1 -D_TANDEM_SOURCE=1 -D__EXTENSIONS__=1 -DHAVE_BITSTRING_H=1 -DHAVE_DIRENT_H=1 -DHAVE_FCNTL_H=1 -DHAVE_INTTYPES_H=1 -DHAVE_LIBPROC_H=1 -DHAVE_PATHS_H=1 -DHAVE_STDINT_H=1 -DHAVE_SYS_DIR_H=1 -DHAVE_UTIL_H=1 -DHAVE_SYS_SIGNAME=1 -DHAVE_LIBM=1 -DHAVE_DIRFD=1 -DHAVE_FLOCK=1 -DHAVE_PROC_PIDINFO=1 -DHAVE_SYSCONF=1 -DHAVE_ASPRINTF=1 -DHAVE_CFMAKERAW=1 -DHAVE_CLOCK_GETTIME=1 -DHAVE_FGETLN=1 -DHAVE_GETDTABLESIZE=1 -DHAVE_GETPEEREID=1 -DHAVE_GETLINE=1 -DHAVE_GETPROGNAME=1 -DHAVE_MEMMEM=1 -DHAVE_SETENV=1 -DHAVE_STRCASESTR=1 -DHAVE_STRLCAT=1 -DHAVE_STRLCPY=1 -DHAVE_STRNDUP=1 -DHAVE_STRSEP=1 -DHAVE_STRTONUM=1 -DHAVE_EVENT2_EVENT_H=1 -DHAVE_NCURSES_H=1 -DHAVE_TIPARM=1 -DHAVE_TIPARM_S=1 -DHAVE_UTF8PROC=1 -DHAVE_B64_NTOP=1 -DHAVE_JEMALLOC=1 -DHAVE_DAEMON=1 -DHAVE_FORKPTY=1 -DHAVE___PROGNAME=1 -DBROKEN___DEAD=1 -DBROKEN_CMSG_FIRSTHDR=1 -I.  -I/opt/homebrew/Cellar/jemalloc/5.4.0/include -I/opt/homebrew/Cellar/utf8proc/2.12.0/include -DUTF8PROC_EXPORTS -D_DARWIN_C_SOURCE -DNCURSES_WIDECHAR -I/opt/homebrew/Cellar/ncurses/6.6/include/ncursesw -I/opt/homebrew/Cellar/ncurses/6.6/include -I/opt/homebrew/Cellar/libevent/2.1.13/include -DTMUX_VERSION='"3.7c"' -DTMUX_CONF='"/etc/tmux.conf:~/.tmux.conf:$XDG_CONFIG_HOME/tmux/tmux.conf:~/.config/tmux/tmux.conf"' -DTMUX_LOCK_CMD='"lock -np"' -DTMUX_TERM='"tmux-256color"'  -iquote.        -std=gnu99 -O2       -MT cmd-kill-pane.o -MD -MP -MF $depbase.Tpo -c -o cmd-kill-pane.o cmd-kill-pane.c &&\
	mv -f $depbase.Tpo $depbase.Po
depbase=`echo cmd-kill-server.o | sed 's|[^/]*$|.deps/&|;s|\.o$||'`;\
	gcc -std=gnu23 -DPACKAGE_NAME=\"tmux\" -DPACKAGE_TARNAME=\"tmux\" -DPACKAGE_VERSION=\"3.7c\" -DPACKAGE_STRING=\"tmux\ 3.7c\" -DPACKAGE_BUGREPORT=\"\" -DPACKAGE_URL=\"\" -DPACKAGE=\"tmux\" -DVERSION=\"3.7c\" -DHAVE_STDIO_H=1 -DHAVE_STDLIB_H=1 -DHAVE_STRING_H=1 -DHAVE_INTTYPES_H=1 -DHAVE_STDINT_H=1 -DHAVE_STRINGS_H=1 -DHAVE_SYS_STAT_H=1 -DHAVE_SYS_TYPES_H=1 -DHAVE_UNISTD_H=1 -DHAVE_WCHAR_H=1 -DSTDC_HEADERS=1 -D_ALL_SOURCE=1 -D_COSMO_SOURCE=1 -D_DARWIN_C_SOURCE=1 -D_GNU_SOURCE=1 -D_HPUX_ALT_XOPEN_SOCKET_API=1 -D_NETBSD_SOURCE=1 -D_OPENBSD_SOURCE=1 -D_POSIX_PTHREAD_SEMANTICS=1 -D__STDC_WANT_IEC_60559_ATTRIBS_EXT__=1 -D__STDC_WANT_IEC_60559_BFP_EXT__=1 -D__STDC_WANT_IEC_60559_DFP_EXT__=1 -D__STDC_WANT_IEC_60559_EXT__=1 -D__STDC_WANT_IEC_60559_FUNCS_EXT__=1 -D__STDC_WANT_IEC_60559_TYPES_EXT__=1 -D__STDC_WANT_LIB_EXT2__=1 -D__STDC_WANT_MATH_SPEC_FUNCS__=1 -D_TANDEM_SOURCE=1 -D__EXTENSIONS__=1 -DHAVE_BITSTRING_H=1 -DHAVE_DIRENT_H=1 -DHAVE_FCNTL_H=1 -DHAVE_INTTYPES_H=1 -DHAVE_LIBPROC_H=1 -DHAVE_PATHS_H=1 -DHAVE_STDINT_H=1 -DHAVE_SYS_DIR_H=1 -DHAVE_UTIL_H=1 -DHAVE_SYS_SIGNAME=1 -DHAVE_LIBM=1 -DHAVE_DIRFD=1 -DHAVE_FLOCK=1 -DHAVE_PROC_PIDINFO=1 -DHAVE_SYSCONF=1 -DHAVE_ASPRINTF=1 -DHAVE_CFMAKERAW=1 -DHAVE_CLOCK_GETTIME=1 -DHAVE_FGETLN=1 -DHAVE_GETDTABLESIZE=1 -DHAVE_GETPEEREID=1 -DHAVE_GETLINE=1 -DHAVE_GETPROGNAME=1 -DHAVE_MEMMEM=1 -DHAVE_SETENV=1 -DHAVE_STRCASESTR=1 -DHAVE_STRLCAT=1 -DHAVE_STRLCPY=1 -DHAVE_STRNDUP=1 -DHAVE_STRSEP=1 -DHAVE_STRTONUM=1 -DHAVE_EVENT2_EVENT_H=1 -DHAVE_NCURSES_H=1 -DHAVE_TIPARM=1 -DHAVE_TIPARM_S=1 -DHAVE_UTF8PROC=1 -DHAVE_B64_NTOP=1 -DHAVE_JEMALLOC=1 -DHAVE_DAEMON=1 -DHAVE_FORKPTY=1 -DHAVE___PROGNAME=1 -DBROKEN___DEAD=1 -DBROKEN_CMSG_FIRSTHDR=1 -I.  -I/opt/homebrew/Cellar/jemalloc/5.4.0/include -I/opt/homebrew/Cellar/utf8proc/2.12.0/include -DUTF8PROC_EXPORTS -D_DARWIN_C_SOURCE -DNCURSES_WIDECHAR -I/opt/homebrew/Cellar/ncurses/6.6/include/ncursesw -I/opt/homebrew/Cellar/ncurses/6.6/include -I/opt/homebrew/Cellar/libevent/2.1.13/include -DTMUX_VERSION='"3.7c"' -DTMUX_CONF='"/etc/tmux.conf:~/.tmux.conf:$XDG_CONFIG_HOME/tmux/tmux.conf:~/.config/tmux/tmux.conf"' -DTMUX_LOCK_CMD='"lock -np"' -DTMUX_TERM='"tmux-256color"'  -iquote.        -std=gnu99 -O2       -MT cmd-kill-server.o -MD -MP -MF $depbase.Tpo -c -o cmd-kill-server.o cmd-kill-server.c &&\
	mv -f $depbase.Tpo $depbase.Po
depbase=`echo cmd-kill-session.o | sed 's|[^/]*$|.deps/&|;s|\.o$||'`;\
	gcc -std=gnu23 -DPACKAGE_NAME=\"tmux\" -DPACKAGE_TARNAME=\"tmux\" -DPACKAGE_VERSION=\"3.7c\" -DPACKAGE_STRING=\"tmux\ 3.7c\" -DPACKAGE_BUGREPORT=\"\" -DPACKAGE_URL=\"\" -DPACKAGE=\"tmux\" -DVERSION=\"3.7c\" -DHAVE_STDIO_H=1 -DHAVE_STDLIB_H=1 -DHAVE_STRING_H=1 -DHAVE_INTTYPES_H=1 -DHAVE_STDINT_H=1 -DHAVE_STRINGS_H=1 -DHAVE_SYS_STAT_H=1 -DHAVE_SYS_TYPES_H=1 -DHAVE_UNISTD_H=1 -DHAVE_WCHAR_H=1 -DSTDC_HEADERS=1 -D_ALL_SOURCE=1 -D_COSMO_SOURCE=1 -D_DARWIN_C_SOURCE=1 -D_GNU_SOURCE=1 -D_HPUX_ALT_XOPEN_SOCKET_API=1 -D_NETBSD_SOURCE=1 -D_OPENBSD_SOURCE=1 -D_POSIX_PTHREAD_SEMANTICS=1 -D__STDC_WANT_IEC_60559_ATTRIBS_EXT__=1 -D__STDC_WANT_IEC_60559_BFP_EXT__=1 -D__STDC_WANT_IEC_60559_DFP_EXT__=1 -D__STDC_WANT_IEC_60559_EXT__=1 -D__STDC_WANT_IEC_60559_FUNCS_EXT__=1 -D__STDC_WANT_IEC_60559_TYPES_EXT__=1 -D__STDC_WANT_LIB_EXT2__=1 -D__STDC_WANT_MATH_SPEC_FUNCS__=1 -D_TANDEM_SOURCE=1 -D__EXTENSIONS__=1 -DHAVE_BITSTRING_H=1 -DHAVE_DIRENT_H=1 -DHAVE_FCNTL_H=1 -DHAVE_INTTYPES_H=1 -DHAVE_LIBPROC_H=1 -DHAVE_PATHS_H=1 -DHAVE_STDINT_H=1 -DHAVE_SYS_DIR_H=1 -DHAVE_UTIL_H=1 -DHAVE_SYS_SIGNAME=1 -DHAVE_LIBM=1 -DHAVE_DIRFD=1 -DHAVE_FLOCK=1 -DHAVE_PROC_PIDINFO=1 -DHAVE_SYSCONF=1 -DHAVE_ASPRINTF=1 -DHAVE_CFMAKERAW=1 -DHAVE_CLOCK_GETTIME=1 -DHAVE_FGETLN=1 -DHAVE_GETDTABLESIZE=1 -DHAVE_GETPEEREID=1 -DHAVE_GETLINE=1 -DHAVE_GETPROGNAME=1 -DHAVE_MEMMEM=1 -DHAVE_SETENV=1 -DHAVE_STRCASESTR=1 -DHAVE_STRLCAT=1 -DHAVE_STRLCPY=1 -DHAVE_STRNDUP=1 -DHAVE_STRSEP=1 -DHAVE_STRTONUM=1 -DHAVE_EVENT2_EVENT_H=1 -DHAVE_NCURSES_H=1 -DHAVE_TIPARM=1 -DHAVE_TIPARM_S=1 -DHAVE_UTF8PROC=1 -DHAVE_B64_NTOP=1 -DHAVE_JEMALLOC=1 -DHAVE_DAEMON=1 -DHAVE_FORKPTY=1 -DHAVE___PROGNAME=1 -DBROKEN___DEAD=1 -DBROKEN_CMSG_FIRSTHDR=1 -I.  -I/opt/homebrew/Cellar/jemalloc/5.4.0/include -I/opt/homebrew/Cellar/utf8proc/2.12.0/include -DUTF8PROC_EXPORTS -D_DARWIN_C_SOURCE -DNCURSES_WIDECHAR -I/opt/homebrew/Cellar/ncurses/6.6/include/ncursesw -I/opt/homebrew/Cellar/ncurses/6.6/include -I/opt/homebrew/Cellar/libevent/2.1.13/include -DTMUX_VERSION='"3.7c"' -DTMUX_CONF='"/etc/tmux.conf:~/.tmux.conf:$XDG_CONFIG_HOME/tmux/tmux.conf:~/.config/tmux/tmux.conf"' -DTMUX_LOCK_CMD='"lock -np"' -DTMUX_TERM='"tmux-256color"'  -iquote.        -std=gnu99 -O2       -MT cmd-kill-session.o -MD -MP -MF $depbase.Tpo -c -o cmd-kill-session.o cmd-kill-session.c &&\
	mv -f $depbase.Tpo $depbase.Po
depbase=`echo cmd-kill-window.o | sed 's|[^/]*$|.deps/&|;s|\.o$||'`;\
	gcc -std=gnu23 -DPACKAGE_NAME=\"tmux\" -DPACKAGE_TARNAME=\"tmux\" -DPACKAGE_VERSION=\"3.7c\" -DPACKAGE_STRING=\"tmux\ 3.7c\" -DPACKAGE_BUGREPORT=\"\" -DPACKAGE_URL=\"\" -DPACKAGE=\"tmux\" -DVERSION=\"3.7c\" -DHAVE_STDIO_H=1 -DHAVE_STDLIB_H=1 -DHAVE_STRING_H=1 -DHAVE_INTTYPES_H=1 -DHAVE_STDINT_H=1 -DHAVE_STRINGS_H=1 -DHAVE_SYS_STAT_H=1 -DHAVE_SYS_TYPES_H=1 -DHAVE_UNISTD_H=1 -DHAVE_WCHAR_H=1 -DSTDC_HEADERS=1 -D_ALL_SOURCE=1 -D_COSMO_SOURCE=1 -D_DARWIN_C_SOURCE=1 -D_GNU_SOURCE=1 -D_HPUX_ALT_XOPEN_SOCKET_API=1 -D_NETBSD_SOURCE=1 -D_OPENBSD_SOURCE=1 -D_POSIX_PTHREAD_SEMANTICS=1 -D__STDC_WANT_IEC_60559_ATTRIBS_EXT__=1 -D__STDC_WANT_IEC_60559_BFP_EXT__=1 -D__STDC_WANT_IEC_60559_DFP_EXT__=1 -D__STDC_WANT_IEC_60559_EXT__=1 -D__STDC_WANT_IEC_60559_FUNCS_EXT__=1 -D__STDC_WANT_IEC_60559_TYPES_EXT__=1 -D__STDC_WANT_LIB_EXT2__=1 -D__STDC_WANT_MATH_SPEC_FUNCS__=1 -D_TANDEM_SOURCE=1 -D__EXTENSIONS__=1 -DHAVE_BITSTRING_H=1 -DHAVE_DIRENT_H=1 -DHAVE_FCNTL_H=1 -DHAVE_INTTYPES_H=1 -DHAVE_LIBPROC_H=1 -DHAVE_PATHS_H=1 -DHAVE_STDINT_H=1 -DHAVE_SYS_DIR_H=1 -DHAVE_UTIL_H=1 -DHAVE_SYS_SIGNAME=1 -DHAVE_LIBM=1 -DHAVE_DIRFD=1 -DHAVE_FLOCK=1 -DHAVE_PROC_PIDINFO=1 -DHAVE_SYSCONF=1 -DHAVE_ASPRINTF=1 -DHAVE_CFMAKERAW=1 -DHAVE_CLOCK_GETTIME=1 -DHAVE_FGETLN=1 -DHAVE_GETDTABLESIZE=1 -DHAVE_GETPEEREID=1 -DHAVE_GETLINE=1 -DHAVE_GETPROGNAME=1 -DHAVE_MEMMEM=1 -DHAVE_SETENV=1 -DHAVE_STRCASESTR=1 -DHAVE_STRLCAT=1 -DHAVE_STRLCPY=1 -DHAVE_STRNDUP=1 -DHAVE_STRSEP=1 -DHAVE_STRTONUM=1 -DHAVE_EVENT2_EVENT_H=1 -DHAVE_NCURSES_H=1 -DHAVE_TIPARM=1 -DHAVE_TIPARM_S=1 -DHAVE_UTF8PROC=1 -DHAVE_B64_NTOP=1 -DHAVE_JEMALLOC=1 -DHAVE_DAEMON=1 -DHAVE_FORKPTY=1 -DHAVE___PROGNAME=1 -DBROKEN___DEAD=1 -DBROKEN_CMSG_FIRSTHDR=1 -I.  -I/opt/homebrew/Cellar/jemalloc/5.4.0/include -I/opt/homebrew/Cellar/utf8proc/2.12.0/include -DUTF8PROC_EXPORTS -D_DARWIN_C_SOURCE -DNCURSES_WIDECHAR -I/opt/homebrew/Cellar/ncurses/6.6/include/ncursesw -I/opt/homebrew/Cellar/ncurses/6.6/include -I/opt/homebrew/Cellar/libevent/2.1.13/include -DTMUX_VERSION='"3.7c"' -DTMUX_CONF='"/etc/tmux.conf:~/.tmux.conf:$XDG_CONFIG_HOME/tmux/tmux.conf:~/.config/tmux/tmux.conf"' -DTMUX_LOCK_CMD='"lock -np"' -DTMUX_TERM='"tmux-256color"'  -iquote.        -std=gnu99 -O2       -MT cmd-kill-window.o -MD -MP -MF $depbase.Tpo -c -o cmd-kill-window.o cmd-kill-window.c &&\
	mv -f $depbase.Tpo $depbase.Po
depbase=`echo cmd-list-buffers.o | sed 's|[^/]*$|.deps/&|;s|\.o$||'`;\
	gcc -std=gnu23 -DPACKAGE_NAME=\"tmux\" -DPACKAGE_TARNAME=\"tmux\" -DPACKAGE_VERSION=\"3.7c\" -DPACKAGE_STRING=\"tmux\ 3.7c\" -DPACKAGE_BUGREPORT=\"\" -DPACKAGE_URL=\"\" -DPACKAGE=\"tmux\" -DVERSION=\"3.7c\" -DHAVE_STDIO_H=1 -DHAVE_STDLIB_H=1 -DHAVE_STRING_H=1 -DHAVE_INTTYPES_H=1 -DHAVE_STDINT_H=1 -DHAVE_STRINGS_H=1 -DHAVE_SYS_STAT_H=1 -DHAVE_SYS_TYPES_H=1 -DHAVE_UNISTD_H=1 -DHAVE_WCHAR_H=1 -DSTDC_HEADERS=1 -D_ALL_SOURCE=1 -D_COSMO_SOURCE=1 -D_DARWIN_C_SOURCE=1 -D_GNU_SOURCE=1 -D_HPUX_ALT_XOPEN_SOCKET_API=1 -D_NETBSD_SOURCE=1 -D_OPENBSD_SOURCE=1 -D_POSIX_PTHREAD_SEMANTICS=1 -D__STDC_WANT_IEC_60559_ATTRIBS_EXT__=1 -D__STDC_WANT_IEC_60559_BFP_EXT__=1 -D__STDC_WANT_IEC_60559_DFP_EXT__=1 -D__STDC_WANT_IEC_60559_EXT__=1 -D__STDC_WANT_IEC_60559_FUNCS_EXT__=1 -D__STDC_WANT_IEC_60559_TYPES_EXT__=1 -D__STDC_WANT_LIB_EXT2__=1 -D__STDC_WANT_MATH_SPEC_FUNCS__=1 -D_TANDEM_SOURCE=1 -D__EXTENSIONS__=1 -DHAVE_BITSTRING_H=1 -DHAVE_DIRENT_H=1 -DHAVE_FCNTL_H=1 -DHAVE_INTTYPES_H=1 -DHAVE_LIBPROC_H=1 -DHAVE_PATHS_H=1 -DHAVE_STDINT_H=1 -DHAVE_SYS_DIR_H=1 -DHAVE_UTIL_H=1 -DHAVE_SYS_SIGNAME=1 -DHAVE_LIBM=1 -DHAVE_DIRFD=1 -DHAVE_FLOCK=1 -DHAVE_PROC_PIDINFO=1 -DHAVE_SYSCONF=1 -DHAVE_ASPRINTF=1 -DHAVE_CFMAKERAW=1 -DHAVE_CLOCK_GETTIME=1 -DHAVE_FGETLN=1 -DHAVE_GETDTABLESIZE=1 -DHAVE_GETPEEREID=1 -DHAVE_GETLINE=1 -DHAVE_GETPROGNAME=1 -DHAVE_MEMMEM=1 -DHAVE_SETENV=1 -DHAVE_STRCASESTR=1 -DHAVE_STRLCAT=1 -DHAVE_STRLCPY=1 -DHAVE_STRNDUP=1 -DHAVE_STRSEP=1 -DHAVE_STRTONUM=1 -DHAVE_EVENT2_EVENT_H=1 -DHAVE_NCURSES_H=1 -DHAVE_TIPARM=1 -DHAVE_TIPARM_S=1 -DHAVE_UTF8PROC=1 -DHAVE_B64_NTOP=1 -DHAVE_JEMALLOC=1 -DHAVE_DAEMON=1 -DHAVE_FORKPTY=1 -DHAVE___PROGNAME=1 -DBROKEN___DEAD=1 -DBROKEN_CMSG_FIRSTHDR=1 -I.  -I/opt/homebrew/Cellar/jemalloc/5.4.0/include -I/opt/homebrew/Cellar/utf8proc/2.12.0/include -DUTF8PROC_EXPORTS -D_DARWIN_C_SOURCE -DNCURSES_WIDECHAR -I/opt/homebrew/Cellar/ncurses/6.6/include/ncursesw -I/opt/homebrew/Cellar/ncurses/6.6/include -I/opt/homebrew/Cellar/libevent/2.1.13/include -DTMUX_VERSION='"3.7c"' -DTMUX_CONF='"/etc/tmux.conf:~/.tmux.conf:$XDG_CONFIG_HOME/tmux/tmux.conf:~/.config/tmux/tmux.conf"' -DTMUX_LOCK_CMD='"lock -np"' -DTMUX_TERM='"tmux-256color"'  -iquote.        -std=gnu99 -O2       -MT cmd-list-buffers.o -MD -MP -MF $depbase.Tpo -c -o cmd-list-buffers.o cmd-list-buffers.c &&\
	mv -f $depbase.Tpo $depbase.Po
depbase=`echo cmd-list-clients.o | sed 's|[^/]*$|.deps/&|;s|\.o$||'`;\
	gcc -std=gnu23 -DPACKAGE_NAME=\"tmux\" -DPACKAGE_TARNAME=\"tmux\" -DPACKAGE_VERSION=\"3.7c\" -DPACKAGE_STRING=\"tmux\ 3.7c\" -DPACKAGE_BUGREPORT=\"\" -DPACKAGE_URL=\"\" -DPACKAGE=\"tmux\" -DVERSION=\"3.7c\" -DHAVE_STDIO_H=1 -DHAVE_STDLIB_H=1 -DHAVE_STRING_H=1 -DHAVE_INTTYPES_H=1 -DHAVE_STDINT_H=1 -DHAVE_STRINGS_H=1 -DHAVE_SYS_STAT_H=1 -DHAVE_SYS_TYPES_H=1 -DHAVE_UNISTD_H=1 -DHAVE_WCHAR_H=1 -DSTDC_HEADERS=1 -D_ALL_SOURCE=1 -D_COSMO_SOURCE=1 -D_DARWIN_C_SOURCE=1 -D_GNU_SOURCE=1 -D_HPUX_ALT_XOPEN_SOCKET_API=1 -D_NETBSD_SOURCE=1 -D_OPENBSD_SOURCE=1 -D_POSIX_PTHREAD_SEMANTICS=1 -D__STDC_WANT_IEC_60559_ATTRIBS_EXT__=1 -D__STDC_WANT_IEC_60559_BFP_EXT__=1 -D__STDC_WANT_IEC_60559_DFP_EXT__=1 -D__STDC_WANT_IEC_60559_EXT__=1 -D__STDC_WANT_IEC_60559_FUNCS_EXT__=1 -D__STDC_WANT_IEC_60559_TYPES_EXT__=1 -D__STDC_WANT_LIB_EXT2__=1 -D__STDC_WANT_MATH_SPEC_FUNCS__=1 -D_TANDEM_SOURCE=1 -D__EXTENSIONS__=1 -DHAVE_BITSTRING_H=1 -DHAVE_DIRENT_H=1 -DHAVE_FCNTL_H=1 -DHAVE_INTTYPES_H=1 -DHAVE_LIBPROC_H=1 -DHAVE_PATHS_H=1 -DHAVE_STDINT_H=1 -DHAVE_SYS_DIR_H=1 -DHAVE_UTIL_H=1 -DHAVE_SYS_SIGNAME=1 -DHAVE_LIBM=1 -DHAVE_DIRFD=1 -DHAVE_FLOCK=1 -DHAVE_PROC_PIDINFO=1 -DHAVE_SYSCONF=1 -DHAVE_ASPRINTF=1 -DHAVE_CFMAKERAW=1 -DHAVE_CLOCK_GETTIME=1 -DHAVE_FGETLN=1 -DHAVE_GETDTABLESIZE=1 -DHAVE_GETPEEREID=1 -DHAVE_GETLINE=1 -DHAVE_GETPROGNAME=1 -DHAVE_MEMMEM=1 -DHAVE_SETENV=1 -DHAVE_STRCASESTR=1 -DHAVE_STRLCAT=1 -DHAVE_STRLCPY=1 -DHAVE_STRNDUP=1 -DHAVE_STRSEP=1 -DHAVE_STRTONUM=1 -DHAVE_EVENT2_EVENT_H=1 -DHAVE_NCURSES_H=1 -DHAVE_TIPARM=1 -DHAVE_TIPARM_S=1 -DHAVE_UTF8PROC=1 -DHAVE_B64_NTOP=1 -DHAVE_JEMALLOC=1 -DHAVE_DAEMON=1 -DHAVE_FORKPTY=1 -DHAVE___PROGNAME=1 -DBROKEN___DEAD=1 -DBROKEN_CMSG_FIRSTHDR=1 -I.  -I/opt/homebrew/Cellar/jemalloc/5.4.0/include -I/opt/homebrew/Cellar/utf8proc/2.12.0/include -DUTF8PROC_EXPORTS -D_DARWIN_C_SOURCE -DNCURSES_WIDECHAR -I/opt/homebrew/Cellar/ncurses/6.6/include/ncursesw -I/opt/homebrew/Cellar/ncurses/6.6/include -I/opt/homebrew/Cellar/libevent/2.1.13/include -DTMUX_VERSION='"3.7c"' -DTMUX_CONF='"/etc/tmux.conf:~/.tmux.conf:$XDG_CONFIG_HOME/tmux/tmux.conf:~/.config/tmux/tmux.conf"' -DTMUX_LOCK_CMD='"lock -np"' -DTMUX_TERM='"tmux-256color"'  -iquote.        -std=gnu99 -O2       -MT cmd-list-clients.o -MD -MP -MF $depbase.Tpo -c -o cmd-list-clients.o cmd-list-clients.c &&\
	mv -f $depbase.Tpo $depbase.Po
depbase=`echo cmd-list-commands.o | sed 's|[^/]*$|.deps/&|;s|\.o$||'`;\
	gcc -std=gnu23 -DPACKAGE_NAME=\"tmux\" -DPACKAGE_TARNAME=\"tmux\" -DPACKAGE_VERSION=\"3.7c\" -DPACKAGE_STRING=\"tmux\ 3.7c\" -DPACKAGE_BUGREPORT=\"\" -DPACKAGE_URL=\"\" -DPACKAGE=\"tmux\" -DVERSION=\"3.7c\" -DHAVE_STDIO_H=1 -DHAVE_STDLIB_H=1 -DHAVE_STRING_H=1 -DHAVE_INTTYPES_H=1 -DHAVE_STDINT_H=1 -DHAVE_STRINGS_H=1 -DHAVE_SYS_STAT_H=1 -DHAVE_SYS_TYPES_H=1 -DHAVE_UNISTD_H=1 -DHAVE_WCHAR_H=1 -DSTDC_HEADERS=1 -D_ALL_SOURCE=1 -D_COSMO_SOURCE=1 -D_DARWIN_C_SOURCE=1 -D_GNU_SOURCE=1 -D_HPUX_ALT_XOPEN_SOCKET_API=1 -D_NETBSD_SOURCE=1 -D_OPENBSD_SOURCE=1 -D_POSIX_PTHREAD_SEMANTICS=1 -D__STDC_WANT_IEC_60559_ATTRIBS_EXT__=1 -D__STDC_WANT_IEC_60559_BFP_EXT__=1 -D__STDC_WANT_IEC_60559_DFP_EXT__=1 -D__STDC_WANT_IEC_60559_EXT__=1 -D__STDC_WANT_IEC_60559_FUNCS_EXT__=1 -D__STDC_WANT_IEC_60559_TYPES_EXT__=1 -D__STDC_WANT_LIB_EXT2__=1 -D__STDC_WANT_MATH_SPEC_FUNCS__=1 -D_TANDEM_SOURCE=1 -D__EXTENSIONS__=1 -DHAVE_BITSTRING_H=1 -DHAVE_DIRENT_H=1 -DHAVE_FCNTL_H=1 -DHAVE_INTTYPES_H=1 -DHAVE_LIBPROC_H=1 -DHAVE_PATHS_H=1 -DHAVE_STDINT_H=1 -DHAVE_SYS_DIR_H=1 -DHAVE_UTIL_H=1 -DHAVE_SYS_SIGNAME=1 -DHAVE_LIBM=1 -DHAVE_DIRFD=1 -DHAVE_FLOCK=1 -DHAVE_PROC_PIDINFO=1 -DHAVE_SYSCONF=1 -DHAVE_ASPRINTF=1 -DHAVE_CFMAKERAW=1 -DHAVE_CLOCK_GETTIME=1 -DHAVE_FGETLN=1 -DHAVE_GETDTABLESIZE=1 -DHAVE_GETPEEREID=1 -DHAVE_GETLINE=1 -DHAVE_GETPROGNAME=1 -DHAVE_MEMMEM=1 -DHAVE_SETENV=1 -DHAVE_STRCASESTR=1 -DHAVE_STRLCAT=1 -DHAVE_STRLCPY=1 -DHAVE_STRNDUP=1 -DHAVE_STRSEP=1 -DHAVE_STRTONUM=1 -DHAVE_EVENT2_EVENT_H=1 -DHAVE_NCURSES_H=1 -DHAVE_TIPARM=1 -DHAVE_TIPARM_S=1 -DHAVE_UTF8PROC=1 -DHAVE_B64_NTOP=1 -DHAVE_JEMALLOC=1 -DHAVE_DAEMON=1 -DHAVE_FORKPTY=1 -DHAVE___PROGNAME=1 -DBROKEN___DEAD=1 -DBROKEN_CMSG_FIRSTHDR=1 -I.  -I/opt/homebrew/Cellar/jemalloc/5.4.0/include -I/opt/homebrew/Cellar/utf8proc/2.12.0/include -DUTF8PROC_EXPORTS -D_DARWIN_C_SOURCE -DNCURSES_WIDECHAR -I/opt/homebrew/Cellar/ncurses/6.6/include/ncursesw -I/opt/homebrew/Cellar/ncurses/6.6/include -I/opt/homebrew/Cellar/libevent/2.1.13/include -DTMUX_VERSION='"3.7c"' -DTMUX_CONF='"/etc/tmux.conf:~/.tmux.conf:$XDG_CONFIG_HOME/tmux/tmux.conf:~/.config/tmux/tmux.conf"' -DTMUX_LOCK_CMD='"lock -np"' -DTMUX_TERM='"tmux-256color"'  -iquote.        -std=gnu99 -O2       -MT cmd-list-commands.o -MD -MP -MF $depbase.Tpo -c -o cmd-list-commands.o cmd-list-commands.c &&\
	mv -f $depbase.Tpo $depbase.Po
depbase=`echo cmd-list-keys.o | sed 's|[^/]*$|.deps/&|;s|\.o$||'`;\
	gcc -std=gnu23 -DPACKAGE_NAME=\"tmux\" -DPACKAGE_TARNAME=\"tmux\" -DPACKAGE_VERSION=\"3.7c\" -DPACKAGE_STRING=\"tmux\ 3.7c\" -DPACKAGE_BUGREPORT=\"\" -DPACKAGE_URL=\"\" -DPACKAGE=\"tmux\" -DVERSION=\"3.7c\" -DHAVE_STDIO_H=1 -DHAVE_STDLIB_H=1 -DHAVE_STRING_H=1 -DHAVE_INTTYPES_H=1 -DHAVE_STDINT_H=1 -DHAVE_STRINGS_H=1 -DHAVE_SYS_STAT_H=1 -DHAVE_SYS_TYPES_H=1 -DHAVE_UNISTD_H=1 -DHAVE_WCHAR_H=1 -DSTDC_HEADERS=1 -D_ALL_SOURCE=1 -D_COSMO_SOURCE=1 -D_DARWIN_C_SOURCE=1 -D_GNU_SOURCE=1 -D_HPUX_ALT_XOPEN_SOCKET_API=1 -D_NETBSD_SOURCE=1 -D_OPENBSD_SOURCE=1 -D_POSIX_PTHREAD_SEMANTICS=1 -D__STDC_WANT_IEC_60559_ATTRIBS_EXT__=1 -D__STDC_WANT_IEC_60559_BFP_EXT__=1 -D__STDC_WANT_IEC_60559_DFP_EXT__=1 -D__STDC_WANT_IEC_60559_EXT__=1 -D__STDC_WANT_IEC_60559_FUNCS_EXT__=1 -D__STDC_WANT_IEC_60559_TYPES_EXT__=1 -D__STDC_WANT_LIB_EXT2__=1 -D__STDC_WANT_MATH_SPEC_FUNCS__=1 -D_TANDEM_SOURCE=1 -D__EXTENSIONS__=1 -DHAVE_BITSTRING_H=1 -DHAVE_DIRENT_H=1 -DHAVE_FCNTL_H=1 -DHAVE_INTTYPES_H=1 -DHAVE_LIBPROC_H=1 -DHAVE_PATHS_H=1 -DHAVE_STDINT_H=1 -DHAVE_SYS_DIR_H=1 -DHAVE_UTIL_H=1 -DHAVE_SYS_SIGNAME=1 -DHAVE_LIBM=1 -DHAVE_DIRFD=1 -DHAVE_FLOCK=1 -DHAVE_PROC_PIDINFO=1 -DHAVE_SYSCONF=1 -DHAVE_ASPRINTF=1 -DHAVE_CFMAKERAW=1 -DHAVE_CLOCK_GETTIME=1 -DHAVE_FGETLN=1 -DHAVE_GETDTABLESIZE=1 -DHAVE_GETPEEREID=1 -DHAVE_GETLINE=1 -DHAVE_GETPROGNAME=1 -DHAVE_MEMMEM=1 -DHAVE_SETENV=1 -DHAVE_STRCASESTR=1 -DHAVE_STRLCAT=1 -DHAVE_STRLCPY=1 -DHAVE_STRNDUP=1 -DHAVE_STRSEP=1 -DHAVE_STRTONUM=1 -DHAVE_EVENT2_EVENT_H=1 -DHAVE_NCURSES_H=1 -DHAVE_TIPARM=1 -DHAVE_TIPARM_S=1 -DHAVE_UTF8PROC=1 -DHAVE_B64_NTOP=1 -DHAVE_JEMALLOC=1 -DHAVE_DAEMON=1 -DHAVE_FORKPTY=1 -DHAVE___PROGNAME=1 -DBROKEN___DEAD=1 -DBROKEN_CMSG_FIRSTHDR=1 -I.  -I/opt/homebrew/Cellar/jemalloc/5.4.0/include -I/opt/homebrew/Cellar/utf8proc/2.12.0/include -DUTF8PROC_EXPORTS -D_DARWIN_C_SOURCE -DNCURSES_WIDECHAR -I/opt/homebrew/Cellar/ncurses/6.6/include/ncursesw -I/opt/homebrew/Cellar/ncurses/6.6/include -I/opt/homebrew/Cellar/libevent/2.1.13/include -DTMUX_VERSION='"3.7c"' -DTMUX_CONF='"/etc/tmux.conf:~/.tmux.conf:$XDG_CONFIG_HOME/tmux/tmux.conf:~/.config/tmux/tmux.conf"' -DTMUX_LOCK_CMD='"lock -np"' -DTMUX_TERM='"tmux-256color"'  -iquote.        -std=gnu99 -O2       -MT cmd-list-keys.o -MD -MP -MF $depbase.Tpo -c -o cmd-list-keys.o cmd-list-keys.c &&\
	mv -f $depbase.Tpo $depbase.Po
depbase=`echo cmd-list-panes.o | sed 's|[^/]*$|.deps/&|;s|\.o$||'`;\
	gcc -std=gnu23 -DPACKAGE_NAME=\"tmux\" -DPACKAGE_TARNAME=\"tmux\" -DPACKAGE_VERSION=\"3.7c\" -DPACKAGE_STRING=\"tmux\ 3.7c\" -DPACKAGE_BUGREPORT=\"\" -DPACKAGE_URL=\"\" -DPACKAGE=\"tmux\" -DVERSION=\"3.7c\" -DHAVE_STDIO_H=1 -DHAVE_STDLIB_H=1 -DHAVE_STRING_H=1 -DHAVE_INTTYPES_H=1 -DHAVE_STDINT_H=1 -DHAVE_STRINGS_H=1 -DHAVE_SYS_STAT_H=1 -DHAVE_SYS_TYPES_H=1 -DHAVE_UNISTD_H=1 -DHAVE_WCHAR_H=1 -DSTDC_HEADERS=1 -D_ALL_SOURCE=1 -D_COSMO_SOURCE=1 -D_DARWIN_C_SOURCE=1 -D_GNU_SOURCE=1 -D_HPUX_ALT_XOPEN_SOCKET_API=1 -D_NETBSD_SOURCE=1 -D_OPENBSD_SOURCE=1 -D_POSIX_PTHREAD_SEMANTICS=1 -D__STDC_WANT_IEC_60559_ATTRIBS_EXT__=1 -D__STDC_WANT_IEC_60559_BFP_EXT__=1 -D__STDC_WANT_IEC_60559_DFP_EXT__=1 -D__STDC_WANT_IEC_60559_EXT__=1 -D__STDC_WANT_IEC_60559_FUNCS_EXT__=1 -D__STDC_WANT_IEC_60559_TYPES_EXT__=1 -D__STDC_WANT_LIB_EXT2__=1 -D__STDC_WANT_MATH_SPEC_FUNCS__=1 -D_TANDEM_SOURCE=1 -D__EXTENSIONS__=1 -DHAVE_BITSTRING_H=1 -DHAVE_DIRENT_H=1 -DHAVE_FCNTL_H=1 -DHAVE_INTTYPES_H=1 -DHAVE_LIBPROC_H=1 -DHAVE_PATHS_H=1 -DHAVE_STDINT_H=1 -DHAVE_SYS_DIR_H=1 -DHAVE_UTIL_H=1 -DHAVE_SYS_SIGNAME=1 -DHAVE_LIBM=1 -DHAVE_DIRFD=1 -DHAVE_FLOCK=1 -DHAVE_PROC_PIDINFO=1 -DHAVE_SYSCONF=1 -DHAVE_ASPRINTF=1 -DHAVE_CFMAKERAW=1 -DHAVE_CLOCK_GETTIME=1 -DHAVE_FGETLN=1 -DHAVE_GETDTABLESIZE=1 -DHAVE_GETPEEREID=1 -DHAVE_GETLINE=1 -DHAVE_GETPROGNAME=1 -DHAVE_MEMMEM=1 -DHAVE_SETENV=1 -DHAVE_STRCASESTR=1 -DHAVE_STRLCAT=1 -DHAVE_STRLCPY=1 -DHAVE_STRNDUP=1 -DHAVE_STRSEP=1 -DHAVE_STRTONUM=1 -DHAVE_EVENT2_EVENT_H=1 -DHAVE_NCURSES_H=1 -DHAVE_TIPARM=1 -DHAVE_TIPARM_S=1 -DHAVE_UTF8PROC=1 -DHAVE_B64_NTOP=1 -DHAVE_JEMALLOC=1 -DHAVE_DAEMON=1 -DHAVE_FORKPTY=1 -DHAVE___PROGNAME=1 -DBROKEN___DEAD=1 -DBROKEN_CMSG_FIRSTHDR=1 -I.  -I/opt/homebrew/Cellar/jemalloc/5.4.0/include -I/opt/homebrew/Cellar/utf8proc/2.12.0/include -DUTF8PROC_EXPORTS -D_DARWIN_C_SOURCE -DNCURSES_WIDECHAR -I/opt/homebrew/Cellar/ncurses/6.6/include/ncursesw -I/opt/homebrew/Cellar/ncurses/6.6/include -I/opt/homebrew/Cellar/libevent/2.1.13/include -DTMUX_VERSION='"3.7c"' -DTMUX_CONF='"/etc/tmux.conf:~/.tmux.conf:$XDG_CONFIG_HOME/tmux/tmux.conf:~/.config/tmux/tmux.conf"' -DTMUX_LOCK_CMD='"lock -np"' -DTMUX_TERM='"tmux-256color"'  -iquote.        -std=gnu99 -O2       -MT cmd-list-panes.o -MD -MP -MF $depbase.Tpo -c -o cmd-list-panes.o cmd-list-panes.c &&\
	mv -f $depbase.Tpo $depbase.Po
depbase=`echo cmd-list-sessions.o | sed 's|[^/]*$|.deps/&|;s|\.o$||'`;\
	gcc -std=gnu23 -DPACKAGE_NAME=\"tmux\" -DPACKAGE_TARNAME=\"tmux\" -DPACKAGE_VERSION=\"3.7c\" -DPACKAGE_STRING=\"tmux\ 3.7c\" -DPACKAGE_BUGREPORT=\"\" -DPACKAGE_URL=\"\" -DPACKAGE=\"tmux\" -DVERSION=\"3.7c\" -DHAVE_STDIO_H=1 -DHAVE_STDLIB_H=1 -DHAVE_STRING_H=1 -DHAVE_INTTYPES_H=1 -DHAVE_STDINT_H=1 -DHAVE_STRINGS_H=1 -DHAVE_SYS_STAT_H=1 -DHAVE_SYS_TYPES_H=1 -DHAVE_UNISTD_H=1 -DHAVE_WCHAR_H=1 -DSTDC_HEADERS=1 -D_ALL_SOURCE=1 -D_COSMO_SOURCE=1 -D_DARWIN_C_SOURCE=1 -D_GNU_SOURCE=1 -D_HPUX_ALT_XOPEN_SOCKET_API=1 -D_NETBSD_SOURCE=1 -D_OPENBSD_SOURCE=1 -D_POSIX_PTHREAD_SEMANTICS=1 -D__STDC_WANT_IEC_60559_ATTRIBS_EXT__=1 -D__STDC_WANT_IEC_60559_BFP_EXT__=1 -D__STDC_WANT_IEC_60559_DFP_EXT__=1 -D__STDC_WANT_IEC_60559_EXT__=1 -D__STDC_WANT_IEC_60559_FUNCS_EXT__=1 -D__STDC_WANT_IEC_60559_TYPES_EXT__=1 -D__STDC_WANT_LIB_EXT2__=1 -D__STDC_WANT_MATH_SPEC_FUNCS__=1 -D_TANDEM_SOURCE=1 -D__EXTENSIONS__=1 -DHAVE_BITSTRING_H=1 -DHAVE_DIRENT_H=1 -DHAVE_FCNTL_H=1 -DHAVE_INTTYPES_H=1 -DHAVE_LIBPROC_H=1 -DHAVE_PATHS_H=1 -DHAVE_STDINT_H=1 -DHAVE_SYS_DIR_H=1 -DHAVE_UTIL_H=1 -DHAVE_SYS_SIGNAME=1 -DHAVE_LIBM=1 -DHAVE_DIRFD=1 -DHAVE_FLOCK=1 -DHAVE_PROC_PIDINFO=1 -DHAVE_SYSCONF=1 -DHAVE_ASPRINTF=1 -DHAVE_CFMAKERAW=1 -DHAVE_CLOCK_GETTIME=1 -DHAVE_FGETLN=1 -DHAVE_GETDTABLESIZE=1 -DHAVE_GETPEEREID=1 -DHAVE_GETLINE=1 -DHAVE_GETPROGNAME=1 -DHAVE_MEMMEM=1 -DHAVE_SETENV=1 -DHAVE_STRCASESTR=1 -DHAVE_STRLCAT=1 -DHAVE_STRLCPY=1 -DHAVE_STRNDUP=1 -DHAVE_STRSEP=1 -DHAVE_STRTONUM=1 -DHAVE_EVENT2_EVENT_H=1 -DHAVE_NCURSES_H=1 -DHAVE_TIPARM=1 -DHAVE_TIPARM_S=1 -DHAVE_UTF8PROC=1 -DHAVE_B64_NTOP=1 -DHAVE_JEMALLOC=1 -DHAVE_DAEMON=1 -DHAVE_FORKPTY=1 -DHAVE___PROGNAME=1 -DBROKEN___DEAD=1 -DBROKEN_CMSG_FIRSTHDR=1 -I.  -I/opt/homebrew/Cellar/jemalloc/5.4.0/include -I/opt/homebrew/Cellar/utf8proc/2.12.0/include -DUTF8PROC_EXPORTS -D_DARWIN_C_SOURCE -DNCURSES_WIDECHAR -I/opt/homebrew/Cellar/ncurses/6.6/include/ncursesw -I/opt/homebrew/Cellar/ncurses/6.6/include -I/opt/homebrew/Cellar/libevent/2.1.13/include -DTMUX_VERSION='"3.7c"' -DTMUX_CONF='"/etc/tmux.conf:~/.tmux.conf:$XDG_CONFIG_HOME/tmux/tmux.conf:~/.config/tmux/tmux.conf"' -DTMUX_LOCK_CMD='"lock -np"' -DTMUX_TERM='"tmux-256color"'  -iquote.        -std=gnu99 -O2       -MT cmd-list-sessions.o -MD -MP -MF $depbase.Tpo -c -o cmd-list-sessions.o cmd-list-sessions.c &&\
	mv -f $depbase.Tpo $depbase.Po
depbase=`echo cmd-list-windows.o | sed 's|[^/]*$|.deps/&|;s|\.o$||'`;\
	gcc -std=gnu23 -DPACKAGE_NAME=\"tmux\" -DPACKAGE_TARNAME=\"tmux\" -DPACKAGE_VERSION=\"3.7c\" -DPACKAGE_STRING=\"tmux\ 3.7c\" -DPACKAGE_BUGREPORT=\"\" -DPACKAGE_URL=\"\" -DPACKAGE=\"tmux\" -DVERSION=\"3.7c\" -DHAVE_STDIO_H=1 -DHAVE_STDLIB_H=1 -DHAVE_STRING_H=1 -DHAVE_INTTYPES_H=1 -DHAVE_STDINT_H=1 -DHAVE_STRINGS_H=1 -DHAVE_SYS_STAT_H=1 -DHAVE_SYS_TYPES_H=1 -DHAVE_UNISTD_H=1 -DHAVE_WCHAR_H=1 -DSTDC_HEADERS=1 -D_ALL_SOURCE=1 -D_COSMO_SOURCE=1 -D_DARWIN_C_SOURCE=1 -D_GNU_SOURCE=1 -D_HPUX_ALT_XOPEN_SOCKET_API=1 -D_NETBSD_SOURCE=1 -D_OPENBSD_SOURCE=1 -D_POSIX_PTHREAD_SEMANTICS=1 -D__STDC_WANT_IEC_60559_ATTRIBS_EXT__=1 -D__STDC_WANT_IEC_60559_BFP_EXT__=1 -D__STDC_WANT_IEC_60559_DFP_EXT__=1 -D__STDC_WANT_IEC_60559_EXT__=1 -D__STDC_WANT_IEC_60559_FUNCS_EXT__=1 -D__STDC_WANT_IEC_60559_TYPES_EXT__=1 -D__STDC_WANT_LIB_EXT2__=1 -D__STDC_WANT_MATH_SPEC_FUNCS__=1 -D_TANDEM_SOURCE=1 -D__EXTENSIONS__=1 -DHAVE_BITSTRING_H=1 -DHAVE_DIRENT_H=1 -DHAVE_FCNTL_H=1 -DHAVE_INTTYPES_H=1 -DHAVE_LIBPROC_H=1 -DHAVE_PATHS_H=1 -DHAVE_STDINT_H=1 -DHAVE_SYS_DIR_H=1 -DHAVE_UTIL_H=1 -DHAVE_SYS_SIGNAME=1 -DHAVE_LIBM=1 -DHAVE_DIRFD=1 -DHAVE_FLOCK=1 -DHAVE_PROC_PIDINFO=1 -DHAVE_SYSCONF=1 -DHAVE_ASPRINTF=1 -DHAVE_CFMAKERAW=1 -DHAVE_CLOCK_GETTIME=1 -DHAVE_FGETLN=1 -DHAVE_GETDTABLESIZE=1 -DHAVE_GETPEEREID=1 -DHAVE_GETLINE=1 -DHAVE_GETPROGNAME=1 -DHAVE_MEMMEM=1 -DHAVE_SETENV=1 -DHAVE_STRCASESTR=1 -DHAVE_STRLCAT=1 -DHAVE_STRLCPY=1 -DHAVE_STRNDUP=1 -DHAVE_STRSEP=1 -DHAVE_STRTONUM=1 -DHAVE_EVENT2_EVENT_H=1 -DHAVE_NCURSES_H=1 -DHAVE_TIPARM=1 -DHAVE_TIPARM_S=1 -DHAVE_UTF8PROC=1 -DHAVE_B64_NTOP=1 -DHAVE_JEMALLOC=1 -DHAVE_DAEMON=1 -DHAVE_FORKPTY=1 -DHAVE___PROGNAME=1 -DBROKEN___DEAD=1 -DBROKEN_CMSG_FIRSTHDR=1 -I.  -I/opt/homebrew/Cellar/jemalloc/5.4.0/include -I/opt/homebrew/Cellar/utf8proc/2.12.0/include -DUTF8PROC_EXPORTS -D_DARWIN_C_SOURCE -DNCURSES_WIDECHAR -I/opt/homebrew/Cellar/ncurses/6.6/include/ncursesw -I/opt/homebrew/Cellar/ncurses/6.6/include -I/opt/homebrew/Cellar/libevent/2.1.13/include -DTMUX_VERSION='"3.7c"' -DTMUX_CONF='"/etc/tmux.conf:~/.tmux.conf:$XDG_CONFIG_HOME/tmux/tmux.conf:~/.config/tmux/tmux.conf"' -DTMUX_LOCK_CMD='"lock -np"' -DTMUX_TERM='"tmux-256color"'  -iquote.        -std=gnu99 -O2       -MT cmd-list-windows.o -MD -MP -MF $depbase.Tpo -c -o cmd-list-windows.o cmd-list-windows.c &&\
	mv -f $depbase.Tpo $depbase.Po
depbase=`echo cmd-load-buffer.o | sed 's|[^/]*$|.deps/&|;s|\.o$||'`;\
	gcc -std=gnu23 -DPACKAGE_NAME=\"tmux\" -DPACKAGE_TARNAME=\"tmux\" -DPACKAGE_VERSION=\"3.7c\" -DPACKAGE_STRING=\"tmux\ 3.7c\" -DPACKAGE_BUGREPORT=\"\" -DPACKAGE_URL=\"\" -DPACKAGE=\"tmux\" -DVERSION=\"3.7c\" -DHAVE_STDIO_H=1 -DHAVE_STDLIB_H=1 -DHAVE_STRING_H=1 -DHAVE_INTTYPES_H=1 -DHAVE_STDINT_H=1 -DHAVE_STRINGS_H=1 -DHAVE_SYS_STAT_H=1 -DHAVE_SYS_TYPES_H=1 -DHAVE_UNISTD_H=1 -DHAVE_WCHAR_H=1 -DSTDC_HEADERS=1 -D_ALL_SOURCE=1 -D_COSMO_SOURCE=1 -D_DARWIN_C_SOURCE=1 -D_GNU_SOURCE=1 -D_HPUX_ALT_XOPEN_SOCKET_API=1 -D_NETBSD_SOURCE=1 -D_OPENBSD_SOURCE=1 -D_POSIX_PTHREAD_SEMANTICS=1 -D__STDC_WANT_IEC_60559_ATTRIBS_EXT__=1 -D__STDC_WANT_IEC_60559_BFP_EXT__=1 -D__STDC_WANT_IEC_60559_DFP_EXT__=1 -D__STDC_WANT_IEC_60559_EXT__=1 -D__STDC_WANT_IEC_60559_FUNCS_EXT__=1 -D__STDC_WANT_IEC_60559_TYPES_EXT__=1 -D__STDC_WANT_LIB_EXT2__=1 -D__STDC_WANT_MATH_SPEC_FUNCS__=1 -D_TANDEM_SOURCE=1 -D__EXTENSIONS__=1 -DHAVE_BITSTRING_H=1 -DHAVE_DIRENT_H=1 -DHAVE_FCNTL_H=1 -DHAVE_INTTYPES_H=1 -DHAVE_LIBPROC_H=1 -DHAVE_PATHS_H=1 -DHAVE_STDINT_H=1 -DHAVE_SYS_DIR_H=1 -DHAVE_UTIL_H=1 -DHAVE_SYS_SIGNAME=1 -DHAVE_LIBM=1 -DHAVE_DIRFD=1 -DHAVE_FLOCK=1 -DHAVE_PROC_PIDINFO=1 -DHAVE_SYSCONF=1 -DHAVE_ASPRINTF=1 -DHAVE_CFMAKERAW=1 -DHAVE_CLOCK_GETTIME=1 -DHAVE_FGETLN=1 -DHAVE_GETDTABLESIZE=1 -DHAVE_GETPEEREID=1 -DHAVE_GETLINE=1 -DHAVE_GETPROGNAME=1 -DHAVE_MEMMEM=1 -DHAVE_SETENV=1 -DHAVE_STRCASESTR=1 -DHAVE_STRLCAT=1 -DHAVE_STRLCPY=1 -DHAVE_STRNDUP=1 -DHAVE_STRSEP=1 -DHAVE_STRTONUM=1 -DHAVE_EVENT2_EVENT_H=1 -DHAVE_NCURSES_H=1 -DHAVE_TIPARM=1 -DHAVE_TIPARM_S=1 -DHAVE_UTF8PROC=1 -DHAVE_B64_NTOP=1 -DHAVE_JEMALLOC=1 -DHAVE_DAEMON=1 -DHAVE_FORKPTY=1 -DHAVE___PROGNAME=1 -DBROKEN___DEAD=1 -DBROKEN_CMSG_FIRSTHDR=1 -I.  -I/opt/homebrew/Cellar/jemalloc/5.4.0/include -I/opt/homebrew/Cellar/utf8proc/2.12.0/include -DUTF8PROC_EXPORTS -D_DARWIN_C_SOURCE -DNCURSES_WIDECHAR -I/opt/homebrew/Cellar/ncurses/6.6/include/ncursesw -I/opt/homebrew/Cellar/ncurses/6.6/include -I/opt/homebrew/Cellar/libevent/2.1.13/include -DTMUX_VERSION='"3.7c"' -DTMUX_CONF='"/etc/tmux.conf:~/.tmux.conf:$XDG_CONFIG_HOME/tmux/tmux.conf:~/.config/tmux/tmux.conf"' -DTMUX_LOCK_CMD='"lock -np"' -DTMUX_TERM='"tmux-256color"'  -iquote.        -std=gnu99 -O2       -MT cmd-load-buffer.o -MD -MP -MF $depbase.Tpo -c -o cmd-load-buffer.o cmd-load-buffer.c &&\
	mv -f $depbase.Tpo $depbase.Po
depbase=`echo cmd-lock-server.o | sed 's|[^/]*$|.deps/&|;s|\.o$||'`;\
	gcc -std=gnu23 -DPACKAGE_NAME=\"tmux\" -DPACKAGE_TARNAME=\"tmux\" -DPACKAGE_VERSION=\"3.7c\" -DPACKAGE_STRING=\"tmux\ 3.7c\" -DPACKAGE_BUGREPORT=\"\" -DPACKAGE_URL=\"\" -DPACKAGE=\"tmux\" -DVERSION=\"3.7c\" -DHAVE_STDIO_H=1 -DHAVE_STDLIB_H=1 -DHAVE_STRING_H=1 -DHAVE_INTTYPES_H=1 -DHAVE_STDINT_H=1 -DHAVE_STRINGS_H=1 -DHAVE_SYS_STAT_H=1 -DHAVE_SYS_TYPES_H=1 -DHAVE_UNISTD_H=1 -DHAVE_WCHAR_H=1 -DSTDC_HEADERS=1 -D_ALL_SOURCE=1 -D_COSMO_SOURCE=1 -D_DARWIN_C_SOURCE=1 -D_GNU_SOURCE=1 -D_HPUX_ALT_XOPEN_SOCKET_API=1 -D_NETBSD_SOURCE=1 -D_OPENBSD_SOURCE=1 -D_POSIX_PTHREAD_SEMANTICS=1 -D__STDC_WANT_IEC_60559_ATTRIBS_EXT__=1 -D__STDC_WANT_IEC_60559_BFP_EXT__=1 -D__STDC_WANT_IEC_60559_DFP_EXT__=1 -D__STDC_WANT_IEC_60559_EXT__=1 -D__STDC_WANT_IEC_60559_FUNCS_EXT__=1 -D__STDC_WANT_IEC_60559_TYPES_EXT__=1 -D__STDC_WANT_LIB_EXT2__=1 -D__STDC_WANT_MATH_SPEC_FUNCS__=1 -D_TANDEM_SOURCE=1 -D__EXTENSIONS__=1 -DHAVE_BITSTRING_H=1 -DHAVE_DIRENT_H=1 -DHAVE_FCNTL_H=1 -DHAVE_INTTYPES_H=1 -DHAVE_LIBPROC_H=1 -DHAVE_PATHS_H=1 -DHAVE_STDINT_H=1 -DHAVE_SYS_DIR_H=1 -DHAVE_UTIL_H=1 -DHAVE_SYS_SIGNAME=1 -DHAVE_LIBM=1 -DHAVE_DIRFD=1 -DHAVE_FLOCK=1 -DHAVE_PROC_PIDINFO=1 -DHAVE_SYSCONF=1 -DHAVE_ASPRINTF=1 -DHAVE_CFMAKERAW=1 -DHAVE_CLOCK_GETTIME=1 -DHAVE_FGETLN=1 -DHAVE_GETDTABLESIZE=1 -DHAVE_GETPEEREID=1 -DHAVE_GETLINE=1 -DHAVE_GETPROGNAME=1 -DHAVE_MEMMEM=1 -DHAVE_SETENV=1 -DHAVE_STRCASESTR=1 -DHAVE_STRLCAT=1 -DHAVE_STRLCPY=1 -DHAVE_STRNDUP=1 -DHAVE_STRSEP=1 -DHAVE_STRTONUM=1 -DHAVE_EVENT2_EVENT_H=1 -DHAVE_NCURSES_H=1 -DHAVE_TIPARM=1 -DHAVE_TIPARM_S=1 -DHAVE_UTF8PROC=1 -DHAVE_B64_NTOP=1 -DHAVE_JEMALLOC=1 -DHAVE_DAEMON=1 -DHAVE_FORKPTY=1 -DHAVE___PROGNAME=1 -DBROKEN___DEAD=1 -DBROKEN_CMSG_FIRSTHDR=1 -I.  -I/opt/homebrew/Cellar/jemalloc/5.4.0/include -I/opt/homebrew/Cellar/utf8proc/2.12.0/include -DUTF8PROC_EXPORTS -D_DARWIN_C_SOURCE -DNCURSES_WIDECHAR -I/opt/homebrew/Cellar/ncurses/6.6/include/ncursesw -I/opt/homebrew/Cellar/ncurses/6.6/include -I/opt/homebrew/Cellar/libevent/2.1.13/include -DTMUX_VERSION='"3.7c"' -DTMUX_CONF='"/etc/tmux.conf:~/.tmux.conf:$XDG_CONFIG_HOME/tmux/tmux.conf:~/.config/tmux/tmux.conf"' -DTMUX_LOCK_CMD='"lock -np"' -DTMUX_TERM='"tmux-256color"'  -iquote.        -std=gnu99 -O2       -MT cmd-lock-server.o -MD -MP -MF $depbase.Tpo -c -o cmd-lock-server.o cmd-lock-server.c &&\
	mv -f $depbase.Tpo $depbase.Po
depbase=`echo cmd-move-window.o | sed 's|[^/]*$|.deps/&|;s|\.o$||'`;\
	gcc -std=gnu23 -DPACKAGE_NAME=\"tmux\" -DPACKAGE_TARNAME=\"tmux\" -DPACKAGE_VERSION=\"3.7c\" -DPACKAGE_STRING=\"tmux\ 3.7c\" -DPACKAGE_BUGREPORT=\"\" -DPACKAGE_URL=\"\" -DPACKAGE=\"tmux\" -DVERSION=\"3.7c\" -DHAVE_STDIO_H=1 -DHAVE_STDLIB_H=1 -DHAVE_STRING_H=1 -DHAVE_INTTYPES_H=1 -DHAVE_STDINT_H=1 -DHAVE_STRINGS_H=1 -DHAVE_SYS_STAT_H=1 -DHAVE_SYS_TYPES_H=1 -DHAVE_UNISTD_H=1 -DHAVE_WCHAR_H=1 -DSTDC_HEADERS=1 -D_ALL_SOURCE=1 -D_COSMO_SOURCE=1 -D_DARWIN_C_SOURCE=1 -D_GNU_SOURCE=1 -D_HPUX_ALT_XOPEN_SOCKET_API=1 -D_NETBSD_SOURCE=1 -D_OPENBSD_SOURCE=1 -D_POSIX_PTHREAD_SEMANTICS=1 -D__STDC_WANT_IEC_60559_ATTRIBS_EXT__=1 -D__STDC_WANT_IEC_60559_BFP_EXT__=1 -D__STDC_WANT_IEC_60559_DFP_EXT__=1 -D__STDC_WANT_IEC_60559_EXT__=1 -D__STDC_WANT_IEC_60559_FUNCS_EXT__=1 -D__STDC_WANT_IEC_60559_TYPES_EXT__=1 -D__STDC_WANT_LIB_EXT2__=1 -D__STDC_WANT_MATH_SPEC_FUNCS__=1 -D_TANDEM_SOURCE=1 -D__EXTENSIONS__=1 -DHAVE_BITSTRING_H=1 -DHAVE_DIRENT_H=1 -DHAVE_FCNTL_H=1 -DHAVE_INTTYPES_H=1 -DHAVE_LIBPROC_H=1 -DHAVE_PATHS_H=1 -DHAVE_STDINT_H=1 -DHAVE_SYS_DIR_H=1 -DHAVE_UTIL_H=1 -DHAVE_SYS_SIGNAME=1 -DHAVE_LIBM=1 -DHAVE_DIRFD=1 -DHAVE_FLOCK=1 -DHAVE_PROC_PIDINFO=1 -DHAVE_SYSCONF=1 -DHAVE_ASPRINTF=1 -DHAVE_CFMAKERAW=1 -DHAVE_CLOCK_GETTIME=1 -DHAVE_FGETLN=1 -DHAVE_GETDTABLESIZE=1 -DHAVE_GETPEEREID=1 -DHAVE_GETLINE=1 -DHAVE_GETPROGNAME=1 -DHAVE_MEMMEM=1 -DHAVE_SETENV=1 -DHAVE_STRCASESTR=1 -DHAVE_STRLCAT=1 -DHAVE_STRLCPY=1 -DHAVE_STRNDUP=1 -DHAVE_STRSEP=1 -DHAVE_STRTONUM=1 -DHAVE_EVENT2_EVENT_H=1 -DHAVE_NCURSES_H=1 -DHAVE_TIPARM=1 -DHAVE_TIPARM_S=1 -DHAVE_UTF8PROC=1 -DHAVE_B64_NTOP=1 -DHAVE_JEMALLOC=1 -DHAVE_DAEMON=1 -DHAVE_FORKPTY=1 -DHAVE___PROGNAME=1 -DBROKEN___DEAD=1 -DBROKEN_CMSG_FIRSTHDR=1 -I.  -I/opt/homebrew/Cellar/jemalloc/5.4.0/include -I/opt/homebrew/Cellar/utf8proc/2.12.0/include -DUTF8PROC_EXPORTS -D_DARWIN_C_SOURCE -DNCURSES_WIDECHAR -I/opt/homebrew/Cellar/ncurses/6.6/include/ncursesw -I/opt/homebrew/Cellar/ncurses/6.6/include -I/opt/homebrew/Cellar/libevent/2.1.13/include -DTMUX_VERSION='"3.7c"' -DTMUX_CONF='"/etc/tmux.conf:~/.tmux.conf:$XDG_CONFIG_HOME/tmux/tmux.conf:~/.config/tmux/tmux.conf"' -DTMUX_LOCK_CMD='"lock -np"' -DTMUX_TERM='"tmux-256color"'  -iquote.        -std=gnu99 -O2       -MT cmd-move-window.o -MD -MP -MF $depbase.Tpo -c -o cmd-move-window.o cmd-move-window.c &&\
	mv -f $depbase.Tpo $depbase.Po
depbase=`echo cmd-new-session.o | sed 's|[^/]*$|.deps/&|;s|\.o$||'`;\
	gcc -std=gnu23 -DPACKAGE_NAME=\"tmux\" -DPACKAGE_TARNAME=\"tmux\" -DPACKAGE_VERSION=\"3.7c\" -DPACKAGE_STRING=\"tmux\ 3.7c\" -DPACKAGE_BUGREPORT=\"\" -DPACKAGE_URL=\"\" -DPACKAGE=\"tmux\" -DVERSION=\"3.7c\" -DHAVE_STDIO_H=1 -DHAVE_STDLIB_H=1 -DHAVE_STRING_H=1 -DHAVE_INTTYPES_H=1 -DHAVE_STDINT_H=1 -DHAVE_STRINGS_H=1 -DHAVE_SYS_STAT_H=1 -DHAVE_SYS_TYPES_H=1 -DHAVE_UNISTD_H=1 -DHAVE_WCHAR_H=1 -DSTDC_HEADERS=1 -D_ALL_SOURCE=1 -D_COSMO_SOURCE=1 -D_DARWIN_C_SOURCE=1 -D_GNU_SOURCE=1 -D_HPUX_ALT_XOPEN_SOCKET_API=1 -D_NETBSD_SOURCE=1 -D_OPENBSD_SOURCE=1 -D_POSIX_PTHREAD_SEMANTICS=1 -D__STDC_WANT_IEC_60559_ATTRIBS_EXT__=1 -D__STDC_WANT_IEC_60559_BFP_EXT__=1 -D__STDC_WANT_IEC_60559_DFP_EXT__=1 -D__STDC_WANT_IEC_60559_EXT__=1 -D__STDC_WANT_IEC_60559_FUNCS_EXT__=1 -D__STDC_WANT_IEC_60559_TYPES_EXT__=1 -D__STDC_WANT_LIB_EXT2__=1 -D__STDC_WANT_MATH_SPEC_FUNCS__=1 -D_TANDEM_SOURCE=1 -D__EXTENSIONS__=1 -DHAVE_BITSTRING_H=1 -DHAVE_DIRENT_H=1 -DHAVE_FCNTL_H=1 -DHAVE_INTTYPES_H=1 -DHAVE_LIBPROC_H=1 -DHAVE_PATHS_H=1 -DHAVE_STDINT_H=1 -DHAVE_SYS_DIR_H=1 -DHAVE_UTIL_H=1 -DHAVE_SYS_SIGNAME=1 -DHAVE_LIBM=1 -DHAVE_DIRFD=1 -DHAVE_FLOCK=1 -DHAVE_PROC_PIDINFO=1 -DHAVE_SYSCONF=1 -DHAVE_ASPRINTF=1 -DHAVE_CFMAKERAW=1 -DHAVE_CLOCK_GETTIME=1 -DHAVE_FGETLN=1 -DHAVE_GETDTABLESIZE=1 -DHAVE_GETPEEREID=1 -DHAVE_GETLINE=1 -DHAVE_GETPROGNAME=1 -DHAVE_MEMMEM=1 -DHAVE_SETENV=1 -DHAVE_STRCASESTR=1 -DHAVE_STRLCAT=1 -DHAVE_STRLCPY=1 -DHAVE_STRNDUP=1 -DHAVE_STRSEP=1 -DHAVE_STRTONUM=1 -DHAVE_EVENT2_EVENT_H=1 -DHAVE_NCURSES_H=1 -DHAVE_TIPARM=1 -DHAVE_TIPARM_S=1 -DHAVE_UTF8PROC=1 -DHAVE_B64_NTOP=1 -DHAVE_JEMALLOC=1 -DHAVE_DAEMON=1 -DHAVE_FORKPTY=1 -DHAVE___PROGNAME=1 -DBROKEN___DEAD=1 -DBROKEN_CMSG_FIRSTHDR=1 -I.  -I/opt/homebrew/Cellar/jemalloc/5.4.0/include -I/opt/homebrew/Cellar/utf8proc/2.12.0/include -DUTF8PROC_EXPORTS -D_DARWIN_C_SOURCE -DNCURSES_WIDECHAR -I/opt/homebrew/Cellar/ncurses/6.6/include/ncursesw -I/opt/homebrew/Cellar/ncurses/6.6/include -I/opt/homebrew/Cellar/libevent/2.1.13/include -DTMUX_VERSION='"3.7c"' -DTMUX_CONF='"/etc/tmux.conf:~/.tmux.conf:$XDG_CONFIG_HOME/tmux/tmux.conf:~/.config/tmux/tmux.conf"' -DTMUX_LOCK_CMD='"lock -np"' -DTMUX_TERM='"tmux-256color"'  -iquote.        -std=gnu99 -O2       -MT cmd-new-session.o -MD -MP -MF $depbase.Tpo -c -o cmd-new-session.o cmd-new-session.c &&\
	mv -f $depbase.Tpo $depbase.Po
depbase=`echo cmd-new-window.o | sed 's|[^/]*$|.deps/&|;s|\.o$||'`;\
	gcc -std=gnu23 -DPACKAGE_NAME=\"tmux\" -DPACKAGE_TARNAME=\"tmux\" -DPACKAGE_VERSION=\"3.7c\" -DPACKAGE_STRING=\"tmux\ 3.7c\" -DPACKAGE_BUGREPORT=\"\" -DPACKAGE_URL=\"\" -DPACKAGE=\"tmux\" -DVERSION=\"3.7c\" -DHAVE_STDIO_H=1 -DHAVE_STDLIB_H=1 -DHAVE_STRING_H=1 -DHAVE_INTTYPES_H=1 -DHAVE_STDINT_H=1 -DHAVE_STRINGS_H=1 -DHAVE_SYS_STAT_H=1 -DHAVE_SYS_TYPES_H=1 -DHAVE_UNISTD_H=1 -DHAVE_WCHAR_H=1 -DSTDC_HEADERS=1 -D_ALL_SOURCE=1 -D_COSMO_SOURCE=1 -D_DARWIN_C_SOURCE=1 -D_GNU_SOURCE=1 -D_HPUX_ALT_XOPEN_SOCKET_API=1 -D_NETBSD_SOURCE=1 -D_OPENBSD_SOURCE=1 -D_POSIX_PTHREAD_SEMANTICS=1 -D__STDC_WANT_IEC_60559_ATTRIBS_EXT__=1 -D__STDC_WANT_IEC_60559_BFP_EXT__=1 -D__STDC_WANT_IEC_60559_DFP_EXT__=1 -D__STDC_WANT_IEC_60559_EXT__=1 -D__STDC_WANT_IEC_60559_FUNCS_EXT__=1 -D__STDC_WANT_IEC_60559_TYPES_EXT__=1 -D__STDC_WANT_LIB_EXT2__=1 -D__STDC_WANT_MATH_SPEC_FUNCS__=1 -D_TANDEM_SOURCE=1 -D__EXTENSIONS__=1 -DHAVE_BITSTRING_H=1 -DHAVE_DIRENT_H=1 -DHAVE_FCNTL_H=1 -DHAVE_INTTYPES_H=1 -DHAVE_LIBPROC_H=1 -DHAVE_PATHS_H=1 -DHAVE_STDINT_H=1 -DHAVE_SYS_DIR_H=1 -DHAVE_UTIL_H=1 -DHAVE_SYS_SIGNAME=1 -DHAVE_LIBM=1 -DHAVE_DIRFD=1 -DHAVE_FLOCK=1 -DHAVE_PROC_PIDINFO=1 -DHAVE_SYSCONF=1 -DHAVE_ASPRINTF=1 -DHAVE_CFMAKERAW=1 -DHAVE_CLOCK_GETTIME=1 -DHAVE_FGETLN=1 -DHAVE_GETDTABLESIZE=1 -DHAVE_GETPEEREID=1 -DHAVE_GETLINE=1 -DHAVE_GETPROGNAME=1 -DHAVE_MEMMEM=1 -DHAVE_SETENV=1 -DHAVE_STRCASESTR=1 -DHAVE_STRLCAT=1 -DHAVE_STRLCPY=1 -DHAVE_STRNDUP=1 -DHAVE_STRSEP=1 -DHAVE_STRTONUM=1 -DHAVE_EVENT2_EVENT_H=1 -DHAVE_NCURSES_H=1 -DHAVE_TIPARM=1 -DHAVE_TIPARM_S=1 -DHAVE_UTF8PROC=1 -DHAVE_B64_NTOP=1 -DHAVE_JEMALLOC=1 -DHAVE_DAEMON=1 -DHAVE_FORKPTY=1 -DHAVE___PROGNAME=1 -DBROKEN___DEAD=1 -DBROKEN_CMSG_FIRSTHDR=1 -I.  -I/opt/homebrew/Cellar/jemalloc/5.4.0/include -I/opt/homebrew/Cellar/utf8proc/2.12.0/include -DUTF8PROC_EXPORTS -D_DARWIN_C_SOURCE -DNCURSES_WIDECHAR -I/opt/homebrew/Cellar/ncurses/6.6/include/ncursesw -I/opt/homebrew/Cellar/ncurses/6.6/include -I/opt/homebrew/Cellar/libevent/2.1.13/include -DTMUX_VERSION='"3.7c"' -DTMUX_CONF='"/etc/tmux.conf:~/.tmux.conf:$XDG_CONFIG_HOME/tmux/tmux.conf:~/.config/tmux/tmux.conf"' -DTMUX_LOCK_CMD='"lock -np"' -DTMUX_TERM='"tmux-256color"'  -iquote.        -std=gnu99 -O2       -MT cmd-new-window.o -MD -MP -MF $depbase.Tpo -c -o cmd-new-window.o cmd-new-window.c &&\
	mv -f $depbase.Tpo $depbase.Po
/bin/sh ./etc/ylwrap cmd-parse.y y.tab.c cmd-parse.c y.tab.h `echo cmd-parse.c | sed -e s/cc$/hh/ -e s/cpp$/hpp/ -e s/cxx$/hxx/ -e s/c++$/h++/ -e s/c$/h/` y.output cmd-parse.output -- bison -y  
depbase=`echo cmd-paste-buffer.o | sed 's|[^/]*$|.deps/&|;s|\.o$||'`;\
	gcc -std=gnu23 -DPACKAGE_NAME=\"tmux\" -DPACKAGE_TARNAME=\"tmux\" -DPACKAGE_VERSION=\"3.7c\" -DPACKAGE_STRING=\"tmux\ 3.7c\" -DPACKAGE_BUGREPORT=\"\" -DPACKAGE_URL=\"\" -DPACKAGE=\"tmux\" -DVERSION=\"3.7c\" -DHAVE_STDIO_H=1 -DHAVE_STDLIB_H=1 -DHAVE_STRING_H=1 -DHAVE_INTTYPES_H=1 -DHAVE_STDINT_H=1 -DHAVE_STRINGS_H=1 -DHAVE_SYS_STAT_H=1 -DHAVE_SYS_TYPES_H=1 -DHAVE_UNISTD_H=1 -DHAVE_WCHAR_H=1 -DSTDC_HEADERS=1 -D_ALL_SOURCE=1 -D_COSMO_SOURCE=1 -D_DARWIN_C_SOURCE=1 -D_GNU_SOURCE=1 -D_HPUX_ALT_XOPEN_SOCKET_API=1 -D_NETBSD_SOURCE=1 -D_OPENBSD_SOURCE=1 -D_POSIX_PTHREAD_SEMANTICS=1 -D__STDC_WANT_IEC_60559_ATTRIBS_EXT__=1 -D__STDC_WANT_IEC_60559_BFP_EXT__=1 -D__STDC_WANT_IEC_60559_DFP_EXT__=1 -D__STDC_WANT_IEC_60559_EXT__=1 -D__STDC_WANT_IEC_60559_FUNCS_EXT__=1 -D__STDC_WANT_IEC_60559_TYPES_EXT__=1 -D__STDC_WANT_LIB_EXT2__=1 -D__STDC_WANT_MATH_SPEC_FUNCS__=1 -D_TANDEM_SOURCE=1 -D__EXTENSIONS__=1 -DHAVE_BITSTRING_H=1 -DHAVE_DIRENT_H=1 -DHAVE_FCNTL_H=1 -DHAVE_INTTYPES_H=1 -DHAVE_LIBPROC_H=1 -DHAVE_PATHS_H=1 -DHAVE_STDINT_H=1 -DHAVE_SYS_DIR_H=1 -DHAVE_UTIL_H=1 -DHAVE_SYS_SIGNAME=1 -DHAVE_LIBM=1 -DHAVE_DIRFD=1 -DHAVE_FLOCK=1 -DHAVE_PROC_PIDINFO=1 -DHAVE_SYSCONF=1 -DHAVE_ASPRINTF=1 -DHAVE_CFMAKERAW=1 -DHAVE_CLOCK_GETTIME=1 -DHAVE_FGETLN=1 -DHAVE_GETDTABLESIZE=1 -DHAVE_GETPEEREID=1 -DHAVE_GETLINE=1 -DHAVE_GETPROGNAME=1 -DHAVE_MEMMEM=1 -DHAVE_SETENV=1 -DHAVE_STRCASESTR=1 -DHAVE_STRLCAT=1 -DHAVE_STRLCPY=1 -DHAVE_STRNDUP=1 -DHAVE_STRSEP=1 -DHAVE_STRTONUM=1 -DHAVE_EVENT2_EVENT_H=1 -DHAVE_NCURSES_H=1 -DHAVE_TIPARM=1 -DHAVE_TIPARM_S=1 -DHAVE_UTF8PROC=1 -DHAVE_B64_NTOP=1 -DHAVE_JEMALLOC=1 -DHAVE_DAEMON=1 -DHAVE_FORKPTY=1 -DHAVE___PROGNAME=1 -DBROKEN___DEAD=1 -DBROKEN_CMSG_FIRSTHDR=1 -I.  -I/opt/homebrew/Cellar/jemalloc/5.4.0/include -I/opt/homebrew/Cellar/utf8proc/2.12.0/include -DUTF8PROC_EXPORTS -D_DARWIN_C_SOURCE -DNCURSES_WIDECHAR -I/opt/homebrew/Cellar/ncurses/6.6/include/ncursesw -I/opt/homebrew/Cellar/ncurses/6.6/include -I/opt/homebrew/Cellar/libevent/2.1.13/include -DTMUX_VERSION='"3.7c"' -DTMUX_CONF='"/etc/tmux.conf:~/.tmux.conf:$XDG_CONFIG_HOME/tmux/tmux.conf:~/.config/tmux/tmux.conf"' -DTMUX_LOCK_CMD='"lock -np"' -DTMUX_TERM='"tmux-256color"'  -iquote.        -std=gnu99 -O2       -MT cmd-paste-buffer.o -MD -MP -MF $depbase.Tpo -c -o cmd-paste-buffer.o cmd-paste-buffer.c &&\
	mv -f $depbase.Tpo $depbase.Po
depbase=`echo cmd-pipe-pane.o | sed 's|[^/]*$|.deps/&|;s|\.o$||'`;\
	gcc -std=gnu23 -DPACKAGE_NAME=\"tmux\" -DPACKAGE_TARNAME=\"tmux\" -DPACKAGE_VERSION=\"3.7c\" -DPACKAGE_STRING=\"tmux\ 3.7c\" -DPACKAGE_BUGREPORT=\"\" -DPACKAGE_URL=\"\" -DPACKAGE=\"tmux\" -DVERSION=\"3.7c\" -DHAVE_STDIO_H=1 -DHAVE_STDLIB_H=1 -DHAVE_STRING_H=1 -DHAVE_INTTYPES_H=1 -DHAVE_STDINT_H=1 -DHAVE_STRINGS_H=1 -DHAVE_SYS_STAT_H=1 -DHAVE_SYS_TYPES_H=1 -DHAVE_UNISTD_H=1 -DHAVE_WCHAR_H=1 -DSTDC_HEADERS=1 -D_ALL_SOURCE=1 -D_COSMO_SOURCE=1 -D_DARWIN_C_SOURCE=1 -D_GNU_SOURCE=1 -D_HPUX_ALT_XOPEN_SOCKET_API=1 -D_NETBSD_SOURCE=1 -D_OPENBSD_SOURCE=1 -D_POSIX_PTHREAD_SEMANTICS=1 -D__STDC_WANT_IEC_60559_ATTRIBS_EXT__=1 -D__STDC_WANT_IEC_60559_BFP_EXT__=1 -D__STDC_WANT_IEC_60559_DFP_EXT__=1 -D__STDC_WANT_IEC_60559_EXT__=1 -D__STDC_WANT_IEC_60559_FUNCS_EXT__=1 -D__STDC_WANT_IEC_60559_TYPES_EXT__=1 -D__STDC_WANT_LIB_EXT2__=1 -D__STDC_WANT_MATH_SPEC_FUNCS__=1 -D_TANDEM_SOURCE=1 -D__EXTENSIONS__=1 -DHAVE_BITSTRING_H=1 -DHAVE_DIRENT_H=1 -DHAVE_FCNTL_H=1 -DHAVE_INTTYPES_H=1 -DHAVE_LIBPROC_H=1 -DHAVE_PATHS_H=1 -DHAVE_STDINT_H=1 -DHAVE_SYS_DIR_H=1 -DHAVE_UTIL_H=1 -DHAVE_SYS_SIGNAME=1 -DHAVE_LIBM=1 -DHAVE_DIRFD=1 -DHAVE_FLOCK=1 -DHAVE_PROC_PIDINFO=1 -DHAVE_SYSCONF=1 -DHAVE_ASPRINTF=1 -DHAVE_CFMAKERAW=1 -DHAVE_CLOCK_GETTIME=1 -DHAVE_FGETLN=1 -DHAVE_GETDTABLESIZE=1 -DHAVE_GETPEEREID=1 -DHAVE_GETLINE=1 -DHAVE_GETPROGNAME=1 -DHAVE_MEMMEM=1 -DHAVE_SETENV=1 -DHAVE_STRCASESTR=1 -DHAVE_STRLCAT=1 -DHAVE_STRLCPY=1 -DHAVE_STRNDUP=1 -DHAVE_STRSEP=1 -DHAVE_STRTONUM=1 -DHAVE_EVENT2_EVENT_H=1 -DHAVE_NCURSES_H=1 -DHAVE_TIPARM=1 -DHAVE_TIPARM_S=1 -DHAVE_UTF8PROC=1 -DHAVE_B64_NTOP=1 -DHAVE_JEMALLOC=1 -DHAVE_DAEMON=1 -DHAVE_FORKPTY=1 -DHAVE___PROGNAME=1 -DBROKEN___DEAD=1 -DBROKEN_CMSG_FIRSTHDR=1 -I.  -I/opt/homebrew/Cellar/jemalloc/5.4.0/include -I/opt/homebrew/Cellar/utf8proc/2.12.0/include -DUTF8PROC_EXPORTS -D_DARWIN_C_SOURCE -DNCURSES_WIDECHAR -I/opt/homebrew/Cellar/ncurses/6.6/include/ncursesw -I/opt/homebrew/Cellar/ncurses/6.6/include -I/opt/homebrew/Cellar/libevent/2.1.13/include -DTMUX_VERSION='"3.7c"' -DTMUX_CONF='"/etc/tmux.conf:~/.tmux.conf:$XDG_CONFIG_HOME/tmux/tmux.conf:~/.config/tmux/tmux.conf"' -DTMUX_LOCK_CMD='"lock -np"' -DTMUX_TERM='"tmux-256color"'  -iquote.        -std=gnu99 -O2       -MT cmd-pipe-pane.o -MD -MP -MF $depbase.Tpo -c -o cmd-pipe-pane.o cmd-pipe-pane.c &&\
	mv -f $depbase.Tpo $depbase.Po
depbase=`echo cmd-queue.o | sed 's|[^/]*$|.deps/&|;s|\.o$||'`;\
	gcc -std=gnu23 -DPACKAGE_NAME=\"tmux\" -DPACKAGE_TARNAME=\"tmux\" -DPACKAGE_VERSION=\"3.7c\" -DPACKAGE_STRING=\"tmux\ 3.7c\" -DPACKAGE_BUGREPORT=\"\" -DPACKAGE_URL=\"\" -DPACKAGE=\"tmux\" -DVERSION=\"3.7c\" -DHAVE_STDIO_H=1 -DHAVE_STDLIB_H=1 -DHAVE_STRING_H=1 -DHAVE_INTTYPES_H=1 -DHAVE_STDINT_H=1 -DHAVE_STRINGS_H=1 -DHAVE_SYS_STAT_H=1 -DHAVE_SYS_TYPES_H=1 -DHAVE_UNISTD_H=1 -DHAVE_WCHAR_H=1 -DSTDC_HEADERS=1 -D_ALL_SOURCE=1 -D_COSMO_SOURCE=1 -D_DARWIN_C_SOURCE=1 -D_GNU_SOURCE=1 -D_HPUX_ALT_XOPEN_SOCKET_API=1 -D_NETBSD_SOURCE=1 -D_OPENBSD_SOURCE=1 -D_POSIX_PTHREAD_SEMANTICS=1 -D__STDC_WANT_IEC_60559_ATTRIBS_EXT__=1 -D__STDC_WANT_IEC_60559_BFP_EXT__=1 -D__STDC_WANT_IEC_60559_DFP_EXT__=1 -D__STDC_WANT_IEC_60559_EXT__=1 -D__STDC_WANT_IEC_60559_FUNCS_EXT__=1 -D__STDC_WANT_IEC_60559_TYPES_EXT__=1 -D__STDC_WANT_LIB_EXT2__=1 -D__STDC_WANT_MATH_SPEC_FUNCS__=1 -D_TANDEM_SOURCE=1 -D__EXTENSIONS__=1 -DHAVE_BITSTRING_H=1 -DHAVE_DIRENT_H=1 -DHAVE_FCNTL_H=1 -DHAVE_INTTYPES_H=1 -DHAVE_LIBPROC_H=1 -DHAVE_PATHS_H=1 -DHAVE_STDINT_H=1 -DHAVE_SYS_DIR_H=1 -DHAVE_UTIL_H=1 -DHAVE_SYS_SIGNAME=1 -DHAVE_LIBM=1 -DHAVE_DIRFD=1 -DHAVE_FLOCK=1 -DHAVE_PROC_PIDINFO=1 -DHAVE_SYSCONF=1 -DHAVE_ASPRINTF=1 -DHAVE_CFMAKERAW=1 -DHAVE_CLOCK_GETTIME=1 -DHAVE_FGETLN=1 -DHAVE_GETDTABLESIZE=1 -DHAVE_GETPEEREID=1 -DHAVE_GETLINE=1 -DHAVE_GETPROGNAME=1 -DHAVE_MEMMEM=1 -DHAVE_SETENV=1 -DHAVE_STRCASESTR=1 -DHAVE_STRLCAT=1 -DHAVE_STRLCPY=1 -DHAVE_STRNDUP=1 -DHAVE_STRSEP=1 -DHAVE_STRTONUM=1 -DHAVE_EVENT2_EVENT_H=1 -DHAVE_NCURSES_H=1 -DHAVE_TIPARM=1 -DHAVE_TIPARM_S=1 -DHAVE_UTF8PROC=1 -DHAVE_B64_NTOP=1 -DHAVE_JEMALLOC=1 -DHAVE_DAEMON=1 -DHAVE_FORKPTY=1 -DHAVE___PROGNAME=1 -DBROKEN___DEAD=1 -DBROKEN_CMSG_FIRSTHDR=1 -I.  -I/opt/homebrew/Cellar/jemalloc/5.4.0/include -I/opt/homebrew/Cellar/utf8proc/2.12.0/include -DUTF8PROC_EXPORTS -D_DARWIN_C_SOURCE -DNCURSES_WIDECHAR -I/opt/homebrew/Cellar/ncurses/6.6/include/ncursesw -I/opt/homebrew/Cellar/ncurses/6.6/include -I/opt/homebrew/Cellar/libevent/2.1.13/include -DTMUX_VERSION='"3.7c"' -DTMUX_CONF='"/etc/tmux.conf:~/.tmux.conf:$XDG_CONFIG_HOME/tmux/tmux.conf:~/.config/tmux/tmux.conf"' -DTMUX_LOCK_CMD='"lock -np"' -DTMUX_TERM='"tmux-256color"'  -iquote.        -std=gnu99 -O2       -MT cmd-queue.o -MD -MP -MF $depbase.Tpo -c -o cmd-queue.o cmd-queue.c &&\
	mv -f $depbase.Tpo $depbase.Po
depbase=`echo tmux-ide-journal.o | sed 's|[^/]*$|.deps/&|;s|\.o$||'`;\
	gcc -std=gnu23 -DPACKAGE_NAME=\"tmux\" -DPACKAGE_TARNAME=\"tmux\" -DPACKAGE_VERSION=\"3.7c\" -DPACKAGE_STRING=\"tmux\ 3.7c\" -DPACKAGE_BUGREPORT=\"\" -DPACKAGE_URL=\"\" -DPACKAGE=\"tmux\" -DVERSION=\"3.7c\" -DHAVE_STDIO_H=1 -DHAVE_STDLIB_H=1 -DHAVE_STRING_H=1 -DHAVE_INTTYPES_H=1 -DHAVE_STDINT_H=1 -DHAVE_STRINGS_H=1 -DHAVE_SYS_STAT_H=1 -DHAVE_SYS_TYPES_H=1 -DHAVE_UNISTD_H=1 -DHAVE_WCHAR_H=1 -DSTDC_HEADERS=1 -D_ALL_SOURCE=1 -D_COSMO_SOURCE=1 -D_DARWIN_C_SOURCE=1 -D_GNU_SOURCE=1 -D_HPUX_ALT_XOPEN_SOCKET_API=1 -D_NETBSD_SOURCE=1 -D_OPENBSD_SOURCE=1 -D_POSIX_PTHREAD_SEMANTICS=1 -D__STDC_WANT_IEC_60559_ATTRIBS_EXT__=1 -D__STDC_WANT_IEC_60559_BFP_EXT__=1 -D__STDC_WANT_IEC_60559_DFP_EXT__=1 -D__STDC_WANT_IEC_60559_EXT__=1 -D__STDC_WANT_IEC_60559_FUNCS_EXT__=1 -D__STDC_WANT_IEC_60559_TYPES_EXT__=1 -D__STDC_WANT_LIB_EXT2__=1 -D__STDC_WANT_MATH_SPEC_FUNCS__=1 -D_TANDEM_SOURCE=1 -D__EXTENSIONS__=1 -DHAVE_BITSTRING_H=1 -DHAVE_DIRENT_H=1 -DHAVE_FCNTL_H=1 -DHAVE_INTTYPES_H=1 -DHAVE_LIBPROC_H=1 -DHAVE_PATHS_H=1 -DHAVE_STDINT_H=1 -DHAVE_SYS_DIR_H=1 -DHAVE_UTIL_H=1 -DHAVE_SYS_SIGNAME=1 -DHAVE_LIBM=1 -DHAVE_DIRFD=1 -DHAVE_FLOCK=1 -DHAVE_PROC_PIDINFO=1 -DHAVE_SYSCONF=1 -DHAVE_ASPRINTF=1 -DHAVE_CFMAKERAW=1 -DHAVE_CLOCK_GETTIME=1 -DHAVE_FGETLN=1 -DHAVE_GETDTABLESIZE=1 -DHAVE_GETPEEREID=1 -DHAVE_GETLINE=1 -DHAVE_GETPROGNAME=1 -DHAVE_MEMMEM=1 -DHAVE_SETENV=1 -DHAVE_STRCASESTR=1 -DHAVE_STRLCAT=1 -DHAVE_STRLCPY=1 -DHAVE_STRNDUP=1 -DHAVE_STRSEP=1 -DHAVE_STRTONUM=1 -DHAVE_EVENT2_EVENT_H=1 -DHAVE_NCURSES_H=1 -DHAVE_TIPARM=1 -DHAVE_TIPARM_S=1 -DHAVE_UTF8PROC=1 -DHAVE_B64_NTOP=1 -DHAVE_JEMALLOC=1 -DHAVE_DAEMON=1 -DHAVE_FORKPTY=1 -DHAVE___PROGNAME=1 -DBROKEN___DEAD=1 -DBROKEN_CMSG_FIRSTHDR=1 -I.  -I/opt/homebrew/Cellar/jemalloc/5.4.0/include -I/opt/homebrew/Cellar/utf8proc/2.12.0/include -DUTF8PROC_EXPORTS -D_DARWIN_C_SOURCE -DNCURSES_WIDECHAR -I/opt/homebrew/Cellar/ncurses/6.6/include/ncursesw -I/opt/homebrew/Cellar/ncurses/6.6/include -I/opt/homebrew/Cellar/libevent/2.1.13/include -DTMUX_VERSION='"3.7c"' -DTMUX_CONF='"/etc/tmux.conf:~/.tmux.conf:$XDG_CONFIG_HOME/tmux/tmux.conf:~/.config/tmux/tmux.conf"' -DTMUX_LOCK_CMD='"lock -np"' -DTMUX_TERM='"tmux-256color"'  -iquote.        -std=gnu99 -O2       -MT tmux-ide-journal.o -MD -MP -MF $depbase.Tpo -c -o tmux-ide-journal.o tmux-ide-journal.c &&\
	mv -f $depbase.Tpo $depbase.Po
depbase=`echo cmd-tmux-ide-resize-split.o | sed 's|[^/]*$|.deps/&|;s|\.o$||'`;\
	gcc -std=gnu23 -DPACKAGE_NAME=\"tmux\" -DPACKAGE_TARNAME=\"tmux\" -DPACKAGE_VERSION=\"3.7c\" -DPACKAGE_STRING=\"tmux\ 3.7c\" -DPACKAGE_BUGREPORT=\"\" -DPACKAGE_URL=\"\" -DPACKAGE=\"tmux\" -DVERSION=\"3.7c\" -DHAVE_STDIO_H=1 -DHAVE_STDLIB_H=1 -DHAVE_STRING_H=1 -DHAVE_INTTYPES_H=1 -DHAVE_STDINT_H=1 -DHAVE_STRINGS_H=1 -DHAVE_SYS_STAT_H=1 -DHAVE_SYS_TYPES_H=1 -DHAVE_UNISTD_H=1 -DHAVE_WCHAR_H=1 -DSTDC_HEADERS=1 -D_ALL_SOURCE=1 -D_COSMO_SOURCE=1 -D_DARWIN_C_SOURCE=1 -D_GNU_SOURCE=1 -D_HPUX_ALT_XOPEN_SOCKET_API=1 -D_NETBSD_SOURCE=1 -D_OPENBSD_SOURCE=1 -D_POSIX_PTHREAD_SEMANTICS=1 -D__STDC_WANT_IEC_60559_ATTRIBS_EXT__=1 -D__STDC_WANT_IEC_60559_BFP_EXT__=1 -D__STDC_WANT_IEC_60559_DFP_EXT__=1 -D__STDC_WANT_IEC_60559_EXT__=1 -D__STDC_WANT_IEC_60559_FUNCS_EXT__=1 -D__STDC_WANT_IEC_60559_TYPES_EXT__=1 -D__STDC_WANT_LIB_EXT2__=1 -D__STDC_WANT_MATH_SPEC_FUNCS__=1 -D_TANDEM_SOURCE=1 -D__EXTENSIONS__=1 -DHAVE_BITSTRING_H=1 -DHAVE_DIRENT_H=1 -DHAVE_FCNTL_H=1 -DHAVE_INTTYPES_H=1 -DHAVE_LIBPROC_H=1 -DHAVE_PATHS_H=1 -DHAVE_STDINT_H=1 -DHAVE_SYS_DIR_H=1 -DHAVE_UTIL_H=1 -DHAVE_SYS_SIGNAME=1 -DHAVE_LIBM=1 -DHAVE_DIRFD=1 -DHAVE_FLOCK=1 -DHAVE_PROC_PIDINFO=1 -DHAVE_SYSCONF=1 -DHAVE_ASPRINTF=1 -DHAVE_CFMAKERAW=1 -DHAVE_CLOCK_GETTIME=1 -DHAVE_FGETLN=1 -DHAVE_GETDTABLESIZE=1 -DHAVE_GETPEEREID=1 -DHAVE_GETLINE=1 -DHAVE_GETPROGNAME=1 -DHAVE_MEMMEM=1 -DHAVE_SETENV=1 -DHAVE_STRCASESTR=1 -DHAVE_STRLCAT=1 -DHAVE_STRLCPY=1 -DHAVE_STRNDUP=1 -DHAVE_STRSEP=1 -DHAVE_STRTONUM=1 -DHAVE_EVENT2_EVENT_H=1 -DHAVE_NCURSES_H=1 -DHAVE_TIPARM=1 -DHAVE_TIPARM_S=1 -DHAVE_UTF8PROC=1 -DHAVE_B64_NTOP=1 -DHAVE_JEMALLOC=1 -DHAVE_DAEMON=1 -DHAVE_FORKPTY=1 -DHAVE___PROGNAME=1 -DBROKEN___DEAD=1 -DBROKEN_CMSG_FIRSTHDR=1 -I.  -I/opt/homebrew/Cellar/jemalloc/5.4.0/include -I/opt/homebrew/Cellar/utf8proc/2.12.0/include -DUTF8PROC_EXPORTS -D_DARWIN_C_SOURCE -DNCURSES_WIDECHAR -I/opt/homebrew/Cellar/ncurses/6.6/include/ncursesw -I/opt/homebrew/Cellar/ncurses/6.6/include -I/opt/homebrew/Cellar/libevent/2.1.13/include -DTMUX_VERSION='"3.7c"' -DTMUX_CONF='"/etc/tmux.conf:~/.tmux.conf:$XDG_CONFIG_HOME/tmux/tmux.conf:~/.config/tmux/tmux.conf"' -DTMUX_LOCK_CMD='"lock -np"' -DTMUX_TERM='"tmux-256color"'  -iquote.        -std=gnu99 -O2       -MT cmd-tmux-ide-resize-split.o -MD -MP -MF $depbase.Tpo -c -o cmd-tmux-ide-resize-split.o cmd-tmux-ide-resize-split.c &&\
	mv -f $depbase.Tpo $depbase.Po
depbase=`echo cmd-refresh-client.o | sed 's|[^/]*$|.deps/&|;s|\.o$||'`;\
	gcc -std=gnu23 -DPACKAGE_NAME=\"tmux\" -DPACKAGE_TARNAME=\"tmux\" -DPACKAGE_VERSION=\"3.7c\" -DPACKAGE_STRING=\"tmux\ 3.7c\" -DPACKAGE_BUGREPORT=\"\" -DPACKAGE_URL=\"\" -DPACKAGE=\"tmux\" -DVERSION=\"3.7c\" -DHAVE_STDIO_H=1 -DHAVE_STDLIB_H=1 -DHAVE_STRING_H=1 -DHAVE_INTTYPES_H=1 -DHAVE_STDINT_H=1 -DHAVE_STRINGS_H=1 -DHAVE_SYS_STAT_H=1 -DHAVE_SYS_TYPES_H=1 -DHAVE_UNISTD_H=1 -DHAVE_WCHAR_H=1 -DSTDC_HEADERS=1 -D_ALL_SOURCE=1 -D_COSMO_SOURCE=1 -D_DARWIN_C_SOURCE=1 -D_GNU_SOURCE=1 -D_HPUX_ALT_XOPEN_SOCKET_API=1 -D_NETBSD_SOURCE=1 -D_OPENBSD_SOURCE=1 -D_POSIX_PTHREAD_SEMANTICS=1 -D__STDC_WANT_IEC_60559_ATTRIBS_EXT__=1 -D__STDC_WANT_IEC_60559_BFP_EXT__=1 -D__STDC_WANT_IEC_60559_DFP_EXT__=1 -D__STDC_WANT_IEC_60559_EXT__=1 -D__STDC_WANT_IEC_60559_FUNCS_EXT__=1 -D__STDC_WANT_IEC_60559_TYPES_EXT__=1 -D__STDC_WANT_LIB_EXT2__=1 -D__STDC_WANT_MATH_SPEC_FUNCS__=1 -D_TANDEM_SOURCE=1 -D__EXTENSIONS__=1 -DHAVE_BITSTRING_H=1 -DHAVE_DIRENT_H=1 -DHAVE_FCNTL_H=1 -DHAVE_INTTYPES_H=1 -DHAVE_LIBPROC_H=1 -DHAVE_PATHS_H=1 -DHAVE_STDINT_H=1 -DHAVE_SYS_DIR_H=1 -DHAVE_UTIL_H=1 -DHAVE_SYS_SIGNAME=1 -DHAVE_LIBM=1 -DHAVE_DIRFD=1 -DHAVE_FLOCK=1 -DHAVE_PROC_PIDINFO=1 -DHAVE_SYSCONF=1 -DHAVE_ASPRINTF=1 -DHAVE_CFMAKERAW=1 -DHAVE_CLOCK_GETTIME=1 -DHAVE_FGETLN=1 -DHAVE_GETDTABLESIZE=1 -DHAVE_GETPEEREID=1 -DHAVE_GETLINE=1 -DHAVE_GETPROGNAME=1 -DHAVE_MEMMEM=1 -DHAVE_SETENV=1 -DHAVE_STRCASESTR=1 -DHAVE_STRLCAT=1 -DHAVE_STRLCPY=1 -DHAVE_STRNDUP=1 -DHAVE_STRSEP=1 -DHAVE_STRTONUM=1 -DHAVE_EVENT2_EVENT_H=1 -DHAVE_NCURSES_H=1 -DHAVE_TIPARM=1 -DHAVE_TIPARM_S=1 -DHAVE_UTF8PROC=1 -DHAVE_B64_NTOP=1 -DHAVE_JEMALLOC=1 -DHAVE_DAEMON=1 -DHAVE_FORKPTY=1 -DHAVE___PROGNAME=1 -DBROKEN___DEAD=1 -DBROKEN_CMSG_FIRSTHDR=1 -I.  -I/opt/homebrew/Cellar/jemalloc/5.4.0/include -I/opt/homebrew/Cellar/utf8proc/2.12.0/include -DUTF8PROC_EXPORTS -D_DARWIN_C_SOURCE -DNCURSES_WIDECHAR -I/opt/homebrew/Cellar/ncurses/6.6/include/ncursesw -I/opt/homebrew/Cellar/ncurses/6.6/include -I/opt/homebrew/Cellar/libevent/2.1.13/include -DTMUX_VERSION='"3.7c"' -DTMUX_CONF='"/etc/tmux.conf:~/.tmux.conf:$XDG_CONFIG_HOME/tmux/tmux.conf:~/.config/tmux/tmux.conf"' -DTMUX_LOCK_CMD='"lock -np"' -DTMUX_TERM='"tmux-256color"'  -iquote.        -std=gnu99 -O2       -MT cmd-refresh-client.o -MD -MP -MF $depbase.Tpo -c -o cmd-refresh-client.o cmd-refresh-client.c &&\
	mv -f $depbase.Tpo $depbase.Po
depbase=`echo cmd-rename-session.o | sed 's|[^/]*$|.deps/&|;s|\.o$||'`;\
	gcc -std=gnu23 -DPACKAGE_NAME=\"tmux\" -DPACKAGE_TARNAME=\"tmux\" -DPACKAGE_VERSION=\"3.7c\" -DPACKAGE_STRING=\"tmux\ 3.7c\" -DPACKAGE_BUGREPORT=\"\" -DPACKAGE_URL=\"\" -DPACKAGE=\"tmux\" -DVERSION=\"3.7c\" -DHAVE_STDIO_H=1 -DHAVE_STDLIB_H=1 -DHAVE_STRING_H=1 -DHAVE_INTTYPES_H=1 -DHAVE_STDINT_H=1 -DHAVE_STRINGS_H=1 -DHAVE_SYS_STAT_H=1 -DHAVE_SYS_TYPES_H=1 -DHAVE_UNISTD_H=1 -DHAVE_WCHAR_H=1 -DSTDC_HEADERS=1 -D_ALL_SOURCE=1 -D_COSMO_SOURCE=1 -D_DARWIN_C_SOURCE=1 -D_GNU_SOURCE=1 -D_HPUX_ALT_XOPEN_SOCKET_API=1 -D_NETBSD_SOURCE=1 -D_OPENBSD_SOURCE=1 -D_POSIX_PTHREAD_SEMANTICS=1 -D__STDC_WANT_IEC_60559_ATTRIBS_EXT__=1 -D__STDC_WANT_IEC_60559_BFP_EXT__=1 -D__STDC_WANT_IEC_60559_DFP_EXT__=1 -D__STDC_WANT_IEC_60559_EXT__=1 -D__STDC_WANT_IEC_60559_FUNCS_EXT__=1 -D__STDC_WANT_IEC_60559_TYPES_EXT__=1 -D__STDC_WANT_LIB_EXT2__=1 -D__STDC_WANT_MATH_SPEC_FUNCS__=1 -D_TANDEM_SOURCE=1 -D__EXTENSIONS__=1 -DHAVE_BITSTRING_H=1 -DHAVE_DIRENT_H=1 -DHAVE_FCNTL_H=1 -DHAVE_INTTYPES_H=1 -DHAVE_LIBPROC_H=1 -DHAVE_PATHS_H=1 -DHAVE_STDINT_H=1 -DHAVE_SYS_DIR_H=1 -DHAVE_UTIL_H=1 -DHAVE_SYS_SIGNAME=1 -DHAVE_LIBM=1 -DHAVE_DIRFD=1 -DHAVE_FLOCK=1 -DHAVE_PROC_PIDINFO=1 -DHAVE_SYSCONF=1 -DHAVE_ASPRINTF=1 -DHAVE_CFMAKERAW=1 -DHAVE_CLOCK_GETTIME=1 -DHAVE_FGETLN=1 -DHAVE_GETDTABLESIZE=1 -DHAVE_GETPEEREID=1 -DHAVE_GETLINE=1 -DHAVE_GETPROGNAME=1 -DHAVE_MEMMEM=1 -DHAVE_SETENV=1 -DHAVE_STRCASESTR=1 -DHAVE_STRLCAT=1 -DHAVE_STRLCPY=1 -DHAVE_STRNDUP=1 -DHAVE_STRSEP=1 -DHAVE_STRTONUM=1 -DHAVE_EVENT2_EVENT_H=1 -DHAVE_NCURSES_H=1 -DHAVE_TIPARM=1 -DHAVE_TIPARM_S=1 -DHAVE_UTF8PROC=1 -DHAVE_B64_NTOP=1 -DHAVE_JEMALLOC=1 -DHAVE_DAEMON=1 -DHAVE_FORKPTY=1 -DHAVE___PROGNAME=1 -DBROKEN___DEAD=1 -DBROKEN_CMSG_FIRSTHDR=1 -I.  -I/opt/homebrew/Cellar/jemalloc/5.4.0/include -I/opt/homebrew/Cellar/utf8proc/2.12.0/include -DUTF8PROC_EXPORTS -D_DARWIN_C_SOURCE -DNCURSES_WIDECHAR -I/opt/homebrew/Cellar/ncurses/6.6/include/ncursesw -I/opt/homebrew/Cellar/ncurses/6.6/include -I/opt/homebrew/Cellar/libevent/2.1.13/include -DTMUX_VERSION='"3.7c"' -DTMUX_CONF='"/etc/tmux.conf:~/.tmux.conf:$XDG_CONFIG_HOME/tmux/tmux.conf:~/.config/tmux/tmux.conf"' -DTMUX_LOCK_CMD='"lock -np"' -DTMUX_TERM='"tmux-256color"'  -iquote.        -std=gnu99 -O2       -MT cmd-rename-session.o -MD -MP -MF $depbase.Tpo -c -o cmd-rename-session.o cmd-rename-session.c &&\
	mv -f $depbase.Tpo $depbase.Po
depbase=`echo cmd-rename-window.o | sed 's|[^/]*$|.deps/&|;s|\.o$||'`;\
	gcc -std=gnu23 -DPACKAGE_NAME=\"tmux\" -DPACKAGE_TARNAME=\"tmux\" -DPACKAGE_VERSION=\"3.7c\" -DPACKAGE_STRING=\"tmux\ 3.7c\" -DPACKAGE_BUGREPORT=\"\" -DPACKAGE_URL=\"\" -DPACKAGE=\"tmux\" -DVERSION=\"3.7c\" -DHAVE_STDIO_H=1 -DHAVE_STDLIB_H=1 -DHAVE_STRING_H=1 -DHAVE_INTTYPES_H=1 -DHAVE_STDINT_H=1 -DHAVE_STRINGS_H=1 -DHAVE_SYS_STAT_H=1 -DHAVE_SYS_TYPES_H=1 -DHAVE_UNISTD_H=1 -DHAVE_WCHAR_H=1 -DSTDC_HEADERS=1 -D_ALL_SOURCE=1 -D_COSMO_SOURCE=1 -D_DARWIN_C_SOURCE=1 -D_GNU_SOURCE=1 -D_HPUX_ALT_XOPEN_SOCKET_API=1 -D_NETBSD_SOURCE=1 -D_OPENBSD_SOURCE=1 -D_POSIX_PTHREAD_SEMANTICS=1 -D__STDC_WANT_IEC_60559_ATTRIBS_EXT__=1 -D__STDC_WANT_IEC_60559_BFP_EXT__=1 -D__STDC_WANT_IEC_60559_DFP_EXT__=1 -D__STDC_WANT_IEC_60559_EXT__=1 -D__STDC_WANT_IEC_60559_FUNCS_EXT__=1 -D__STDC_WANT_IEC_60559_TYPES_EXT__=1 -D__STDC_WANT_LIB_EXT2__=1 -D__STDC_WANT_MATH_SPEC_FUNCS__=1 -D_TANDEM_SOURCE=1 -D__EXTENSIONS__=1 -DHAVE_BITSTRING_H=1 -DHAVE_DIRENT_H=1 -DHAVE_FCNTL_H=1 -DHAVE_INTTYPES_H=1 -DHAVE_LIBPROC_H=1 -DHAVE_PATHS_H=1 -DHAVE_STDINT_H=1 -DHAVE_SYS_DIR_H=1 -DHAVE_UTIL_H=1 -DHAVE_SYS_SIGNAME=1 -DHAVE_LIBM=1 -DHAVE_DIRFD=1 -DHAVE_FLOCK=1 -DHAVE_PROC_PIDINFO=1 -DHAVE_SYSCONF=1 -DHAVE_ASPRINTF=1 -DHAVE_CFMAKERAW=1 -DHAVE_CLOCK_GETTIME=1 -DHAVE_FGETLN=1 -DHAVE_GETDTABLESIZE=1 -DHAVE_GETPEEREID=1 -DHAVE_GETLINE=1 -DHAVE_GETPROGNAME=1 -DHAVE_MEMMEM=1 -DHAVE_SETENV=1 -DHAVE_STRCASESTR=1 -DHAVE_STRLCAT=1 -DHAVE_STRLCPY=1 -DHAVE_STRNDUP=1 -DHAVE_STRSEP=1 -DHAVE_STRTONUM=1 -DHAVE_EVENT2_EVENT_H=1 -DHAVE_NCURSES_H=1 -DHAVE_TIPARM=1 -DHAVE_TIPARM_S=1 -DHAVE_UTF8PROC=1 -DHAVE_B64_NTOP=1 -DHAVE_JEMALLOC=1 -DHAVE_DAEMON=1 -DHAVE_FORKPTY=1 -DHAVE___PROGNAME=1 -DBROKEN___DEAD=1 -DBROKEN_CMSG_FIRSTHDR=1 -I.  -I/opt/homebrew/Cellar/jemalloc/5.4.0/include -I/opt/homebrew/Cellar/utf8proc/2.12.0/include -DUTF8PROC_EXPORTS -D_DARWIN_C_SOURCE -DNCURSES_WIDECHAR -I/opt/homebrew/Cellar/ncurses/6.6/include/ncursesw -I/opt/homebrew/Cellar/ncurses/6.6/include -I/opt/homebrew/Cellar/libevent/2.1.13/include -DTMUX_VERSION='"3.7c"' -DTMUX_CONF='"/etc/tmux.conf:~/.tmux.conf:$XDG_CONFIG_HOME/tmux/tmux.conf:~/.config/tmux/tmux.conf"' -DTMUX_LOCK_CMD='"lock -np"' -DTMUX_TERM='"tmux-256color"'  -iquote.        -std=gnu99 -O2       -MT cmd-rename-window.o -MD -MP -MF $depbase.Tpo -c -o cmd-rename-window.o cmd-rename-window.c &&\
	mv -f $depbase.Tpo $depbase.Po
depbase=`echo cmd-resize-pane.o | sed 's|[^/]*$|.deps/&|;s|\.o$||'`;\
	gcc -std=gnu23 -DPACKAGE_NAME=\"tmux\" -DPACKAGE_TARNAME=\"tmux\" -DPACKAGE_VERSION=\"3.7c\" -DPACKAGE_STRING=\"tmux\ 3.7c\" -DPACKAGE_BUGREPORT=\"\" -DPACKAGE_URL=\"\" -DPACKAGE=\"tmux\" -DVERSION=\"3.7c\" -DHAVE_STDIO_H=1 -DHAVE_STDLIB_H=1 -DHAVE_STRING_H=1 -DHAVE_INTTYPES_H=1 -DHAVE_STDINT_H=1 -DHAVE_STRINGS_H=1 -DHAVE_SYS_STAT_H=1 -DHAVE_SYS_TYPES_H=1 -DHAVE_UNISTD_H=1 -DHAVE_WCHAR_H=1 -DSTDC_HEADERS=1 -D_ALL_SOURCE=1 -D_COSMO_SOURCE=1 -D_DARWIN_C_SOURCE=1 -D_GNU_SOURCE=1 -D_HPUX_ALT_XOPEN_SOCKET_API=1 -D_NETBSD_SOURCE=1 -D_OPENBSD_SOURCE=1 -D_POSIX_PTHREAD_SEMANTICS=1 -D__STDC_WANT_IEC_60559_ATTRIBS_EXT__=1 -D__STDC_WANT_IEC_60559_BFP_EXT__=1 -D__STDC_WANT_IEC_60559_DFP_EXT__=1 -D__STDC_WANT_IEC_60559_EXT__=1 -D__STDC_WANT_IEC_60559_FUNCS_EXT__=1 -D__STDC_WANT_IEC_60559_TYPES_EXT__=1 -D__STDC_WANT_LIB_EXT2__=1 -D__STDC_WANT_MATH_SPEC_FUNCS__=1 -D_TANDEM_SOURCE=1 -D__EXTENSIONS__=1 -DHAVE_BITSTRING_H=1 -DHAVE_DIRENT_H=1 -DHAVE_FCNTL_H=1 -DHAVE_INTTYPES_H=1 -DHAVE_LIBPROC_H=1 -DHAVE_PATHS_H=1 -DHAVE_STDINT_H=1 -DHAVE_SYS_DIR_H=1 -DHAVE_UTIL_H=1 -DHAVE_SYS_SIGNAME=1 -DHAVE_LIBM=1 -DHAVE_DIRFD=1 -DHAVE_FLOCK=1 -DHAVE_PROC_PIDINFO=1 -DHAVE_SYSCONF=1 -DHAVE_ASPRINTF=1 -DHAVE_CFMAKERAW=1 -DHAVE_CLOCK_GETTIME=1 -DHAVE_FGETLN=1 -DHAVE_GETDTABLESIZE=1 -DHAVE_GETPEEREID=1 -DHAVE_GETLINE=1 -DHAVE_GETPROGNAME=1 -DHAVE_MEMMEM=1 -DHAVE_SETENV=1 -DHAVE_STRCASESTR=1 -DHAVE_STRLCAT=1 -DHAVE_STRLCPY=1 -DHAVE_STRNDUP=1 -DHAVE_STRSEP=1 -DHAVE_STRTONUM=1 -DHAVE_EVENT2_EVENT_H=1 -DHAVE_NCURSES_H=1 -DHAVE_TIPARM=1 -DHAVE_TIPARM_S=1 -DHAVE_UTF8PROC=1 -DHAVE_B64_NTOP=1 -DHAVE_JEMALLOC=1 -DHAVE_DAEMON=1 -DHAVE_FORKPTY=1 -DHAVE___PROGNAME=1 -DBROKEN___DEAD=1 -DBROKEN_CMSG_FIRSTHDR=1 -I.  -I/opt/homebrew/Cellar/jemalloc/5.4.0/include -I/opt/homebrew/Cellar/utf8proc/2.12.0/include -DUTF8PROC_EXPORTS -D_DARWIN_C_SOURCE -DNCURSES_WIDECHAR -I/opt/homebrew/Cellar/ncurses/6.6/include/ncursesw -I/opt/homebrew/Cellar/ncurses/6.6/include -I/opt/homebrew/Cellar/libevent/2.1.13/include -DTMUX_VERSION='"3.7c"' -DTMUX_CONF='"/etc/tmux.conf:~/.tmux.conf:$XDG_CONFIG_HOME/tmux/tmux.conf:~/.config/tmux/tmux.conf"' -DTMUX_LOCK_CMD='"lock -np"' -DTMUX_TERM='"tmux-256color"'  -iquote.        -std=gnu99 -O2       -MT cmd-resize-pane.o -MD -MP -MF $depbase.Tpo -c -o cmd-resize-pane.o cmd-resize-pane.c &&\
	mv -f $depbase.Tpo $depbase.Po
depbase=`echo cmd-resize-window.o | sed 's|[^/]*$|.deps/&|;s|\.o$||'`;\
	gcc -std=gnu23 -DPACKAGE_NAME=\"tmux\" -DPACKAGE_TARNAME=\"tmux\" -DPACKAGE_VERSION=\"3.7c\" -DPACKAGE_STRING=\"tmux\ 3.7c\" -DPACKAGE_BUGREPORT=\"\" -DPACKAGE_URL=\"\" -DPACKAGE=\"tmux\" -DVERSION=\"3.7c\" -DHAVE_STDIO_H=1 -DHAVE_STDLIB_H=1 -DHAVE_STRING_H=1 -DHAVE_INTTYPES_H=1 -DHAVE_STDINT_H=1 -DHAVE_STRINGS_H=1 -DHAVE_SYS_STAT_H=1 -DHAVE_SYS_TYPES_H=1 -DHAVE_UNISTD_H=1 -DHAVE_WCHAR_H=1 -DSTDC_HEADERS=1 -D_ALL_SOURCE=1 -D_COSMO_SOURCE=1 -D_DARWIN_C_SOURCE=1 -D_GNU_SOURCE=1 -D_HPUX_ALT_XOPEN_SOCKET_API=1 -D_NETBSD_SOURCE=1 -D_OPENBSD_SOURCE=1 -D_POSIX_PTHREAD_SEMANTICS=1 -D__STDC_WANT_IEC_60559_ATTRIBS_EXT__=1 -D__STDC_WANT_IEC_60559_BFP_EXT__=1 -D__STDC_WANT_IEC_60559_DFP_EXT__=1 -D__STDC_WANT_IEC_60559_EXT__=1 -D__STDC_WANT_IEC_60559_FUNCS_EXT__=1 -D__STDC_WANT_IEC_60559_TYPES_EXT__=1 -D__STDC_WANT_LIB_EXT2__=1 -D__STDC_WANT_MATH_SPEC_FUNCS__=1 -D_TANDEM_SOURCE=1 -D__EXTENSIONS__=1 -DHAVE_BITSTRING_H=1 -DHAVE_DIRENT_H=1 -DHAVE_FCNTL_H=1 -DHAVE_INTTYPES_H=1 -DHAVE_LIBPROC_H=1 -DHAVE_PATHS_H=1 -DHAVE_STDINT_H=1 -DHAVE_SYS_DIR_H=1 -DHAVE_UTIL_H=1 -DHAVE_SYS_SIGNAME=1 -DHAVE_LIBM=1 -DHAVE_DIRFD=1 -DHAVE_FLOCK=1 -DHAVE_PROC_PIDINFO=1 -DHAVE_SYSCONF=1 -DHAVE_ASPRINTF=1 -DHAVE_CFMAKERAW=1 -DHAVE_CLOCK_GETTIME=1 -DHAVE_FGETLN=1 -DHAVE_GETDTABLESIZE=1 -DHAVE_GETPEEREID=1 -DHAVE_GETLINE=1 -DHAVE_GETPROGNAME=1 -DHAVE_MEMMEM=1 -DHAVE_SETENV=1 -DHAVE_STRCASESTR=1 -DHAVE_STRLCAT=1 -DHAVE_STRLCPY=1 -DHAVE_STRNDUP=1 -DHAVE_STRSEP=1 -DHAVE_STRTONUM=1 -DHAVE_EVENT2_EVENT_H=1 -DHAVE_NCURSES_H=1 -DHAVE_TIPARM=1 -DHAVE_TIPARM_S=1 -DHAVE_UTF8PROC=1 -DHAVE_B64_NTOP=1 -DHAVE_JEMALLOC=1 -DHAVE_DAEMON=1 -DHAVE_FORKPTY=1 -DHAVE___PROGNAME=1 -DBROKEN___DEAD=1 -DBROKEN_CMSG_FIRSTHDR=1 -I.  -I/opt/homebrew/Cellar/jemalloc/5.4.0/include -I/opt/homebrew/Cellar/utf8proc/2.12.0/include -DUTF8PROC_EXPORTS -D_DARWIN_C_SOURCE -DNCURSES_WIDECHAR -I/opt/homebrew/Cellar/ncurses/6.6/include/ncursesw -I/opt/homebrew/Cellar/ncurses/6.6/include -I/opt/homebrew/Cellar/libevent/2.1.13/include -DTMUX_VERSION='"3.7c"' -DTMUX_CONF='"/etc/tmux.conf:~/.tmux.conf:$XDG_CONFIG_HOME/tmux/tmux.conf:~/.config/tmux/tmux.conf"' -DTMUX_LOCK_CMD='"lock -np"' -DTMUX_TERM='"tmux-256color"'  -iquote.        -std=gnu99 -O2       -MT cmd-resize-window.o -MD -MP -MF $depbase.Tpo -c -o cmd-resize-window.o cmd-resize-window.c &&\
	mv -f $depbase.Tpo $depbase.Po
depbase=`echo cmd-respawn-pane.o | sed 's|[^/]*$|.deps/&|;s|\.o$||'`;\
	gcc -std=gnu23 -DPACKAGE_NAME=\"tmux\" -DPACKAGE_TARNAME=\"tmux\" -DPACKAGE_VERSION=\"3.7c\" -DPACKAGE_STRING=\"tmux\ 3.7c\" -DPACKAGE_BUGREPORT=\"\" -DPACKAGE_URL=\"\" -DPACKAGE=\"tmux\" -DVERSION=\"3.7c\" -DHAVE_STDIO_H=1 -DHAVE_STDLIB_H=1 -DHAVE_STRING_H=1 -DHAVE_INTTYPES_H=1 -DHAVE_STDINT_H=1 -DHAVE_STRINGS_H=1 -DHAVE_SYS_STAT_H=1 -DHAVE_SYS_TYPES_H=1 -DHAVE_UNISTD_H=1 -DHAVE_WCHAR_H=1 -DSTDC_HEADERS=1 -D_ALL_SOURCE=1 -D_COSMO_SOURCE=1 -D_DARWIN_C_SOURCE=1 -D_GNU_SOURCE=1 -D_HPUX_ALT_XOPEN_SOCKET_API=1 -D_NETBSD_SOURCE=1 -D_OPENBSD_SOURCE=1 -D_POSIX_PTHREAD_SEMANTICS=1 -D__STDC_WANT_IEC_60559_ATTRIBS_EXT__=1 -D__STDC_WANT_IEC_60559_BFP_EXT__=1 -D__STDC_WANT_IEC_60559_DFP_EXT__=1 -D__STDC_WANT_IEC_60559_EXT__=1 -D__STDC_WANT_IEC_60559_FUNCS_EXT__=1 -D__STDC_WANT_IEC_60559_TYPES_EXT__=1 -D__STDC_WANT_LIB_EXT2__=1 -D__STDC_WANT_MATH_SPEC_FUNCS__=1 -D_TANDEM_SOURCE=1 -D__EXTENSIONS__=1 -DHAVE_BITSTRING_H=1 -DHAVE_DIRENT_H=1 -DHAVE_FCNTL_H=1 -DHAVE_INTTYPES_H=1 -DHAVE_LIBPROC_H=1 -DHAVE_PATHS_H=1 -DHAVE_STDINT_H=1 -DHAVE_SYS_DIR_H=1 -DHAVE_UTIL_H=1 -DHAVE_SYS_SIGNAME=1 -DHAVE_LIBM=1 -DHAVE_DIRFD=1 -DHAVE_FLOCK=1 -DHAVE_PROC_PIDINFO=1 -DHAVE_SYSCONF=1 -DHAVE_ASPRINTF=1 -DHAVE_CFMAKERAW=1 -DHAVE_CLOCK_GETTIME=1 -DHAVE_FGETLN=1 -DHAVE_GETDTABLESIZE=1 -DHAVE_GETPEEREID=1 -DHAVE_GETLINE=1 -DHAVE_GETPROGNAME=1 -DHAVE_MEMMEM=1 -DHAVE_SETENV=1 -DHAVE_STRCASESTR=1 -DHAVE_STRLCAT=1 -DHAVE_STRLCPY=1 -DHAVE_STRNDUP=1 -DHAVE_STRSEP=1 -DHAVE_STRTONUM=1 -DHAVE_EVENT2_EVENT_H=1 -DHAVE_NCURSES_H=1 -DHAVE_TIPARM=1 -DHAVE_TIPARM_S=1 -DHAVE_UTF8PROC=1 -DHAVE_B64_NTOP=1 -DHAVE_JEMALLOC=1 -DHAVE_DAEMON=1 -DHAVE_FORKPTY=1 -DHAVE___PROGNAME=1 -DBROKEN___DEAD=1 -DBROKEN_CMSG_FIRSTHDR=1 -I.  -I/opt/homebrew/Cellar/jemalloc/5.4.0/include -I/opt/homebrew/Cellar/utf8proc/2.12.0/include -DUTF8PROC_EXPORTS -D_DARWIN_C_SOURCE -DNCURSES_WIDECHAR -I/opt/homebrew/Cellar/ncurses/6.6/include/ncursesw -I/opt/homebrew/Cellar/ncurses/6.6/include -I/opt/homebrew/Cellar/libevent/2.1.13/include -DTMUX_VERSION='"3.7c"' -DTMUX_CONF='"/etc/tmux.conf:~/.tmux.conf:$XDG_CONFIG_HOME/tmux/tmux.conf:~/.config/tmux/tmux.conf"' -DTMUX_LOCK_CMD='"lock -np"' -DTMUX_TERM='"tmux-256color"'  -iquote.        -std=gnu99 -O2       -MT cmd-respawn-pane.o -MD -MP -MF $depbase.Tpo -c -o cmd-respawn-pane.o cmd-respawn-pane.c &&\
	mv -f $depbase.Tpo $depbase.Po
depbase=`echo cmd-respawn-window.o | sed 's|[^/]*$|.deps/&|;s|\.o$||'`;\
	gcc -std=gnu23 -DPACKAGE_NAME=\"tmux\" -DPACKAGE_TARNAME=\"tmux\" -DPACKAGE_VERSION=\"3.7c\" -DPACKAGE_STRING=\"tmux\ 3.7c\" -DPACKAGE_BUGREPORT=\"\" -DPACKAGE_URL=\"\" -DPACKAGE=\"tmux\" -DVERSION=\"3.7c\" -DHAVE_STDIO_H=1 -DHAVE_STDLIB_H=1 -DHAVE_STRING_H=1 -DHAVE_INTTYPES_H=1 -DHAVE_STDINT_H=1 -DHAVE_STRINGS_H=1 -DHAVE_SYS_STAT_H=1 -DHAVE_SYS_TYPES_H=1 -DHAVE_UNISTD_H=1 -DHAVE_WCHAR_H=1 -DSTDC_HEADERS=1 -D_ALL_SOURCE=1 -D_COSMO_SOURCE=1 -D_DARWIN_C_SOURCE=1 -D_GNU_SOURCE=1 -D_HPUX_ALT_XOPEN_SOCKET_API=1 -D_NETBSD_SOURCE=1 -D_OPENBSD_SOURCE=1 -D_POSIX_PTHREAD_SEMANTICS=1 -D__STDC_WANT_IEC_60559_ATTRIBS_EXT__=1 -D__STDC_WANT_IEC_60559_BFP_EXT__=1 -D__STDC_WANT_IEC_60559_DFP_EXT__=1 -D__STDC_WANT_IEC_60559_EXT__=1 -D__STDC_WANT_IEC_60559_FUNCS_EXT__=1 -D__STDC_WANT_IEC_60559_TYPES_EXT__=1 -D__STDC_WANT_LIB_EXT2__=1 -D__STDC_WANT_MATH_SPEC_FUNCS__=1 -D_TANDEM_SOURCE=1 -D__EXTENSIONS__=1 -DHAVE_BITSTRING_H=1 -DHAVE_DIRENT_H=1 -DHAVE_FCNTL_H=1 -DHAVE_INTTYPES_H=1 -DHAVE_LIBPROC_H=1 -DHAVE_PATHS_H=1 -DHAVE_STDINT_H=1 -DHAVE_SYS_DIR_H=1 -DHAVE_UTIL_H=1 -DHAVE_SYS_SIGNAME=1 -DHAVE_LIBM=1 -DHAVE_DIRFD=1 -DHAVE_FLOCK=1 -DHAVE_PROC_PIDINFO=1 -DHAVE_SYSCONF=1 -DHAVE_ASPRINTF=1 -DHAVE_CFMAKERAW=1 -DHAVE_CLOCK_GETTIME=1 -DHAVE_FGETLN=1 -DHAVE_GETDTABLESIZE=1 -DHAVE_GETPEEREID=1 -DHAVE_GETLINE=1 -DHAVE_GETPROGNAME=1 -DHAVE_MEMMEM=1 -DHAVE_SETENV=1 -DHAVE_STRCASESTR=1 -DHAVE_STRLCAT=1 -DHAVE_STRLCPY=1 -DHAVE_STRNDUP=1 -DHAVE_STRSEP=1 -DHAVE_STRTONUM=1 -DHAVE_EVENT2_EVENT_H=1 -DHAVE_NCURSES_H=1 -DHAVE_TIPARM=1 -DHAVE_TIPARM_S=1 -DHAVE_UTF8PROC=1 -DHAVE_B64_NTOP=1 -DHAVE_JEMALLOC=1 -DHAVE_DAEMON=1 -DHAVE_FORKPTY=1 -DHAVE___PROGNAME=1 -DBROKEN___DEAD=1 -DBROKEN_CMSG_FIRSTHDR=1 -I.  -I/opt/homebrew/Cellar/jemalloc/5.4.0/include -I/opt/homebrew/Cellar/utf8proc/2.12.0/include -DUTF8PROC_EXPORTS -D_DARWIN_C_SOURCE -DNCURSES_WIDECHAR -I/opt/homebrew/Cellar/ncurses/6.6/include/ncursesw -I/opt/homebrew/Cellar/ncurses/6.6/include -I/opt/homebrew/Cellar/libevent/2.1.13/include -DTMUX_VERSION='"3.7c"' -DTMUX_CONF='"/etc/tmux.conf:~/.tmux.conf:$XDG_CONFIG_HOME/tmux/tmux.conf:~/.config/tmux/tmux.conf"' -DTMUX_LOCK_CMD='"lock -np"' -DTMUX_TERM='"tmux-256color"'  -iquote.        -std=gnu99 -O2       -MT cmd-respawn-window.o -MD -MP -MF $depbase.Tpo -c -o cmd-respawn-window.o cmd-respawn-window.c &&\
	mv -f $depbase.Tpo $depbase.Po
depbase=`echo cmd-rotate-window.o | sed 's|[^/]*$|.deps/&|;s|\.o$||'`;\
	gcc -std=gnu23 -DPACKAGE_NAME=\"tmux\" -DPACKAGE_TARNAME=\"tmux\" -DPACKAGE_VERSION=\"3.7c\" -DPACKAGE_STRING=\"tmux\ 3.7c\" -DPACKAGE_BUGREPORT=\"\" -DPACKAGE_URL=\"\" -DPACKAGE=\"tmux\" -DVERSION=\"3.7c\" -DHAVE_STDIO_H=1 -DHAVE_STDLIB_H=1 -DHAVE_STRING_H=1 -DHAVE_INTTYPES_H=1 -DHAVE_STDINT_H=1 -DHAVE_STRINGS_H=1 -DHAVE_SYS_STAT_H=1 -DHAVE_SYS_TYPES_H=1 -DHAVE_UNISTD_H=1 -DHAVE_WCHAR_H=1 -DSTDC_HEADERS=1 -D_ALL_SOURCE=1 -D_COSMO_SOURCE=1 -D_DARWIN_C_SOURCE=1 -D_GNU_SOURCE=1 -D_HPUX_ALT_XOPEN_SOCKET_API=1 -D_NETBSD_SOURCE=1 -D_OPENBSD_SOURCE=1 -D_POSIX_PTHREAD_SEMANTICS=1 -D__STDC_WANT_IEC_60559_ATTRIBS_EXT__=1 -D__STDC_WANT_IEC_60559_BFP_EXT__=1 -D__STDC_WANT_IEC_60559_DFP_EXT__=1 -D__STDC_WANT_IEC_60559_EXT__=1 -D__STDC_WANT_IEC_60559_FUNCS_EXT__=1 -D__STDC_WANT_IEC_60559_TYPES_EXT__=1 -D__STDC_WANT_LIB_EXT2__=1 -D__STDC_WANT_MATH_SPEC_FUNCS__=1 -D_TANDEM_SOURCE=1 -D__EXTENSIONS__=1 -DHAVE_BITSTRING_H=1 -DHAVE_DIRENT_H=1 -DHAVE_FCNTL_H=1 -DHAVE_INTTYPES_H=1 -DHAVE_LIBPROC_H=1 -DHAVE_PATHS_H=1 -DHAVE_STDINT_H=1 -DHAVE_SYS_DIR_H=1 -DHAVE_UTIL_H=1 -DHAVE_SYS_SIGNAME=1 -DHAVE_LIBM=1 -DHAVE_DIRFD=1 -DHAVE_FLOCK=1 -DHAVE_PROC_PIDINFO=1 -DHAVE_SYSCONF=1 -DHAVE_ASPRINTF=1 -DHAVE_CFMAKERAW=1 -DHAVE_CLOCK_GETTIME=1 -DHAVE_FGETLN=1 -DHAVE_GETDTABLESIZE=1 -DHAVE_GETPEEREID=1 -DHAVE_GETLINE=1 -DHAVE_GETPROGNAME=1 -DHAVE_MEMMEM=1 -DHAVE_SETENV=1 -DHAVE_STRCASESTR=1 -DHAVE_STRLCAT=1 -DHAVE_STRLCPY=1 -DHAVE_STRNDUP=1 -DHAVE_STRSEP=1 -DHAVE_STRTONUM=1 -DHAVE_EVENT2_EVENT_H=1 -DHAVE_NCURSES_H=1 -DHAVE_TIPARM=1 -DHAVE_TIPARM_S=1 -DHAVE_UTF8PROC=1 -DHAVE_B64_NTOP=1 -DHAVE_JEMALLOC=1 -DHAVE_DAEMON=1 -DHAVE_FORKPTY=1 -DHAVE___PROGNAME=1 -DBROKEN___DEAD=1 -DBROKEN_CMSG_FIRSTHDR=1 -I.  -I/opt/homebrew/Cellar/jemalloc/5.4.0/include -I/opt/homebrew/Cellar/utf8proc/2.12.0/include -DUTF8PROC_EXPORTS -D_DARWIN_C_SOURCE -DNCURSES_WIDECHAR -I/opt/homebrew/Cellar/ncurses/6.6/include/ncursesw -I/opt/homebrew/Cellar/ncurses/6.6/include -I/opt/homebrew/Cellar/libevent/2.1.13/include -DTMUX_VERSION='"3.7c"' -DTMUX_CONF='"/etc/tmux.conf:~/.tmux.conf:$XDG_CONFIG_HOME/tmux/tmux.conf:~/.config/tmux/tmux.conf"' -DTMUX_LOCK_CMD='"lock -np"' -DTMUX_TERM='"tmux-256color"'  -iquote.        -std=gnu99 -O2       -MT cmd-rotate-window.o -MD -MP -MF $depbase.Tpo -c -o cmd-rotate-window.o cmd-rotate-window.c &&\
	mv -f $depbase.Tpo $depbase.Po
depbase=`echo cmd-run-shell.o | sed 's|[^/]*$|.deps/&|;s|\.o$||'`;\
	gcc -std=gnu23 -DPACKAGE_NAME=\"tmux\" -DPACKAGE_TARNAME=\"tmux\" -DPACKAGE_VERSION=\"3.7c\" -DPACKAGE_STRING=\"tmux\ 3.7c\" -DPACKAGE_BUGREPORT=\"\" -DPACKAGE_URL=\"\" -DPACKAGE=\"tmux\" -DVERSION=\"3.7c\" -DHAVE_STDIO_H=1 -DHAVE_STDLIB_H=1 -DHAVE_STRING_H=1 -DHAVE_INTTYPES_H=1 -DHAVE_STDINT_H=1 -DHAVE_STRINGS_H=1 -DHAVE_SYS_STAT_H=1 -DHAVE_SYS_TYPES_H=1 -DHAVE_UNISTD_H=1 -DHAVE_WCHAR_H=1 -DSTDC_HEADERS=1 -D_ALL_SOURCE=1 -D_COSMO_SOURCE=1 -D_DARWIN_C_SOURCE=1 -D_GNU_SOURCE=1 -D_HPUX_ALT_XOPEN_SOCKET_API=1 -D_NETBSD_SOURCE=1 -D_OPENBSD_SOURCE=1 -D_POSIX_PTHREAD_SEMANTICS=1 -D__STDC_WANT_IEC_60559_ATTRIBS_EXT__=1 -D__STDC_WANT_IEC_60559_BFP_EXT__=1 -D__STDC_WANT_IEC_60559_DFP_EXT__=1 -D__STDC_WANT_IEC_60559_EXT__=1 -D__STDC_WANT_IEC_60559_FUNCS_EXT__=1 -D__STDC_WANT_IEC_60559_TYPES_EXT__=1 -D__STDC_WANT_LIB_EXT2__=1 -D__STDC_WANT_MATH_SPEC_FUNCS__=1 -D_TANDEM_SOURCE=1 -D__EXTENSIONS__=1 -DHAVE_BITSTRING_H=1 -DHAVE_DIRENT_H=1 -DHAVE_FCNTL_H=1 -DHAVE_INTTYPES_H=1 -DHAVE_LIBPROC_H=1 -DHAVE_PATHS_H=1 -DHAVE_STDINT_H=1 -DHAVE_SYS_DIR_H=1 -DHAVE_UTIL_H=1 -DHAVE_SYS_SIGNAME=1 -DHAVE_LIBM=1 -DHAVE_DIRFD=1 -DHAVE_FLOCK=1 -DHAVE_PROC_PIDINFO=1 -DHAVE_SYSCONF=1 -DHAVE_ASPRINTF=1 -DHAVE_CFMAKERAW=1 -DHAVE_CLOCK_GETTIME=1 -DHAVE_FGETLN=1 -DHAVE_GETDTABLESIZE=1 -DHAVE_GETPEEREID=1 -DHAVE_GETLINE=1 -DHAVE_GETPROGNAME=1 -DHAVE_MEMMEM=1 -DHAVE_SETENV=1 -DHAVE_STRCASESTR=1 -DHAVE_STRLCAT=1 -DHAVE_STRLCPY=1 -DHAVE_STRNDUP=1 -DHAVE_STRSEP=1 -DHAVE_STRTONUM=1 -DHAVE_EVENT2_EVENT_H=1 -DHAVE_NCURSES_H=1 -DHAVE_TIPARM=1 -DHAVE_TIPARM_S=1 -DHAVE_UTF8PROC=1 -DHAVE_B64_NTOP=1 -DHAVE_JEMALLOC=1 -DHAVE_DAEMON=1 -DHAVE_FORKPTY=1 -DHAVE___PROGNAME=1 -DBROKEN___DEAD=1 -DBROKEN_CMSG_FIRSTHDR=1 -I.  -I/opt/homebrew/Cellar/jemalloc/5.4.0/include -I/opt/homebrew/Cellar/utf8proc/2.12.0/include -DUTF8PROC_EXPORTS -D_DARWIN_C_SOURCE -DNCURSES_WIDECHAR -I/opt/homebrew/Cellar/ncurses/6.6/include/ncursesw -I/opt/homebrew/Cellar/ncurses/6.6/include -I/opt/homebrew/Cellar/libevent/2.1.13/include -DTMUX_VERSION='"3.7c"' -DTMUX_CONF='"/etc/tmux.conf:~/.tmux.conf:$XDG_CONFIG_HOME/tmux/tmux.conf:~/.config/tmux/tmux.conf"' -DTMUX_LOCK_CMD='"lock -np"' -DTMUX_TERM='"tmux-256color"'  -iquote.        -std=gnu99 -O2       -MT cmd-run-shell.o -MD -MP -MF $depbase.Tpo -c -o cmd-run-shell.o cmd-run-shell.c &&\
	mv -f $depbase.Tpo $depbase.Po
depbase=`echo cmd-save-buffer.o | sed 's|[^/]*$|.deps/&|;s|\.o$||'`;\
	gcc -std=gnu23 -DPACKAGE_NAME=\"tmux\" -DPACKAGE_TARNAME=\"tmux\" -DPACKAGE_VERSION=\"3.7c\" -DPACKAGE_STRING=\"tmux\ 3.7c\" -DPACKAGE_BUGREPORT=\"\" -DPACKAGE_URL=\"\" -DPACKAGE=\"tmux\" -DVERSION=\"3.7c\" -DHAVE_STDIO_H=1 -DHAVE_STDLIB_H=1 -DHAVE_STRING_H=1 -DHAVE_INTTYPES_H=1 -DHAVE_STDINT_H=1 -DHAVE_STRINGS_H=1 -DHAVE_SYS_STAT_H=1 -DHAVE_SYS_TYPES_H=1 -DHAVE_UNISTD_H=1 -DHAVE_WCHAR_H=1 -DSTDC_HEADERS=1 -D_ALL_SOURCE=1 -D_COSMO_SOURCE=1 -D_DARWIN_C_SOURCE=1 -D_GNU_SOURCE=1 -D_HPUX_ALT_XOPEN_SOCKET_API=1 -D_NETBSD_SOURCE=1 -D_OPENBSD_SOURCE=1 -D_POSIX_PTHREAD_SEMANTICS=1 -D__STDC_WANT_IEC_60559_ATTRIBS_EXT__=1 -D__STDC_WANT_IEC_60559_BFP_EXT__=1 -D__STDC_WANT_IEC_60559_DFP_EXT__=1 -D__STDC_WANT_IEC_60559_EXT__=1 -D__STDC_WANT_IEC_60559_FUNCS_EXT__=1 -D__STDC_WANT_IEC_60559_TYPES_EXT__=1 -D__STDC_WANT_LIB_EXT2__=1 -D__STDC_WANT_MATH_SPEC_FUNCS__=1 -D_TANDEM_SOURCE=1 -D__EXTENSIONS__=1 -DHAVE_BITSTRING_H=1 -DHAVE_DIRENT_H=1 -DHAVE_FCNTL_H=1 -DHAVE_INTTYPES_H=1 -DHAVE_LIBPROC_H=1 -DHAVE_PATHS_H=1 -DHAVE_STDINT_H=1 -DHAVE_SYS_DIR_H=1 -DHAVE_UTIL_H=1 -DHAVE_SYS_SIGNAME=1 -DHAVE_LIBM=1 -DHAVE_DIRFD=1 -DHAVE_FLOCK=1 -DHAVE_PROC_PIDINFO=1 -DHAVE_SYSCONF=1 -DHAVE_ASPRINTF=1 -DHAVE_CFMAKERAW=1 -DHAVE_CLOCK_GETTIME=1 -DHAVE_FGETLN=1 -DHAVE_GETDTABLESIZE=1 -DHAVE_GETPEEREID=1 -DHAVE_GETLINE=1 -DHAVE_GETPROGNAME=1 -DHAVE_MEMMEM=1 -DHAVE_SETENV=1 -DHAVE_STRCASESTR=1 -DHAVE_STRLCAT=1 -DHAVE_STRLCPY=1 -DHAVE_STRNDUP=1 -DHAVE_STRSEP=1 -DHAVE_STRTONUM=1 -DHAVE_EVENT2_EVENT_H=1 -DHAVE_NCURSES_H=1 -DHAVE_TIPARM=1 -DHAVE_TIPARM_S=1 -DHAVE_UTF8PROC=1 -DHAVE_B64_NTOP=1 -DHAVE_JEMALLOC=1 -DHAVE_DAEMON=1 -DHAVE_FORKPTY=1 -DHAVE___PROGNAME=1 -DBROKEN___DEAD=1 -DBROKEN_CMSG_FIRSTHDR=1 -I.  -I/opt/homebrew/Cellar/jemalloc/5.4.0/include -I/opt/homebrew/Cellar/utf8proc/2.12.0/include -DUTF8PROC_EXPORTS -D_DARWIN_C_SOURCE -DNCURSES_WIDECHAR -I/opt/homebrew/Cellar/ncurses/6.6/include/ncursesw -I/opt/homebrew/Cellar/ncurses/6.6/include -I/opt/homebrew/Cellar/libevent/2.1.13/include -DTMUX_VERSION='"3.7c"' -DTMUX_CONF='"/etc/tmux.conf:~/.tmux.conf:$XDG_CONFIG_HOME/tmux/tmux.conf:~/.config/tmux/tmux.conf"' -DTMUX_LOCK_CMD='"lock -np"' -DTMUX_TERM='"tmux-256color"'  -iquote.        -std=gnu99 -O2       -MT cmd-save-buffer.o -MD -MP -MF $depbase.Tpo -c -o cmd-save-buffer.o cmd-save-buffer.c &&\
	mv -f $depbase.Tpo $depbase.Po
depbase=`echo cmd-select-layout.o | sed 's|[^/]*$|.deps/&|;s|\.o$||'`;\
	gcc -std=gnu23 -DPACKAGE_NAME=\"tmux\" -DPACKAGE_TARNAME=\"tmux\" -DPACKAGE_VERSION=\"3.7c\" -DPACKAGE_STRING=\"tmux\ 3.7c\" -DPACKAGE_BUGREPORT=\"\" -DPACKAGE_URL=\"\" -DPACKAGE=\"tmux\" -DVERSION=\"3.7c\" -DHAVE_STDIO_H=1 -DHAVE_STDLIB_H=1 -DHAVE_STRING_H=1 -DHAVE_INTTYPES_H=1 -DHAVE_STDINT_H=1 -DHAVE_STRINGS_H=1 -DHAVE_SYS_STAT_H=1 -DHAVE_SYS_TYPES_H=1 -DHAVE_UNISTD_H=1 -DHAVE_WCHAR_H=1 -DSTDC_HEADERS=1 -D_ALL_SOURCE=1 -D_COSMO_SOURCE=1 -D_DARWIN_C_SOURCE=1 -D_GNU_SOURCE=1 -D_HPUX_ALT_XOPEN_SOCKET_API=1 -D_NETBSD_SOURCE=1 -D_OPENBSD_SOURCE=1 -D_POSIX_PTHREAD_SEMANTICS=1 -D__STDC_WANT_IEC_60559_ATTRIBS_EXT__=1 -D__STDC_WANT_IEC_60559_BFP_EXT__=1 -D__STDC_WANT_IEC_60559_DFP_EXT__=1 -D__STDC_WANT_IEC_60559_EXT__=1 -D__STDC_WANT_IEC_60559_FUNCS_EXT__=1 -D__STDC_WANT_IEC_60559_TYPES_EXT__=1 -D__STDC_WANT_LIB_EXT2__=1 -D__STDC_WANT_MATH_SPEC_FUNCS__=1 -D_TANDEM_SOURCE=1 -D__EXTENSIONS__=1 -DHAVE_BITSTRING_H=1 -DHAVE_DIRENT_H=1 -DHAVE_FCNTL_H=1 -DHAVE_INTTYPES_H=1 -DHAVE_LIBPROC_H=1 -DHAVE_PATHS_H=1 -DHAVE_STDINT_H=1 -DHAVE_SYS_DIR_H=1 -DHAVE_UTIL_H=1 -DHAVE_SYS_SIGNAME=1 -DHAVE_LIBM=1 -DHAVE_DIRFD=1 -DHAVE_FLOCK=1 -DHAVE_PROC_PIDINFO=1 -DHAVE_SYSCONF=1 -DHAVE_ASPRINTF=1 -DHAVE_CFMAKERAW=1 -DHAVE_CLOCK_GETTIME=1 -DHAVE_FGETLN=1 -DHAVE_GETDTABLESIZE=1 -DHAVE_GETPEEREID=1 -DHAVE_GETLINE=1 -DHAVE_GETPROGNAME=1 -DHAVE_MEMMEM=1 -DHAVE_SETENV=1 -DHAVE_STRCASESTR=1 -DHAVE_STRLCAT=1 -DHAVE_STRLCPY=1 -DHAVE_STRNDUP=1 -DHAVE_STRSEP=1 -DHAVE_STRTONUM=1 -DHAVE_EVENT2_EVENT_H=1 -DHAVE_NCURSES_H=1 -DHAVE_TIPARM=1 -DHAVE_TIPARM_S=1 -DHAVE_UTF8PROC=1 -DHAVE_B64_NTOP=1 -DHAVE_JEMALLOC=1 -DHAVE_DAEMON=1 -DHAVE_FORKPTY=1 -DHAVE___PROGNAME=1 -DBROKEN___DEAD=1 -DBROKEN_CMSG_FIRSTHDR=1 -I.  -I/opt/homebrew/Cellar/jemalloc/5.4.0/include -I/opt/homebrew/Cellar/utf8proc/2.12.0/include -DUTF8PROC_EXPORTS -D_DARWIN_C_SOURCE -DNCURSES_WIDECHAR -I/opt/homebrew/Cellar/ncurses/6.6/include/ncursesw -I/opt/homebrew/Cellar/ncurses/6.6/include -I/opt/homebrew/Cellar/libevent/2.1.13/include -DTMUX_VERSION='"3.7c"' -DTMUX_CONF='"/etc/tmux.conf:~/.tmux.conf:$XDG_CONFIG_HOME/tmux/tmux.conf:~/.config/tmux/tmux.conf"' -DTMUX_LOCK_CMD='"lock -np"' -DTMUX_TERM='"tmux-256color"'  -iquote.        -std=gnu99 -O2       -MT cmd-select-layout.o -MD -MP -MF $depbase.Tpo -c -o cmd-select-layout.o cmd-select-layout.c &&\
	mv -f $depbase.Tpo $depbase.Po
depbase=`echo cmd-select-pane.o | sed 's|[^/]*$|.deps/&|;s|\.o$||'`;\
	gcc -std=gnu23 -DPACKAGE_NAME=\"tmux\" -DPACKAGE_TARNAME=\"tmux\" -DPACKAGE_VERSION=\"3.7c\" -DPACKAGE_STRING=\"tmux\ 3.7c\" -DPACKAGE_BUGREPORT=\"\" -DPACKAGE_URL=\"\" -DPACKAGE=\"tmux\" -DVERSION=\"3.7c\" -DHAVE_STDIO_H=1 -DHAVE_STDLIB_H=1 -DHAVE_STRING_H=1 -DHAVE_INTTYPES_H=1 -DHAVE_STDINT_H=1 -DHAVE_STRINGS_H=1 -DHAVE_SYS_STAT_H=1 -DHAVE_SYS_TYPES_H=1 -DHAVE_UNISTD_H=1 -DHAVE_WCHAR_H=1 -DSTDC_HEADERS=1 -D_ALL_SOURCE=1 -D_COSMO_SOURCE=1 -D_DARWIN_C_SOURCE=1 -D_GNU_SOURCE=1 -D_HPUX_ALT_XOPEN_SOCKET_API=1 -D_NETBSD_SOURCE=1 -D_OPENBSD_SOURCE=1 -D_POSIX_PTHREAD_SEMANTICS=1 -D__STDC_WANT_IEC_60559_ATTRIBS_EXT__=1 -D__STDC_WANT_IEC_60559_BFP_EXT__=1 -D__STDC_WANT_IEC_60559_DFP_EXT__=1 -D__STDC_WANT_IEC_60559_EXT__=1 -D__STDC_WANT_IEC_60559_FUNCS_EXT__=1 -D__STDC_WANT_IEC_60559_TYPES_EXT__=1 -D__STDC_WANT_LIB_EXT2__=1 -D__STDC_WANT_MATH_SPEC_FUNCS__=1 -D_TANDEM_SOURCE=1 -D__EXTENSIONS__=1 -DHAVE_BITSTRING_H=1 -DHAVE_DIRENT_H=1 -DHAVE_FCNTL_H=1 -DHAVE_INTTYPES_H=1 -DHAVE_LIBPROC_H=1 -DHAVE_PATHS_H=1 -DHAVE_STDINT_H=1 -DHAVE_SYS_DIR_H=1 -DHAVE_UTIL_H=1 -DHAVE_SYS_SIGNAME=1 -DHAVE_LIBM=1 -DHAVE_DIRFD=1 -DHAVE_FLOCK=1 -DHAVE_PROC_PIDINFO=1 -DHAVE_SYSCONF=1 -DHAVE_ASPRINTF=1 -DHAVE_CFMAKERAW=1 -DHAVE_CLOCK_GETTIME=1 -DHAVE_FGETLN=1 -DHAVE_GETDTABLESIZE=1 -DHAVE_GETPEEREID=1 -DHAVE_GETLINE=1 -DHAVE_GETPROGNAME=1 -DHAVE_MEMMEM=1 -DHAVE_SETENV=1 -DHAVE_STRCASESTR=1 -DHAVE_STRLCAT=1 -DHAVE_STRLCPY=1 -DHAVE_STRNDUP=1 -DHAVE_STRSEP=1 -DHAVE_STRTONUM=1 -DHAVE_EVENT2_EVENT_H=1 -DHAVE_NCURSES_H=1 -DHAVE_TIPARM=1 -DHAVE_TIPARM_S=1 -DHAVE_UTF8PROC=1 -DHAVE_B64_NTOP=1 -DHAVE_JEMALLOC=1 -DHAVE_DAEMON=1 -DHAVE_FORKPTY=1 -DHAVE___PROGNAME=1 -DBROKEN___DEAD=1 -DBROKEN_CMSG_FIRSTHDR=1 -I.  -I/opt/homebrew/Cellar/jemalloc/5.4.0/include -I/opt/homebrew/Cellar/utf8proc/2.12.0/include -DUTF8PROC_EXPORTS -D_DARWIN_C_SOURCE -DNCURSES_WIDECHAR -I/opt/homebrew/Cellar/ncurses/6.6/include/ncursesw -I/opt/homebrew/Cellar/ncurses/6.6/include -I/opt/homebrew/Cellar/libevent/2.1.13/include -DTMUX_VERSION='"3.7c"' -DTMUX_CONF='"/etc/tmux.conf:~/.tmux.conf:$XDG_CONFIG_HOME/tmux/tmux.conf:~/.config/tmux/tmux.conf"' -DTMUX_LOCK_CMD='"lock -np"' -DTMUX_TERM='"tmux-256color"'  -iquote.        -std=gnu99 -O2       -MT cmd-select-pane.o -MD -MP -MF $depbase.Tpo -c -o cmd-select-pane.o cmd-select-pane.c &&\
	mv -f $depbase.Tpo $depbase.Po
depbase=`echo cmd-select-window.o | sed 's|[^/]*$|.deps/&|;s|\.o$||'`;\
	gcc -std=gnu23 -DPACKAGE_NAME=\"tmux\" -DPACKAGE_TARNAME=\"tmux\" -DPACKAGE_VERSION=\"3.7c\" -DPACKAGE_STRING=\"tmux\ 3.7c\" -DPACKAGE_BUGREPORT=\"\" -DPACKAGE_URL=\"\" -DPACKAGE=\"tmux\" -DVERSION=\"3.7c\" -DHAVE_STDIO_H=1 -DHAVE_STDLIB_H=1 -DHAVE_STRING_H=1 -DHAVE_INTTYPES_H=1 -DHAVE_STDINT_H=1 -DHAVE_STRINGS_H=1 -DHAVE_SYS_STAT_H=1 -DHAVE_SYS_TYPES_H=1 -DHAVE_UNISTD_H=1 -DHAVE_WCHAR_H=1 -DSTDC_HEADERS=1 -D_ALL_SOURCE=1 -D_COSMO_SOURCE=1 -D_DARWIN_C_SOURCE=1 -D_GNU_SOURCE=1 -D_HPUX_ALT_XOPEN_SOCKET_API=1 -D_NETBSD_SOURCE=1 -D_OPENBSD_SOURCE=1 -D_POSIX_PTHREAD_SEMANTICS=1 -D__STDC_WANT_IEC_60559_ATTRIBS_EXT__=1 -D__STDC_WANT_IEC_60559_BFP_EXT__=1 -D__STDC_WANT_IEC_60559_DFP_EXT__=1 -D__STDC_WANT_IEC_60559_EXT__=1 -D__STDC_WANT_IEC_60559_FUNCS_EXT__=1 -D__STDC_WANT_IEC_60559_TYPES_EXT__=1 -D__STDC_WANT_LIB_EXT2__=1 -D__STDC_WANT_MATH_SPEC_FUNCS__=1 -D_TANDEM_SOURCE=1 -D__EXTENSIONS__=1 -DHAVE_BITSTRING_H=1 -DHAVE_DIRENT_H=1 -DHAVE_FCNTL_H=1 -DHAVE_INTTYPES_H=1 -DHAVE_LIBPROC_H=1 -DHAVE_PATHS_H=1 -DHAVE_STDINT_H=1 -DHAVE_SYS_DIR_H=1 -DHAVE_UTIL_H=1 -DHAVE_SYS_SIGNAME=1 -DHAVE_LIBM=1 -DHAVE_DIRFD=1 -DHAVE_FLOCK=1 -DHAVE_PROC_PIDINFO=1 -DHAVE_SYSCONF=1 -DHAVE_ASPRINTF=1 -DHAVE_CFMAKERAW=1 -DHAVE_CLOCK_GETTIME=1 -DHAVE_FGETLN=1 -DHAVE_GETDTABLESIZE=1 -DHAVE_GETPEEREID=1 -DHAVE_GETLINE=1 -DHAVE_GETPROGNAME=1 -DHAVE_MEMMEM=1 -DHAVE_SETENV=1 -DHAVE_STRCASESTR=1 -DHAVE_STRLCAT=1 -DHAVE_STRLCPY=1 -DHAVE_STRNDUP=1 -DHAVE_STRSEP=1 -DHAVE_STRTONUM=1 -DHAVE_EVENT2_EVENT_H=1 -DHAVE_NCURSES_H=1 -DHAVE_TIPARM=1 -DHAVE_TIPARM_S=1 -DHAVE_UTF8PROC=1 -DHAVE_B64_NTOP=1 -DHAVE_JEMALLOC=1 -DHAVE_DAEMON=1 -DHAVE_FORKPTY=1 -DHAVE___PROGNAME=1 -DBROKEN___DEAD=1 -DBROKEN_CMSG_FIRSTHDR=1 -I.  -I/opt/homebrew/Cellar/jemalloc/5.4.0/include -I/opt/homebrew/Cellar/utf8proc/2.12.0/include -DUTF8PROC_EXPORTS -D_DARWIN_C_SOURCE -DNCURSES_WIDECHAR -I/opt/homebrew/Cellar/ncurses/6.6/include/ncursesw -I/opt/homebrew/Cellar/ncurses/6.6/include -I/opt/homebrew/Cellar/libevent/2.1.13/include -DTMUX_VERSION='"3.7c"' -DTMUX_CONF='"/etc/tmux.conf:~/.tmux.conf:$XDG_CONFIG_HOME/tmux/tmux.conf:~/.config/tmux/tmux.conf"' -DTMUX_LOCK_CMD='"lock -np"' -DTMUX_TERM='"tmux-256color"'  -iquote.        -std=gnu99 -O2       -MT cmd-select-window.o -MD -MP -MF $depbase.Tpo -c -o cmd-select-window.o cmd-select-window.c &&\
	mv -f $depbase.Tpo $depbase.Po
depbase=`echo cmd-send-keys.o | sed 's|[^/]*$|.deps/&|;s|\.o$||'`;\
	gcc -std=gnu23 -DPACKAGE_NAME=\"tmux\" -DPACKAGE_TARNAME=\"tmux\" -DPACKAGE_VERSION=\"3.7c\" -DPACKAGE_STRING=\"tmux\ 3.7c\" -DPACKAGE_BUGREPORT=\"\" -DPACKAGE_URL=\"\" -DPACKAGE=\"tmux\" -DVERSION=\"3.7c\" -DHAVE_STDIO_H=1 -DHAVE_STDLIB_H=1 -DHAVE_STRING_H=1 -DHAVE_INTTYPES_H=1 -DHAVE_STDINT_H=1 -DHAVE_STRINGS_H=1 -DHAVE_SYS_STAT_H=1 -DHAVE_SYS_TYPES_H=1 -DHAVE_UNISTD_H=1 -DHAVE_WCHAR_H=1 -DSTDC_HEADERS=1 -D_ALL_SOURCE=1 -D_COSMO_SOURCE=1 -D_DARWIN_C_SOURCE=1 -D_GNU_SOURCE=1 -D_HPUX_ALT_XOPEN_SOCKET_API=1 -D_NETBSD_SOURCE=1 -D_OPENBSD_SOURCE=1 -D_POSIX_PTHREAD_SEMANTICS=1 -D__STDC_WANT_IEC_60559_ATTRIBS_EXT__=1 -D__STDC_WANT_IEC_60559_BFP_EXT__=1 -D__STDC_WANT_IEC_60559_DFP_EXT__=1 -D__STDC_WANT_IEC_60559_EXT__=1 -D__STDC_WANT_IEC_60559_FUNCS_EXT__=1 -D__STDC_WANT_IEC_60559_TYPES_EXT__=1 -D__STDC_WANT_LIB_EXT2__=1 -D__STDC_WANT_MATH_SPEC_FUNCS__=1 -D_TANDEM_SOURCE=1 -D__EXTENSIONS__=1 -DHAVE_BITSTRING_H=1 -DHAVE_DIRENT_H=1 -DHAVE_FCNTL_H=1 -DHAVE_INTTYPES_H=1 -DHAVE_LIBPROC_H=1 -DHAVE_PATHS_H=1 -DHAVE_STDINT_H=1 -DHAVE_SYS_DIR_H=1 -DHAVE_UTIL_H=1 -DHAVE_SYS_SIGNAME=1 -DHAVE_LIBM=1 -DHAVE_DIRFD=1 -DHAVE_FLOCK=1 -DHAVE_PROC_PIDINFO=1 -DHAVE_SYSCONF=1 -DHAVE_ASPRINTF=1 -DHAVE_CFMAKERAW=1 -DHAVE_CLOCK_GETTIME=1 -DHAVE_FGETLN=1 -DHAVE_GETDTABLESIZE=1 -DHAVE_GETPEEREID=1 -DHAVE_GETLINE=1 -DHAVE_GETPROGNAME=1 -DHAVE_MEMMEM=1 -DHAVE_SETENV=1 -DHAVE_STRCASESTR=1 -DHAVE_STRLCAT=1 -DHAVE_STRLCPY=1 -DHAVE_STRNDUP=1 -DHAVE_STRSEP=1 -DHAVE_STRTONUM=1 -DHAVE_EVENT2_EVENT_H=1 -DHAVE_NCURSES_H=1 -DHAVE_TIPARM=1 -DHAVE_TIPARM_S=1 -DHAVE_UTF8PROC=1 -DHAVE_B64_NTOP=1 -DHAVE_JEMALLOC=1 -DHAVE_DAEMON=1 -DHAVE_FORKPTY=1 -DHAVE___PROGNAME=1 -DBROKEN___DEAD=1 -DBROKEN_CMSG_FIRSTHDR=1 -I.  -I/opt/homebrew/Cellar/jemalloc/5.4.0/include -I/opt/homebrew/Cellar/utf8proc/2.12.0/include -DUTF8PROC_EXPORTS -D_DARWIN_C_SOURCE -DNCURSES_WIDECHAR -I/opt/homebrew/Cellar/ncurses/6.6/include/ncursesw -I/opt/homebrew/Cellar/ncurses/6.6/include -I/opt/homebrew/Cellar/libevent/2.1.13/include -DTMUX_VERSION='"3.7c"' -DTMUX_CONF='"/etc/tmux.conf:~/.tmux.conf:$XDG_CONFIG_HOME/tmux/tmux.conf:~/.config/tmux/tmux.conf"' -DTMUX_LOCK_CMD='"lock -np"' -DTMUX_TERM='"tmux-256color"'  -iquote.        -std=gnu99 -O2       -MT cmd-send-keys.o -MD -MP -MF $depbase.Tpo -c -o cmd-send-keys.o cmd-send-keys.c &&\
	mv -f $depbase.Tpo $depbase.Po
depbase=`echo cmd-server-access.o | sed 's|[^/]*$|.deps/&|;s|\.o$||'`;\
	gcc -std=gnu23 -DPACKAGE_NAME=\"tmux\" -DPACKAGE_TARNAME=\"tmux\" -DPACKAGE_VERSION=\"3.7c\" -DPACKAGE_STRING=\"tmux\ 3.7c\" -DPACKAGE_BUGREPORT=\"\" -DPACKAGE_URL=\"\" -DPACKAGE=\"tmux\" -DVERSION=\"3.7c\" -DHAVE_STDIO_H=1 -DHAVE_STDLIB_H=1 -DHAVE_STRING_H=1 -DHAVE_INTTYPES_H=1 -DHAVE_STDINT_H=1 -DHAVE_STRINGS_H=1 -DHAVE_SYS_STAT_H=1 -DHAVE_SYS_TYPES_H=1 -DHAVE_UNISTD_H=1 -DHAVE_WCHAR_H=1 -DSTDC_HEADERS=1 -D_ALL_SOURCE=1 -D_COSMO_SOURCE=1 -D_DARWIN_C_SOURCE=1 -D_GNU_SOURCE=1 -D_HPUX_ALT_XOPEN_SOCKET_API=1 -D_NETBSD_SOURCE=1 -D_OPENBSD_SOURCE=1 -D_POSIX_PTHREAD_SEMANTICS=1 -D__STDC_WANT_IEC_60559_ATTRIBS_EXT__=1 -D__STDC_WANT_IEC_60559_BFP_EXT__=1 -D__STDC_WANT_IEC_60559_DFP_EXT__=1 -D__STDC_WANT_IEC_60559_EXT__=1 -D__STDC_WANT_IEC_60559_FUNCS_EXT__=1 -D__STDC_WANT_IEC_60559_TYPES_EXT__=1 -D__STDC_WANT_LIB_EXT2__=1 -D__STDC_WANT_MATH_SPEC_FUNCS__=1 -D_TANDEM_SOURCE=1 -D__EXTENSIONS__=1 -DHAVE_BITSTRING_H=1 -DHAVE_DIRENT_H=1 -DHAVE_FCNTL_H=1 -DHAVE_INTTYPES_H=1 -DHAVE_LIBPROC_H=1 -DHAVE_PATHS_H=1 -DHAVE_STDINT_H=1 -DHAVE_SYS_DIR_H=1 -DHAVE_UTIL_H=1 -DHAVE_SYS_SIGNAME=1 -DHAVE_LIBM=1 -DHAVE_DIRFD=1 -DHAVE_FLOCK=1 -DHAVE_PROC_PIDINFO=1 -DHAVE_SYSCONF=1 -DHAVE_ASPRINTF=1 -DHAVE_CFMAKERAW=1 -DHAVE_CLOCK_GETTIME=1 -DHAVE_FGETLN=1 -DHAVE_GETDTABLESIZE=1 -DHAVE_GETPEEREID=1 -DHAVE_GETLINE=1 -DHAVE_GETPROGNAME=1 -DHAVE_MEMMEM=1 -DHAVE_SETENV=1 -DHAVE_STRCASESTR=1 -DHAVE_STRLCAT=1 -DHAVE_STRLCPY=1 -DHAVE_STRNDUP=1 -DHAVE_STRSEP=1 -DHAVE_STRTONUM=1 -DHAVE_EVENT2_EVENT_H=1 -DHAVE_NCURSES_H=1 -DHAVE_TIPARM=1 -DHAVE_TIPARM_S=1 -DHAVE_UTF8PROC=1 -DHAVE_B64_NTOP=1 -DHAVE_JEMALLOC=1 -DHAVE_DAEMON=1 -DHAVE_FORKPTY=1 -DHAVE___PROGNAME=1 -DBROKEN___DEAD=1 -DBROKEN_CMSG_FIRSTHDR=1 -I.  -I/opt/homebrew/Cellar/jemalloc/5.4.0/include -I/opt/homebrew/Cellar/utf8proc/2.12.0/include -DUTF8PROC_EXPORTS -D_DARWIN_C_SOURCE -DNCURSES_WIDECHAR -I/opt/homebrew/Cellar/ncurses/6.6/include/ncursesw -I/opt/homebrew/Cellar/ncurses/6.6/include -I/opt/homebrew/Cellar/libevent/2.1.13/include -DTMUX_VERSION='"3.7c"' -DTMUX_CONF='"/etc/tmux.conf:~/.tmux.conf:$XDG_CONFIG_HOME/tmux/tmux.conf:~/.config/tmux/tmux.conf"' -DTMUX_LOCK_CMD='"lock -np"' -DTMUX_TERM='"tmux-256color"'  -iquote.        -std=gnu99 -O2       -MT cmd-server-access.o -MD -MP -MF $depbase.Tpo -c -o cmd-server-access.o cmd-server-access.c &&\
	mv -f $depbase.Tpo $depbase.Po
depbase=`echo cmd-set-buffer.o | sed 's|[^/]*$|.deps/&|;s|\.o$||'`;\
	gcc -std=gnu23 -DPACKAGE_NAME=\"tmux\" -DPACKAGE_TARNAME=\"tmux\" -DPACKAGE_VERSION=\"3.7c\" -DPACKAGE_STRING=\"tmux\ 3.7c\" -DPACKAGE_BUGREPORT=\"\" -DPACKAGE_URL=\"\" -DPACKAGE=\"tmux\" -DVERSION=\"3.7c\" -DHAVE_STDIO_H=1 -DHAVE_STDLIB_H=1 -DHAVE_STRING_H=1 -DHAVE_INTTYPES_H=1 -DHAVE_STDINT_H=1 -DHAVE_STRINGS_H=1 -DHAVE_SYS_STAT_H=1 -DHAVE_SYS_TYPES_H=1 -DHAVE_UNISTD_H=1 -DHAVE_WCHAR_H=1 -DSTDC_HEADERS=1 -D_ALL_SOURCE=1 -D_COSMO_SOURCE=1 -D_DARWIN_C_SOURCE=1 -D_GNU_SOURCE=1 -D_HPUX_ALT_XOPEN_SOCKET_API=1 -D_NETBSD_SOURCE=1 -D_OPENBSD_SOURCE=1 -D_POSIX_PTHREAD_SEMANTICS=1 -D__STDC_WANT_IEC_60559_ATTRIBS_EXT__=1 -D__STDC_WANT_IEC_60559_BFP_EXT__=1 -D__STDC_WANT_IEC_60559_DFP_EXT__=1 -D__STDC_WANT_IEC_60559_EXT__=1 -D__STDC_WANT_IEC_60559_FUNCS_EXT__=1 -D__STDC_WANT_IEC_60559_TYPES_EXT__=1 -D__STDC_WANT_LIB_EXT2__=1 -D__STDC_WANT_MATH_SPEC_FUNCS__=1 -D_TANDEM_SOURCE=1 -D__EXTENSIONS__=1 -DHAVE_BITSTRING_H=1 -DHAVE_DIRENT_H=1 -DHAVE_FCNTL_H=1 -DHAVE_INTTYPES_H=1 -DHAVE_LIBPROC_H=1 -DHAVE_PATHS_H=1 -DHAVE_STDINT_H=1 -DHAVE_SYS_DIR_H=1 -DHAVE_UTIL_H=1 -DHAVE_SYS_SIGNAME=1 -DHAVE_LIBM=1 -DHAVE_DIRFD=1 -DHAVE_FLOCK=1 -DHAVE_PROC_PIDINFO=1 -DHAVE_SYSCONF=1 -DHAVE_ASPRINTF=1 -DHAVE_CFMAKERAW=1 -DHAVE_CLOCK_GETTIME=1 -DHAVE_FGETLN=1 -DHAVE_GETDTABLESIZE=1 -DHAVE_GETPEEREID=1 -DHAVE_GETLINE=1 -DHAVE_GETPROGNAME=1 -DHAVE_MEMMEM=1 -DHAVE_SETENV=1 -DHAVE_STRCASESTR=1 -DHAVE_STRLCAT=1 -DHAVE_STRLCPY=1 -DHAVE_STRNDUP=1 -DHAVE_STRSEP=1 -DHAVE_STRTONUM=1 -DHAVE_EVENT2_EVENT_H=1 -DHAVE_NCURSES_H=1 -DHAVE_TIPARM=1 -DHAVE_TIPARM_S=1 -DHAVE_UTF8PROC=1 -DHAVE_B64_NTOP=1 -DHAVE_JEMALLOC=1 -DHAVE_DAEMON=1 -DHAVE_FORKPTY=1 -DHAVE___PROGNAME=1 -DBROKEN___DEAD=1 -DBROKEN_CMSG_FIRSTHDR=1 -I.  -I/opt/homebrew/Cellar/jemalloc/5.4.0/include -I/opt/homebrew/Cellar/utf8proc/2.12.0/include -DUTF8PROC_EXPORTS -D_DARWIN_C_SOURCE -DNCURSES_WIDECHAR -I/opt/homebrew/Cellar/ncurses/6.6/include/ncursesw -I/opt/homebrew/Cellar/ncurses/6.6/include -I/opt/homebrew/Cellar/libevent/2.1.13/include -DTMUX_VERSION='"3.7c"' -DTMUX_CONF='"/etc/tmux.conf:~/.tmux.conf:$XDG_CONFIG_HOME/tmux/tmux.conf:~/.config/tmux/tmux.conf"' -DTMUX_LOCK_CMD='"lock -np"' -DTMUX_TERM='"tmux-256color"'  -iquote.        -std=gnu99 -O2       -MT cmd-set-buffer.o -MD -MP -MF $depbase.Tpo -c -o cmd-set-buffer.o cmd-set-buffer.c &&\
	mv -f $depbase.Tpo $depbase.Po
depbase=`echo cmd-set-environment.o | sed 's|[^/]*$|.deps/&|;s|\.o$||'`;\
	gcc -std=gnu23 -DPACKAGE_NAME=\"tmux\" -DPACKAGE_TARNAME=\"tmux\" -DPACKAGE_VERSION=\"3.7c\" -DPACKAGE_STRING=\"tmux\ 3.7c\" -DPACKAGE_BUGREPORT=\"\" -DPACKAGE_URL=\"\" -DPACKAGE=\"tmux\" -DVERSION=\"3.7c\" -DHAVE_STDIO_H=1 -DHAVE_STDLIB_H=1 -DHAVE_STRING_H=1 -DHAVE_INTTYPES_H=1 -DHAVE_STDINT_H=1 -DHAVE_STRINGS_H=1 -DHAVE_SYS_STAT_H=1 -DHAVE_SYS_TYPES_H=1 -DHAVE_UNISTD_H=1 -DHAVE_WCHAR_H=1 -DSTDC_HEADERS=1 -D_ALL_SOURCE=1 -D_COSMO_SOURCE=1 -D_DARWIN_C_SOURCE=1 -D_GNU_SOURCE=1 -D_HPUX_ALT_XOPEN_SOCKET_API=1 -D_NETBSD_SOURCE=1 -D_OPENBSD_SOURCE=1 -D_POSIX_PTHREAD_SEMANTICS=1 -D__STDC_WANT_IEC_60559_ATTRIBS_EXT__=1 -D__STDC_WANT_IEC_60559_BFP_EXT__=1 -D__STDC_WANT_IEC_60559_DFP_EXT__=1 -D__STDC_WANT_IEC_60559_EXT__=1 -D__STDC_WANT_IEC_60559_FUNCS_EXT__=1 -D__STDC_WANT_IEC_60559_TYPES_EXT__=1 -D__STDC_WANT_LIB_EXT2__=1 -D__STDC_WANT_MATH_SPEC_FUNCS__=1 -D_TANDEM_SOURCE=1 -D__EXTENSIONS__=1 -DHAVE_BITSTRING_H=1 -DHAVE_DIRENT_H=1 -DHAVE_FCNTL_H=1 -DHAVE_INTTYPES_H=1 -DHAVE_LIBPROC_H=1 -DHAVE_PATHS_H=1 -DHAVE_STDINT_H=1 -DHAVE_SYS_DIR_H=1 -DHAVE_UTIL_H=1 -DHAVE_SYS_SIGNAME=1 -DHAVE_LIBM=1 -DHAVE_DIRFD=1 -DHAVE_FLOCK=1 -DHAVE_PROC_PIDINFO=1 -DHAVE_SYSCONF=1 -DHAVE_ASPRINTF=1 -DHAVE_CFMAKERAW=1 -DHAVE_CLOCK_GETTIME=1 -DHAVE_FGETLN=1 -DHAVE_GETDTABLESIZE=1 -DHAVE_GETPEEREID=1 -DHAVE_GETLINE=1 -DHAVE_GETPROGNAME=1 -DHAVE_MEMMEM=1 -DHAVE_SETENV=1 -DHAVE_STRCASESTR=1 -DHAVE_STRLCAT=1 -DHAVE_STRLCPY=1 -DHAVE_STRNDUP=1 -DHAVE_STRSEP=1 -DHAVE_STRTONUM=1 -DHAVE_EVENT2_EVENT_H=1 -DHAVE_NCURSES_H=1 -DHAVE_TIPARM=1 -DHAVE_TIPARM_S=1 -DHAVE_UTF8PROC=1 -DHAVE_B64_NTOP=1 -DHAVE_JEMALLOC=1 -DHAVE_DAEMON=1 -DHAVE_FORKPTY=1 -DHAVE___PROGNAME=1 -DBROKEN___DEAD=1 -DBROKEN_CMSG_FIRSTHDR=1 -I.  -I/opt/homebrew/Cellar/jemalloc/5.4.0/include -I/opt/homebrew/Cellar/utf8proc/2.12.0/include -DUTF8PROC_EXPORTS -D_DARWIN_C_SOURCE -DNCURSES_WIDECHAR -I/opt/homebrew/Cellar/ncurses/6.6/include/ncursesw -I/opt/homebrew/Cellar/ncurses/6.6/include -I/opt/homebrew/Cellar/libevent/2.1.13/include -DTMUX_VERSION='"3.7c"' -DTMUX_CONF='"/etc/tmux.conf:~/.tmux.conf:$XDG_CONFIG_HOME/tmux/tmux.conf:~/.config/tmux/tmux.conf"' -DTMUX_LOCK_CMD='"lock -np"' -DTMUX_TERM='"tmux-256color"'  -iquote.        -std=gnu99 -O2       -MT cmd-set-environment.o -MD -MP -MF $depbase.Tpo -c -o cmd-set-environment.o cmd-set-environment.c &&\
	mv -f $depbase.Tpo $depbase.Po
depbase=`echo cmd-set-option.o | sed 's|[^/]*$|.deps/&|;s|\.o$||'`;\
	gcc -std=gnu23 -DPACKAGE_NAME=\"tmux\" -DPACKAGE_TARNAME=\"tmux\" -DPACKAGE_VERSION=\"3.7c\" -DPACKAGE_STRING=\"tmux\ 3.7c\" -DPACKAGE_BUGREPORT=\"\" -DPACKAGE_URL=\"\" -DPACKAGE=\"tmux\" -DVERSION=\"3.7c\" -DHAVE_STDIO_H=1 -DHAVE_STDLIB_H=1 -DHAVE_STRING_H=1 -DHAVE_INTTYPES_H=1 -DHAVE_STDINT_H=1 -DHAVE_STRINGS_H=1 -DHAVE_SYS_STAT_H=1 -DHAVE_SYS_TYPES_H=1 -DHAVE_UNISTD_H=1 -DHAVE_WCHAR_H=1 -DSTDC_HEADERS=1 -D_ALL_SOURCE=1 -D_COSMO_SOURCE=1 -D_DARWIN_C_SOURCE=1 -D_GNU_SOURCE=1 -D_HPUX_ALT_XOPEN_SOCKET_API=1 -D_NETBSD_SOURCE=1 -D_OPENBSD_SOURCE=1 -D_POSIX_PTHREAD_SEMANTICS=1 -D__STDC_WANT_IEC_60559_ATTRIBS_EXT__=1 -D__STDC_WANT_IEC_60559_BFP_EXT__=1 -D__STDC_WANT_IEC_60559_DFP_EXT__=1 -D__STDC_WANT_IEC_60559_EXT__=1 -D__STDC_WANT_IEC_60559_FUNCS_EXT__=1 -D__STDC_WANT_IEC_60559_TYPES_EXT__=1 -D__STDC_WANT_LIB_EXT2__=1 -D__STDC_WANT_MATH_SPEC_FUNCS__=1 -D_TANDEM_SOURCE=1 -D__EXTENSIONS__=1 -DHAVE_BITSTRING_H=1 -DHAVE_DIRENT_H=1 -DHAVE_FCNTL_H=1 -DHAVE_INTTYPES_H=1 -DHAVE_LIBPROC_H=1 -DHAVE_PATHS_H=1 -DHAVE_STDINT_H=1 -DHAVE_SYS_DIR_H=1 -DHAVE_UTIL_H=1 -DHAVE_SYS_SIGNAME=1 -DHAVE_LIBM=1 -DHAVE_DIRFD=1 -DHAVE_FLOCK=1 -DHAVE_PROC_PIDINFO=1 -DHAVE_SYSCONF=1 -DHAVE_ASPRINTF=1 -DHAVE_CFMAKERAW=1 -DHAVE_CLOCK_GETTIME=1 -DHAVE_FGETLN=1 -DHAVE_GETDTABLESIZE=1 -DHAVE_GETPEEREID=1 -DHAVE_GETLINE=1 -DHAVE_GETPROGNAME=1 -DHAVE_MEMMEM=1 -DHAVE_SETENV=1 -DHAVE_STRCASESTR=1 -DHAVE_STRLCAT=1 -DHAVE_STRLCPY=1 -DHAVE_STRNDUP=1 -DHAVE_STRSEP=1 -DHAVE_STRTONUM=1 -DHAVE_EVENT2_EVENT_H=1 -DHAVE_NCURSES_H=1 -DHAVE_TIPARM=1 -DHAVE_TIPARM_S=1 -DHAVE_UTF8PROC=1 -DHAVE_B64_NTOP=1 -DHAVE_JEMALLOC=1 -DHAVE_DAEMON=1 -DHAVE_FORKPTY=1 -DHAVE___PROGNAME=1 -DBROKEN___DEAD=1 -DBROKEN_CMSG_FIRSTHDR=1 -I.  -I/opt/homebrew/Cellar/jemalloc/5.4.0/include -I/opt/homebrew/Cellar/utf8proc/2.12.0/include -DUTF8PROC_EXPORTS -D_DARWIN_C_SOURCE -DNCURSES_WIDECHAR -I/opt/homebrew/Cellar/ncurses/6.6/include/ncursesw -I/opt/homebrew/Cellar/ncurses/6.6/include -I/opt/homebrew/Cellar/libevent/2.1.13/include -DTMUX_VERSION='"3.7c"' -DTMUX_CONF='"/etc/tmux.conf:~/.tmux.conf:$XDG_CONFIG_HOME/tmux/tmux.conf:~/.config/tmux/tmux.conf"' -DTMUX_LOCK_CMD='"lock -np"' -DTMUX_TERM='"tmux-256color"'  -iquote.        -std=gnu99 -O2       -MT cmd-set-option.o -MD -MP -MF $depbase.Tpo -c -o cmd-set-option.o cmd-set-option.c &&\
	mv -f $depbase.Tpo $depbase.Po
depbase=`echo cmd-show-environment.o | sed 's|[^/]*$|.deps/&|;s|\.o$||'`;\
	gcc -std=gnu23 -DPACKAGE_NAME=\"tmux\" -DPACKAGE_TARNAME=\"tmux\" -DPACKAGE_VERSION=\"3.7c\" -DPACKAGE_STRING=\"tmux\ 3.7c\" -DPACKAGE_BUGREPORT=\"\" -DPACKAGE_URL=\"\" -DPACKAGE=\"tmux\" -DVERSION=\"3.7c\" -DHAVE_STDIO_H=1 -DHAVE_STDLIB_H=1 -DHAVE_STRING_H=1 -DHAVE_INTTYPES_H=1 -DHAVE_STDINT_H=1 -DHAVE_STRINGS_H=1 -DHAVE_SYS_STAT_H=1 -DHAVE_SYS_TYPES_H=1 -DHAVE_UNISTD_H=1 -DHAVE_WCHAR_H=1 -DSTDC_HEADERS=1 -D_ALL_SOURCE=1 -D_COSMO_SOURCE=1 -D_DARWIN_C_SOURCE=1 -D_GNU_SOURCE=1 -D_HPUX_ALT_XOPEN_SOCKET_API=1 -D_NETBSD_SOURCE=1 -D_OPENBSD_SOURCE=1 -D_POSIX_PTHREAD_SEMANTICS=1 -D__STDC_WANT_IEC_60559_ATTRIBS_EXT__=1 -D__STDC_WANT_IEC_60559_BFP_EXT__=1 -D__STDC_WANT_IEC_60559_DFP_EXT__=1 -D__STDC_WANT_IEC_60559_EXT__=1 -D__STDC_WANT_IEC_60559_FUNCS_EXT__=1 -D__STDC_WANT_IEC_60559_TYPES_EXT__=1 -D__STDC_WANT_LIB_EXT2__=1 -D__STDC_WANT_MATH_SPEC_FUNCS__=1 -D_TANDEM_SOURCE=1 -D__EXTENSIONS__=1 -DHAVE_BITSTRING_H=1 -DHAVE_DIRENT_H=1 -DHAVE_FCNTL_H=1 -DHAVE_INTTYPES_H=1 -DHAVE_LIBPROC_H=1 -DHAVE_PATHS_H=1 -DHAVE_STDINT_H=1 -DHAVE_SYS_DIR_H=1 -DHAVE_UTIL_H=1 -DHAVE_SYS_SIGNAME=1 -DHAVE_LIBM=1 -DHAVE_DIRFD=1 -DHAVE_FLOCK=1 -DHAVE_PROC_PIDINFO=1 -DHAVE_SYSCONF=1 -DHAVE_ASPRINTF=1 -DHAVE_CFMAKERAW=1 -DHAVE_CLOCK_GETTIME=1 -DHAVE_FGETLN=1 -DHAVE_GETDTABLESIZE=1 -DHAVE_GETPEEREID=1 -DHAVE_GETLINE=1 -DHAVE_GETPROGNAME=1 -DHAVE_MEMMEM=1 -DHAVE_SETENV=1 -DHAVE_STRCASESTR=1 -DHAVE_STRLCAT=1 -DHAVE_STRLCPY=1 -DHAVE_STRNDUP=1 -DHAVE_STRSEP=1 -DHAVE_STRTONUM=1 -DHAVE_EVENT2_EVENT_H=1 -DHAVE_NCURSES_H=1 -DHAVE_TIPARM=1 -DHAVE_TIPARM_S=1 -DHAVE_UTF8PROC=1 -DHAVE_B64_NTOP=1 -DHAVE_JEMALLOC=1 -DHAVE_DAEMON=1 -DHAVE_FORKPTY=1 -DHAVE___PROGNAME=1 -DBROKEN___DEAD=1 -DBROKEN_CMSG_FIRSTHDR=1 -I.  -I/opt/homebrew/Cellar/jemalloc/5.4.0/include -I/opt/homebrew/Cellar/utf8proc/2.12.0/include -DUTF8PROC_EXPORTS -D_DARWIN_C_SOURCE -DNCURSES_WIDECHAR -I/opt/homebrew/Cellar/ncurses/6.6/include/ncursesw -I/opt/homebrew/Cellar/ncurses/6.6/include -I/opt/homebrew/Cellar/libevent/2.1.13/include -DTMUX_VERSION='"3.7c"' -DTMUX_CONF='"/etc/tmux.conf:~/.tmux.conf:$XDG_CONFIG_HOME/tmux/tmux.conf:~/.config/tmux/tmux.conf"' -DTMUX_LOCK_CMD='"lock -np"' -DTMUX_TERM='"tmux-256color"'  -iquote.        -std=gnu99 -O2       -MT cmd-show-environment.o -MD -MP -MF $depbase.Tpo -c -o cmd-show-environment.o cmd-show-environment.c &&\
	mv -f $depbase.Tpo $depbase.Po
depbase=`echo cmd-show-messages.o | sed 's|[^/]*$|.deps/&|;s|\.o$||'`;\
	gcc -std=gnu23 -DPACKAGE_NAME=\"tmux\" -DPACKAGE_TARNAME=\"tmux\" -DPACKAGE_VERSION=\"3.7c\" -DPACKAGE_STRING=\"tmux\ 3.7c\" -DPACKAGE_BUGREPORT=\"\" -DPACKAGE_URL=\"\" -DPACKAGE=\"tmux\" -DVERSION=\"3.7c\" -DHAVE_STDIO_H=1 -DHAVE_STDLIB_H=1 -DHAVE_STRING_H=1 -DHAVE_INTTYPES_H=1 -DHAVE_STDINT_H=1 -DHAVE_STRINGS_H=1 -DHAVE_SYS_STAT_H=1 -DHAVE_SYS_TYPES_H=1 -DHAVE_UNISTD_H=1 -DHAVE_WCHAR_H=1 -DSTDC_HEADERS=1 -D_ALL_SOURCE=1 -D_COSMO_SOURCE=1 -D_DARWIN_C_SOURCE=1 -D_GNU_SOURCE=1 -D_HPUX_ALT_XOPEN_SOCKET_API=1 -D_NETBSD_SOURCE=1 -D_OPENBSD_SOURCE=1 -D_POSIX_PTHREAD_SEMANTICS=1 -D__STDC_WANT_IEC_60559_ATTRIBS_EXT__=1 -D__STDC_WANT_IEC_60559_BFP_EXT__=1 -D__STDC_WANT_IEC_60559_DFP_EXT__=1 -D__STDC_WANT_IEC_60559_EXT__=1 -D__STDC_WANT_IEC_60559_FUNCS_EXT__=1 -D__STDC_WANT_IEC_60559_TYPES_EXT__=1 -D__STDC_WANT_LIB_EXT2__=1 -D__STDC_WANT_MATH_SPEC_FUNCS__=1 -D_TANDEM_SOURCE=1 -D__EXTENSIONS__=1 -DHAVE_BITSTRING_H=1 -DHAVE_DIRENT_H=1 -DHAVE_FCNTL_H=1 -DHAVE_INTTYPES_H=1 -DHAVE_LIBPROC_H=1 -DHAVE_PATHS_H=1 -DHAVE_STDINT_H=1 -DHAVE_SYS_DIR_H=1 -DHAVE_UTIL_H=1 -DHAVE_SYS_SIGNAME=1 -DHAVE_LIBM=1 -DHAVE_DIRFD=1 -DHAVE_FLOCK=1 -DHAVE_PROC_PIDINFO=1 -DHAVE_SYSCONF=1 -DHAVE_ASPRINTF=1 -DHAVE_CFMAKERAW=1 -DHAVE_CLOCK_GETTIME=1 -DHAVE_FGETLN=1 -DHAVE_GETDTABLESIZE=1 -DHAVE_GETPEEREID=1 -DHAVE_GETLINE=1 -DHAVE_GETPROGNAME=1 -DHAVE_MEMMEM=1 -DHAVE_SETENV=1 -DHAVE_STRCASESTR=1 -DHAVE_STRLCAT=1 -DHAVE_STRLCPY=1 -DHAVE_STRNDUP=1 -DHAVE_STRSEP=1 -DHAVE_STRTONUM=1 -DHAVE_EVENT2_EVENT_H=1 -DHAVE_NCURSES_H=1 -DHAVE_TIPARM=1 -DHAVE_TIPARM_S=1 -DHAVE_UTF8PROC=1 -DHAVE_B64_NTOP=1 -DHAVE_JEMALLOC=1 -DHAVE_DAEMON=1 -DHAVE_FORKPTY=1 -DHAVE___PROGNAME=1 -DBROKEN___DEAD=1 -DBROKEN_CMSG_FIRSTHDR=1 -I.  -I/opt/homebrew/Cellar/jemalloc/5.4.0/include -I/opt/homebrew/Cellar/utf8proc/2.12.0/include -DUTF8PROC_EXPORTS -D_DARWIN_C_SOURCE -DNCURSES_WIDECHAR -I/opt/homebrew/Cellar/ncurses/6.6/include/ncursesw -I/opt/homebrew/Cellar/ncurses/6.6/include -I/opt/homebrew/Cellar/libevent/2.1.13/include -DTMUX_VERSION='"3.7c"' -DTMUX_CONF='"/etc/tmux.conf:~/.tmux.conf:$XDG_CONFIG_HOME/tmux/tmux.conf:~/.config/tmux/tmux.conf"' -DTMUX_LOCK_CMD='"lock -np"' -DTMUX_TERM='"tmux-256color"'  -iquote.        -std=gnu99 -O2       -MT cmd-show-messages.o -MD -MP -MF $depbase.Tpo -c -o cmd-show-messages.o cmd-show-messages.c &&\
	mv -f $depbase.Tpo $depbase.Po
depbase=`echo cmd-show-options.o | sed 's|[^/]*$|.deps/&|;s|\.o$||'`;\
	gcc -std=gnu23 -DPACKAGE_NAME=\"tmux\" -DPACKAGE_TARNAME=\"tmux\" -DPACKAGE_VERSION=\"3.7c\" -DPACKAGE_STRING=\"tmux\ 3.7c\" -DPACKAGE_BUGREPORT=\"\" -DPACKAGE_URL=\"\" -DPACKAGE=\"tmux\" -DVERSION=\"3.7c\" -DHAVE_STDIO_H=1 -DHAVE_STDLIB_H=1 -DHAVE_STRING_H=1 -DHAVE_INTTYPES_H=1 -DHAVE_STDINT_H=1 -DHAVE_STRINGS_H=1 -DHAVE_SYS_STAT_H=1 -DHAVE_SYS_TYPES_H=1 -DHAVE_UNISTD_H=1 -DHAVE_WCHAR_H=1 -DSTDC_HEADERS=1 -D_ALL_SOURCE=1 -D_COSMO_SOURCE=1 -D_DARWIN_C_SOURCE=1 -D_GNU_SOURCE=1 -D_HPUX_ALT_XOPEN_SOCKET_API=1 -D_NETBSD_SOURCE=1 -D_OPENBSD_SOURCE=1 -D_POSIX_PTHREAD_SEMANTICS=1 -D__STDC_WANT_IEC_60559_ATTRIBS_EXT__=1 -D__STDC_WANT_IEC_60559_BFP_EXT__=1 -D__STDC_WANT_IEC_60559_DFP_EXT__=1 -D__STDC_WANT_IEC_60559_EXT__=1 -D__STDC_WANT_IEC_60559_FUNCS_EXT__=1 -D__STDC_WANT_IEC_60559_TYPES_EXT__=1 -D__STDC_WANT_LIB_EXT2__=1 -D__STDC_WANT_MATH_SPEC_FUNCS__=1 -D_TANDEM_SOURCE=1 -D__EXTENSIONS__=1 -DHAVE_BITSTRING_H=1 -DHAVE_DIRENT_H=1 -DHAVE_FCNTL_H=1 -DHAVE_INTTYPES_H=1 -DHAVE_LIBPROC_H=1 -DHAVE_PATHS_H=1 -DHAVE_STDINT_H=1 -DHAVE_SYS_DIR_H=1 -DHAVE_UTIL_H=1 -DHAVE_SYS_SIGNAME=1 -DHAVE_LIBM=1 -DHAVE_DIRFD=1 -DHAVE_FLOCK=1 -DHAVE_PROC_PIDINFO=1 -DHAVE_SYSCONF=1 -DHAVE_ASPRINTF=1 -DHAVE_CFMAKERAW=1 -DHAVE_CLOCK_GETTIME=1 -DHAVE_FGETLN=1 -DHAVE_GETDTABLESIZE=1 -DHAVE_GETPEEREID=1 -DHAVE_GETLINE=1 -DHAVE_GETPROGNAME=1 -DHAVE_MEMMEM=1 -DHAVE_SETENV=1 -DHAVE_STRCASESTR=1 -DHAVE_STRLCAT=1 -DHAVE_STRLCPY=1 -DHAVE_STRNDUP=1 -DHAVE_STRSEP=1 -DHAVE_STRTONUM=1 -DHAVE_EVENT2_EVENT_H=1 -DHAVE_NCURSES_H=1 -DHAVE_TIPARM=1 -DHAVE_TIPARM_S=1 -DHAVE_UTF8PROC=1 -DHAVE_B64_NTOP=1 -DHAVE_JEMALLOC=1 -DHAVE_DAEMON=1 -DHAVE_FORKPTY=1 -DHAVE___PROGNAME=1 -DBROKEN___DEAD=1 -DBROKEN_CMSG_FIRSTHDR=1 -I.  -I/opt/homebrew/Cellar/jemalloc/5.4.0/include -I/opt/homebrew/Cellar/utf8proc/2.12.0/include -DUTF8PROC_EXPORTS -D_DARWIN_C_SOURCE -DNCURSES_WIDECHAR -I/opt/homebrew/Cellar/ncurses/6.6/include/ncursesw -I/opt/homebrew/Cellar/ncurses/6.6/include -I/opt/homebrew/Cellar/libevent/2.1.13/include -DTMUX_VERSION='"3.7c"' -DTMUX_CONF='"/etc/tmux.conf:~/.tmux.conf:$XDG_CONFIG_HOME/tmux/tmux.conf:~/.config/tmux/tmux.conf"' -DTMUX_LOCK_CMD='"lock -np"' -DTMUX_TERM='"tmux-256color"'  -iquote.        -std=gnu99 -O2       -MT cmd-show-options.o -MD -MP -MF $depbase.Tpo -c -o cmd-show-options.o cmd-show-options.c &&\
	mv -f $depbase.Tpo $depbase.Po
depbase=`echo cmd-show-prompt-history.o | sed 's|[^/]*$|.deps/&|;s|\.o$||'`;\
	gcc -std=gnu23 -DPACKAGE_NAME=\"tmux\" -DPACKAGE_TARNAME=\"tmux\" -DPACKAGE_VERSION=\"3.7c\" -DPACKAGE_STRING=\"tmux\ 3.7c\" -DPACKAGE_BUGREPORT=\"\" -DPACKAGE_URL=\"\" -DPACKAGE=\"tmux\" -DVERSION=\"3.7c\" -DHAVE_STDIO_H=1 -DHAVE_STDLIB_H=1 -DHAVE_STRING_H=1 -DHAVE_INTTYPES_H=1 -DHAVE_STDINT_H=1 -DHAVE_STRINGS_H=1 -DHAVE_SYS_STAT_H=1 -DHAVE_SYS_TYPES_H=1 -DHAVE_UNISTD_H=1 -DHAVE_WCHAR_H=1 -DSTDC_HEADERS=1 -D_ALL_SOURCE=1 -D_COSMO_SOURCE=1 -D_DARWIN_C_SOURCE=1 -D_GNU_SOURCE=1 -D_HPUX_ALT_XOPEN_SOCKET_API=1 -D_NETBSD_SOURCE=1 -D_OPENBSD_SOURCE=1 -D_POSIX_PTHREAD_SEMANTICS=1 -D__STDC_WANT_IEC_60559_ATTRIBS_EXT__=1 -D__STDC_WANT_IEC_60559_BFP_EXT__=1 -D__STDC_WANT_IEC_60559_DFP_EXT__=1 -D__STDC_WANT_IEC_60559_EXT__=1 -D__STDC_WANT_IEC_60559_FUNCS_EXT__=1 -D__STDC_WANT_IEC_60559_TYPES_EXT__=1 -D__STDC_WANT_LIB_EXT2__=1 -D__STDC_WANT_MATH_SPEC_FUNCS__=1 -D_TANDEM_SOURCE=1 -D__EXTENSIONS__=1 -DHAVE_BITSTRING_H=1 -DHAVE_DIRENT_H=1 -DHAVE_FCNTL_H=1 -DHAVE_INTTYPES_H=1 -DHAVE_LIBPROC_H=1 -DHAVE_PATHS_H=1 -DHAVE_STDINT_H=1 -DHAVE_SYS_DIR_H=1 -DHAVE_UTIL_H=1 -DHAVE_SYS_SIGNAME=1 -DHAVE_LIBM=1 -DHAVE_DIRFD=1 -DHAVE_FLOCK=1 -DHAVE_PROC_PIDINFO=1 -DHAVE_SYSCONF=1 -DHAVE_ASPRINTF=1 -DHAVE_CFMAKERAW=1 -DHAVE_CLOCK_GETTIME=1 -DHAVE_FGETLN=1 -DHAVE_GETDTABLESIZE=1 -DHAVE_GETPEEREID=1 -DHAVE_GETLINE=1 -DHAVE_GETPROGNAME=1 -DHAVE_MEMMEM=1 -DHAVE_SETENV=1 -DHAVE_STRCASESTR=1 -DHAVE_STRLCAT=1 -DHAVE_STRLCPY=1 -DHAVE_STRNDUP=1 -DHAVE_STRSEP=1 -DHAVE_STRTONUM=1 -DHAVE_EVENT2_EVENT_H=1 -DHAVE_NCURSES_H=1 -DHAVE_TIPARM=1 -DHAVE_TIPARM_S=1 -DHAVE_UTF8PROC=1 -DHAVE_B64_NTOP=1 -DHAVE_JEMALLOC=1 -DHAVE_DAEMON=1 -DHAVE_FORKPTY=1 -DHAVE___PROGNAME=1 -DBROKEN___DEAD=1 -DBROKEN_CMSG_FIRSTHDR=1 -I.  -I/opt/homebrew/Cellar/jemalloc/5.4.0/include -I/opt/homebrew/Cellar/utf8proc/2.12.0/include -DUTF8PROC_EXPORTS -D_DARWIN_C_SOURCE -DNCURSES_WIDECHAR -I/opt/homebrew/Cellar/ncurses/6.6/include/ncursesw -I/opt/homebrew/Cellar/ncurses/6.6/include -I/opt/homebrew/Cellar/libevent/2.1.13/include -DTMUX_VERSION='"3.7c"' -DTMUX_CONF='"/etc/tmux.conf:~/.tmux.conf:$XDG_CONFIG_HOME/tmux/tmux.conf:~/.config/tmux/tmux.conf"' -DTMUX_LOCK_CMD='"lock -np"' -DTMUX_TERM='"tmux-256color"'  -iquote.        -std=gnu99 -O2       -MT cmd-show-prompt-history.o -MD -MP -MF $depbase.Tpo -c -o cmd-show-prompt-history.o cmd-show-prompt-history.c &&\
	mv -f $depbase.Tpo $depbase.Po
depbase=`echo cmd-source-file.o | sed 's|[^/]*$|.deps/&|;s|\.o$||'`;\
	gcc -std=gnu23 -DPACKAGE_NAME=\"tmux\" -DPACKAGE_TARNAME=\"tmux\" -DPACKAGE_VERSION=\"3.7c\" -DPACKAGE_STRING=\"tmux\ 3.7c\" -DPACKAGE_BUGREPORT=\"\" -DPACKAGE_URL=\"\" -DPACKAGE=\"tmux\" -DVERSION=\"3.7c\" -DHAVE_STDIO_H=1 -DHAVE_STDLIB_H=1 -DHAVE_STRING_H=1 -DHAVE_INTTYPES_H=1 -DHAVE_STDINT_H=1 -DHAVE_STRINGS_H=1 -DHAVE_SYS_STAT_H=1 -DHAVE_SYS_TYPES_H=1 -DHAVE_UNISTD_H=1 -DHAVE_WCHAR_H=1 -DSTDC_HEADERS=1 -D_ALL_SOURCE=1 -D_COSMO_SOURCE=1 -D_DARWIN_C_SOURCE=1 -D_GNU_SOURCE=1 -D_HPUX_ALT_XOPEN_SOCKET_API=1 -D_NETBSD_SOURCE=1 -D_OPENBSD_SOURCE=1 -D_POSIX_PTHREAD_SEMANTICS=1 -D__STDC_WANT_IEC_60559_ATTRIBS_EXT__=1 -D__STDC_WANT_IEC_60559_BFP_EXT__=1 -D__STDC_WANT_IEC_60559_DFP_EXT__=1 -D__STDC_WANT_IEC_60559_EXT__=1 -D__STDC_WANT_IEC_60559_FUNCS_EXT__=1 -D__STDC_WANT_IEC_60559_TYPES_EXT__=1 -D__STDC_WANT_LIB_EXT2__=1 -D__STDC_WANT_MATH_SPEC_FUNCS__=1 -D_TANDEM_SOURCE=1 -D__EXTENSIONS__=1 -DHAVE_BITSTRING_H=1 -DHAVE_DIRENT_H=1 -DHAVE_FCNTL_H=1 -DHAVE_INTTYPES_H=1 -DHAVE_LIBPROC_H=1 -DHAVE_PATHS_H=1 -DHAVE_STDINT_H=1 -DHAVE_SYS_DIR_H=1 -DHAVE_UTIL_H=1 -DHAVE_SYS_SIGNAME=1 -DHAVE_LIBM=1 -DHAVE_DIRFD=1 -DHAVE_FLOCK=1 -DHAVE_PROC_PIDINFO=1 -DHAVE_SYSCONF=1 -DHAVE_ASPRINTF=1 -DHAVE_CFMAKERAW=1 -DHAVE_CLOCK_GETTIME=1 -DHAVE_FGETLN=1 -DHAVE_GETDTABLESIZE=1 -DHAVE_GETPEEREID=1 -DHAVE_GETLINE=1 -DHAVE_GETPROGNAME=1 -DHAVE_MEMMEM=1 -DHAVE_SETENV=1 -DHAVE_STRCASESTR=1 -DHAVE_STRLCAT=1 -DHAVE_STRLCPY=1 -DHAVE_STRNDUP=1 -DHAVE_STRSEP=1 -DHAVE_STRTONUM=1 -DHAVE_EVENT2_EVENT_H=1 -DHAVE_NCURSES_H=1 -DHAVE_TIPARM=1 -DHAVE_TIPARM_S=1 -DHAVE_UTF8PROC=1 -DHAVE_B64_NTOP=1 -DHAVE_JEMALLOC=1 -DHAVE_DAEMON=1 -DHAVE_FORKPTY=1 -DHAVE___PROGNAME=1 -DBROKEN___DEAD=1 -DBROKEN_CMSG_FIRSTHDR=1 -I.  -I/opt/homebrew/Cellar/jemalloc/5.4.0/include -I/opt/homebrew/Cellar/utf8proc/2.12.0/include -DUTF8PROC_EXPORTS -D_DARWIN_C_SOURCE -DNCURSES_WIDECHAR -I/opt/homebrew/Cellar/ncurses/6.6/include/ncursesw -I/opt/homebrew/Cellar/ncurses/6.6/include -I/opt/homebrew/Cellar/libevent/2.1.13/include -DTMUX_VERSION='"3.7c"' -DTMUX_CONF='"/etc/tmux.conf:~/.tmux.conf:$XDG_CONFIG_HOME/tmux/tmux.conf:~/.config/tmux/tmux.conf"' -DTMUX_LOCK_CMD='"lock -np"' -DTMUX_TERM='"tmux-256color"'  -iquote.        -std=gnu99 -O2       -MT cmd-source-file.o -MD -MP -MF $depbase.Tpo -c -o cmd-source-file.o cmd-source-file.c &&\
	mv -f $depbase.Tpo $depbase.Po
depbase=`echo cmd-split-window.o | sed 's|[^/]*$|.deps/&|;s|\.o$||'`;\
	gcc -std=gnu23 -DPACKAGE_NAME=\"tmux\" -DPACKAGE_TARNAME=\"tmux\" -DPACKAGE_VERSION=\"3.7c\" -DPACKAGE_STRING=\"tmux\ 3.7c\" -DPACKAGE_BUGREPORT=\"\" -DPACKAGE_URL=\"\" -DPACKAGE=\"tmux\" -DVERSION=\"3.7c\" -DHAVE_STDIO_H=1 -DHAVE_STDLIB_H=1 -DHAVE_STRING_H=1 -DHAVE_INTTYPES_H=1 -DHAVE_STDINT_H=1 -DHAVE_STRINGS_H=1 -DHAVE_SYS_STAT_H=1 -DHAVE_SYS_TYPES_H=1 -DHAVE_UNISTD_H=1 -DHAVE_WCHAR_H=1 -DSTDC_HEADERS=1 -D_ALL_SOURCE=1 -D_COSMO_SOURCE=1 -D_DARWIN_C_SOURCE=1 -D_GNU_SOURCE=1 -D_HPUX_ALT_XOPEN_SOCKET_API=1 -D_NETBSD_SOURCE=1 -D_OPENBSD_SOURCE=1 -D_POSIX_PTHREAD_SEMANTICS=1 -D__STDC_WANT_IEC_60559_ATTRIBS_EXT__=1 -D__STDC_WANT_IEC_60559_BFP_EXT__=1 -D__STDC_WANT_IEC_60559_DFP_EXT__=1 -D__STDC_WANT_IEC_60559_EXT__=1 -D__STDC_WANT_IEC_60559_FUNCS_EXT__=1 -D__STDC_WANT_IEC_60559_TYPES_EXT__=1 -D__STDC_WANT_LIB_EXT2__=1 -D__STDC_WANT_MATH_SPEC_FUNCS__=1 -D_TANDEM_SOURCE=1 -D__EXTENSIONS__=1 -DHAVE_BITSTRING_H=1 -DHAVE_DIRENT_H=1 -DHAVE_FCNTL_H=1 -DHAVE_INTTYPES_H=1 -DHAVE_LIBPROC_H=1 -DHAVE_PATHS_H=1 -DHAVE_STDINT_H=1 -DHAVE_SYS_DIR_H=1 -DHAVE_UTIL_H=1 -DHAVE_SYS_SIGNAME=1 -DHAVE_LIBM=1 -DHAVE_DIRFD=1 -DHAVE_FLOCK=1 -DHAVE_PROC_PIDINFO=1 -DHAVE_SYSCONF=1 -DHAVE_ASPRINTF=1 -DHAVE_CFMAKERAW=1 -DHAVE_CLOCK_GETTIME=1 -DHAVE_FGETLN=1 -DHAVE_GETDTABLESIZE=1 -DHAVE_GETPEEREID=1 -DHAVE_GETLINE=1 -DHAVE_GETPROGNAME=1 -DHAVE_MEMMEM=1 -DHAVE_SETENV=1 -DHAVE_STRCASESTR=1 -DHAVE_STRLCAT=1 -DHAVE_STRLCPY=1 -DHAVE_STRNDUP=1 -DHAVE_STRSEP=1 -DHAVE_STRTONUM=1 -DHAVE_EVENT2_EVENT_H=1 -DHAVE_NCURSES_H=1 -DHAVE_TIPARM=1 -DHAVE_TIPARM_S=1 -DHAVE_UTF8PROC=1 -DHAVE_B64_NTOP=1 -DHAVE_JEMALLOC=1 -DHAVE_DAEMON=1 -DHAVE_FORKPTY=1 -DHAVE___PROGNAME=1 -DBROKEN___DEAD=1 -DBROKEN_CMSG_FIRSTHDR=1 -I.  -I/opt/homebrew/Cellar/jemalloc/5.4.0/include -I/opt/homebrew/Cellar/utf8proc/2.12.0/include -DUTF8PROC_EXPORTS -D_DARWIN_C_SOURCE -DNCURSES_WIDECHAR -I/opt/homebrew/Cellar/ncurses/6.6/include/ncursesw -I/opt/homebrew/Cellar/ncurses/6.6/include -I/opt/homebrew/Cellar/libevent/2.1.13/include -DTMUX_VERSION='"3.7c"' -DTMUX_CONF='"/etc/tmux.conf:~/.tmux.conf:$XDG_CONFIG_HOME/tmux/tmux.conf:~/.config/tmux/tmux.conf"' -DTMUX_LOCK_CMD='"lock -np"' -DTMUX_TERM='"tmux-256color"'  -iquote.        -std=gnu99 -O2       -MT cmd-split-window.o -MD -MP -MF $depbase.Tpo -c -o cmd-split-window.o cmd-split-window.c &&\
	mv -f $depbase.Tpo $depbase.Po
depbase=`echo cmd-swap-pane.o | sed 's|[^/]*$|.deps/&|;s|\.o$||'`;\
	gcc -std=gnu23 -DPACKAGE_NAME=\"tmux\" -DPACKAGE_TARNAME=\"tmux\" -DPACKAGE_VERSION=\"3.7c\" -DPACKAGE_STRING=\"tmux\ 3.7c\" -DPACKAGE_BUGREPORT=\"\" -DPACKAGE_URL=\"\" -DPACKAGE=\"tmux\" -DVERSION=\"3.7c\" -DHAVE_STDIO_H=1 -DHAVE_STDLIB_H=1 -DHAVE_STRING_H=1 -DHAVE_INTTYPES_H=1 -DHAVE_STDINT_H=1 -DHAVE_STRINGS_H=1 -DHAVE_SYS_STAT_H=1 -DHAVE_SYS_TYPES_H=1 -DHAVE_UNISTD_H=1 -DHAVE_WCHAR_H=1 -DSTDC_HEADERS=1 -D_ALL_SOURCE=1 -D_COSMO_SOURCE=1 -D_DARWIN_C_SOURCE=1 -D_GNU_SOURCE=1 -D_HPUX_ALT_XOPEN_SOCKET_API=1 -D_NETBSD_SOURCE=1 -D_OPENBSD_SOURCE=1 -D_POSIX_PTHREAD_SEMANTICS=1 -D__STDC_WANT_IEC_60559_ATTRIBS_EXT__=1 -D__STDC_WANT_IEC_60559_BFP_EXT__=1 -D__STDC_WANT_IEC_60559_DFP_EXT__=1 -D__STDC_WANT_IEC_60559_EXT__=1 -D__STDC_WANT_IEC_60559_FUNCS_EXT__=1 -D__STDC_WANT_IEC_60559_TYPES_EXT__=1 -D__STDC_WANT_LIB_EXT2__=1 -D__STDC_WANT_MATH_SPEC_FUNCS__=1 -D_TANDEM_SOURCE=1 -D__EXTENSIONS__=1 -DHAVE_BITSTRING_H=1 -DHAVE_DIRENT_H=1 -DHAVE_FCNTL_H=1 -DHAVE_INTTYPES_H=1 -DHAVE_LIBPROC_H=1 -DHAVE_PATHS_H=1 -DHAVE_STDINT_H=1 -DHAVE_SYS_DIR_H=1 -DHAVE_UTIL_H=1 -DHAVE_SYS_SIGNAME=1 -DHAVE_LIBM=1 -DHAVE_DIRFD=1 -DHAVE_FLOCK=1 -DHAVE_PROC_PIDINFO=1 -DHAVE_SYSCONF=1 -DHAVE_ASPRINTF=1 -DHAVE_CFMAKERAW=1 -DHAVE_CLOCK_GETTIME=1 -DHAVE_FGETLN=1 -DHAVE_GETDTABLESIZE=1 -DHAVE_GETPEEREID=1 -DHAVE_GETLINE=1 -DHAVE_GETPROGNAME=1 -DHAVE_MEMMEM=1 -DHAVE_SETENV=1 -DHAVE_STRCASESTR=1 -DHAVE_STRLCAT=1 -DHAVE_STRLCPY=1 -DHAVE_STRNDUP=1 -DHAVE_STRSEP=1 -DHAVE_STRTONUM=1 -DHAVE_EVENT2_EVENT_H=1 -DHAVE_NCURSES_H=1 -DHAVE_TIPARM=1 -DHAVE_TIPARM_S=1 -DHAVE_UTF8PROC=1 -DHAVE_B64_NTOP=1 -DHAVE_JEMALLOC=1 -DHAVE_DAEMON=1 -DHAVE_FORKPTY=1 -DHAVE___PROGNAME=1 -DBROKEN___DEAD=1 -DBROKEN_CMSG_FIRSTHDR=1 -I.  -I/opt/homebrew/Cellar/jemalloc/5.4.0/include -I/opt/homebrew/Cellar/utf8proc/2.12.0/include -DUTF8PROC_EXPORTS -D_DARWIN_C_SOURCE -DNCURSES_WIDECHAR -I/opt/homebrew/Cellar/ncurses/6.6/include/ncursesw -I/opt/homebrew/Cellar/ncurses/6.6/include -I/opt/homebrew/Cellar/libevent/2.1.13/include -DTMUX_VERSION='"3.7c"' -DTMUX_CONF='"/etc/tmux.conf:~/.tmux.conf:$XDG_CONFIG_HOME/tmux/tmux.conf:~/.config/tmux/tmux.conf"' -DTMUX_LOCK_CMD='"lock -np"' -DTMUX_TERM='"tmux-256color"'  -iquote.        -std=gnu99 -O2       -MT cmd-swap-pane.o -MD -MP -MF $depbase.Tpo -c -o cmd-swap-pane.o cmd-swap-pane.c &&\
	mv -f $depbase.Tpo $depbase.Po
depbase=`echo cmd-swap-window.o | sed 's|[^/]*$|.deps/&|;s|\.o$||'`;\
	gcc -std=gnu23 -DPACKAGE_NAME=\"tmux\" -DPACKAGE_TARNAME=\"tmux\" -DPACKAGE_VERSION=\"3.7c\" -DPACKAGE_STRING=\"tmux\ 3.7c\" -DPACKAGE_BUGREPORT=\"\" -DPACKAGE_URL=\"\" -DPACKAGE=\"tmux\" -DVERSION=\"3.7c\" -DHAVE_STDIO_H=1 -DHAVE_STDLIB_H=1 -DHAVE_STRING_H=1 -DHAVE_INTTYPES_H=1 -DHAVE_STDINT_H=1 -DHAVE_STRINGS_H=1 -DHAVE_SYS_STAT_H=1 -DHAVE_SYS_TYPES_H=1 -DHAVE_UNISTD_H=1 -DHAVE_WCHAR_H=1 -DSTDC_HEADERS=1 -D_ALL_SOURCE=1 -D_COSMO_SOURCE=1 -D_DARWIN_C_SOURCE=1 -D_GNU_SOURCE=1 -D_HPUX_ALT_XOPEN_SOCKET_API=1 -D_NETBSD_SOURCE=1 -D_OPENBSD_SOURCE=1 -D_POSIX_PTHREAD_SEMANTICS=1 -D__STDC_WANT_IEC_60559_ATTRIBS_EXT__=1 -D__STDC_WANT_IEC_60559_BFP_EXT__=1 -D__STDC_WANT_IEC_60559_DFP_EXT__=1 -D__STDC_WANT_IEC_60559_EXT__=1 -D__STDC_WANT_IEC_60559_FUNCS_EXT__=1 -D__STDC_WANT_IEC_60559_TYPES_EXT__=1 -D__STDC_WANT_LIB_EXT2__=1 -D__STDC_WANT_MATH_SPEC_FUNCS__=1 -D_TANDEM_SOURCE=1 -D__EXTENSIONS__=1 -DHAVE_BITSTRING_H=1 -DHAVE_DIRENT_H=1 -DHAVE_FCNTL_H=1 -DHAVE_INTTYPES_H=1 -DHAVE_LIBPROC_H=1 -DHAVE_PATHS_H=1 -DHAVE_STDINT_H=1 -DHAVE_SYS_DIR_H=1 -DHAVE_UTIL_H=1 -DHAVE_SYS_SIGNAME=1 -DHAVE_LIBM=1 -DHAVE_DIRFD=1 -DHAVE_FLOCK=1 -DHAVE_PROC_PIDINFO=1 -DHAVE_SYSCONF=1 -DHAVE_ASPRINTF=1 -DHAVE_CFMAKERAW=1 -DHAVE_CLOCK_GETTIME=1 -DHAVE_FGETLN=1 -DHAVE_GETDTABLESIZE=1 -DHAVE_GETPEEREID=1 -DHAVE_GETLINE=1 -DHAVE_GETPROGNAME=1 -DHAVE_MEMMEM=1 -DHAVE_SETENV=1 -DHAVE_STRCASESTR=1 -DHAVE_STRLCAT=1 -DHAVE_STRLCPY=1 -DHAVE_STRNDUP=1 -DHAVE_STRSEP=1 -DHAVE_STRTONUM=1 -DHAVE_EVENT2_EVENT_H=1 -DHAVE_NCURSES_H=1 -DHAVE_TIPARM=1 -DHAVE_TIPARM_S=1 -DHAVE_UTF8PROC=1 -DHAVE_B64_NTOP=1 -DHAVE_JEMALLOC=1 -DHAVE_DAEMON=1 -DHAVE_FORKPTY=1 -DHAVE___PROGNAME=1 -DBROKEN___DEAD=1 -DBROKEN_CMSG_FIRSTHDR=1 -I.  -I/opt/homebrew/Cellar/jemalloc/5.4.0/include -I/opt/homebrew/Cellar/utf8proc/2.12.0/include -DUTF8PROC_EXPORTS -D_DARWIN_C_SOURCE -DNCURSES_WIDECHAR -I/opt/homebrew/Cellar/ncurses/6.6/include/ncursesw -I/opt/homebrew/Cellar/ncurses/6.6/include -I/opt/homebrew/Cellar/libevent/2.1.13/include -DTMUX_VERSION='"3.7c"' -DTMUX_CONF='"/etc/tmux.conf:~/.tmux.conf:$XDG_CONFIG_HOME/tmux/tmux.conf:~/.config/tmux/tmux.conf"' -DTMUX_LOCK_CMD='"lock -np"' -DTMUX_TERM='"tmux-256color"'  -iquote.        -std=gnu99 -O2       -MT cmd-swap-window.o -MD -MP -MF $depbase.Tpo -c -o cmd-swap-window.o cmd-swap-window.c &&\
	mv -f $depbase.Tpo $depbase.Po
depbase=`echo cmd-switch-client.o | sed 's|[^/]*$|.deps/&|;s|\.o$||'`;\
	gcc -std=gnu23 -DPACKAGE_NAME=\"tmux\" -DPACKAGE_TARNAME=\"tmux\" -DPACKAGE_VERSION=\"3.7c\" -DPACKAGE_STRING=\"tmux\ 3.7c\" -DPACKAGE_BUGREPORT=\"\" -DPACKAGE_URL=\"\" -DPACKAGE=\"tmux\" -DVERSION=\"3.7c\" -DHAVE_STDIO_H=1 -DHAVE_STDLIB_H=1 -DHAVE_STRING_H=1 -DHAVE_INTTYPES_H=1 -DHAVE_STDINT_H=1 -DHAVE_STRINGS_H=1 -DHAVE_SYS_STAT_H=1 -DHAVE_SYS_TYPES_H=1 -DHAVE_UNISTD_H=1 -DHAVE_WCHAR_H=1 -DSTDC_HEADERS=1 -D_ALL_SOURCE=1 -D_COSMO_SOURCE=1 -D_DARWIN_C_SOURCE=1 -D_GNU_SOURCE=1 -D_HPUX_ALT_XOPEN_SOCKET_API=1 -D_NETBSD_SOURCE=1 -D_OPENBSD_SOURCE=1 -D_POSIX_PTHREAD_SEMANTICS=1 -D__STDC_WANT_IEC_60559_ATTRIBS_EXT__=1 -D__STDC_WANT_IEC_60559_BFP_EXT__=1 -D__STDC_WANT_IEC_60559_DFP_EXT__=1 -D__STDC_WANT_IEC_60559_EXT__=1 -D__STDC_WANT_IEC_60559_FUNCS_EXT__=1 -D__STDC_WANT_IEC_60559_TYPES_EXT__=1 -D__STDC_WANT_LIB_EXT2__=1 -D__STDC_WANT_MATH_SPEC_FUNCS__=1 -D_TANDEM_SOURCE=1 -D__EXTENSIONS__=1 -DHAVE_BITSTRING_H=1 -DHAVE_DIRENT_H=1 -DHAVE_FCNTL_H=1 -DHAVE_INTTYPES_H=1 -DHAVE_LIBPROC_H=1 -DHAVE_PATHS_H=1 -DHAVE_STDINT_H=1 -DHAVE_SYS_DIR_H=1 -DHAVE_UTIL_H=1 -DHAVE_SYS_SIGNAME=1 -DHAVE_LIBM=1 -DHAVE_DIRFD=1 -DHAVE_FLOCK=1 -DHAVE_PROC_PIDINFO=1 -DHAVE_SYSCONF=1 -DHAVE_ASPRINTF=1 -DHAVE_CFMAKERAW=1 -DHAVE_CLOCK_GETTIME=1 -DHAVE_FGETLN=1 -DHAVE_GETDTABLESIZE=1 -DHAVE_GETPEEREID=1 -DHAVE_GETLINE=1 -DHAVE_GETPROGNAME=1 -DHAVE_MEMMEM=1 -DHAVE_SETENV=1 -DHAVE_STRCASESTR=1 -DHAVE_STRLCAT=1 -DHAVE_STRLCPY=1 -DHAVE_STRNDUP=1 -DHAVE_STRSEP=1 -DHAVE_STRTONUM=1 -DHAVE_EVENT2_EVENT_H=1 -DHAVE_NCURSES_H=1 -DHAVE_TIPARM=1 -DHAVE_TIPARM_S=1 -DHAVE_UTF8PROC=1 -DHAVE_B64_NTOP=1 -DHAVE_JEMALLOC=1 -DHAVE_DAEMON=1 -DHAVE_FORKPTY=1 -DHAVE___PROGNAME=1 -DBROKEN___DEAD=1 -DBROKEN_CMSG_FIRSTHDR=1 -I.  -I/opt/homebrew/Cellar/jemalloc/5.4.0/include -I/opt/homebrew/Cellar/utf8proc/2.12.0/include -DUTF8PROC_EXPORTS -D_DARWIN_C_SOURCE -DNCURSES_WIDECHAR -I/opt/homebrew/Cellar/ncurses/6.6/include/ncursesw -I/opt/homebrew/Cellar/ncurses/6.6/include -I/opt/homebrew/Cellar/libevent/2.1.13/include -DTMUX_VERSION='"3.7c"' -DTMUX_CONF='"/etc/tmux.conf:~/.tmux.conf:$XDG_CONFIG_HOME/tmux/tmux.conf:~/.config/tmux/tmux.conf"' -DTMUX_LOCK_CMD='"lock -np"' -DTMUX_TERM='"tmux-256color"'  -iquote.        -std=gnu99 -O2       -MT cmd-switch-client.o -MD -MP -MF $depbase.Tpo -c -o cmd-switch-client.o cmd-switch-client.c &&\
	mv -f $depbase.Tpo $depbase.Po
depbase=`echo cmd-unbind-key.o | sed 's|[^/]*$|.deps/&|;s|\.o$||'`;\
	gcc -std=gnu23 -DPACKAGE_NAME=\"tmux\" -DPACKAGE_TARNAME=\"tmux\" -DPACKAGE_VERSION=\"3.7c\" -DPACKAGE_STRING=\"tmux\ 3.7c\" -DPACKAGE_BUGREPORT=\"\" -DPACKAGE_URL=\"\" -DPACKAGE=\"tmux\" -DVERSION=\"3.7c\" -DHAVE_STDIO_H=1 -DHAVE_STDLIB_H=1 -DHAVE_STRING_H=1 -DHAVE_INTTYPES_H=1 -DHAVE_STDINT_H=1 -DHAVE_STRINGS_H=1 -DHAVE_SYS_STAT_H=1 -DHAVE_SYS_TYPES_H=1 -DHAVE_UNISTD_H=1 -DHAVE_WCHAR_H=1 -DSTDC_HEADERS=1 -D_ALL_SOURCE=1 -D_COSMO_SOURCE=1 -D_DARWIN_C_SOURCE=1 -D_GNU_SOURCE=1 -D_HPUX_ALT_XOPEN_SOCKET_API=1 -D_NETBSD_SOURCE=1 -D_OPENBSD_SOURCE=1 -D_POSIX_PTHREAD_SEMANTICS=1 -D__STDC_WANT_IEC_60559_ATTRIBS_EXT__=1 -D__STDC_WANT_IEC_60559_BFP_EXT__=1 -D__STDC_WANT_IEC_60559_DFP_EXT__=1 -D__STDC_WANT_IEC_60559_EXT__=1 -D__STDC_WANT_IEC_60559_FUNCS_EXT__=1 -D__STDC_WANT_IEC_60559_TYPES_EXT__=1 -D__STDC_WANT_LIB_EXT2__=1 -D__STDC_WANT_MATH_SPEC_FUNCS__=1 -D_TANDEM_SOURCE=1 -D__EXTENSIONS__=1 -DHAVE_BITSTRING_H=1 -DHAVE_DIRENT_H=1 -DHAVE_FCNTL_H=1 -DHAVE_INTTYPES_H=1 -DHAVE_LIBPROC_H=1 -DHAVE_PATHS_H=1 -DHAVE_STDINT_H=1 -DHAVE_SYS_DIR_H=1 -DHAVE_UTIL_H=1 -DHAVE_SYS_SIGNAME=1 -DHAVE_LIBM=1 -DHAVE_DIRFD=1 -DHAVE_FLOCK=1 -DHAVE_PROC_PIDINFO=1 -DHAVE_SYSCONF=1 -DHAVE_ASPRINTF=1 -DHAVE_CFMAKERAW=1 -DHAVE_CLOCK_GETTIME=1 -DHAVE_FGETLN=1 -DHAVE_GETDTABLESIZE=1 -DHAVE_GETPEEREID=1 -DHAVE_GETLINE=1 -DHAVE_GETPROGNAME=1 -DHAVE_MEMMEM=1 -DHAVE_SETENV=1 -DHAVE_STRCASESTR=1 -DHAVE_STRLCAT=1 -DHAVE_STRLCPY=1 -DHAVE_STRNDUP=1 -DHAVE_STRSEP=1 -DHAVE_STRTONUM=1 -DHAVE_EVENT2_EVENT_H=1 -DHAVE_NCURSES_H=1 -DHAVE_TIPARM=1 -DHAVE_TIPARM_S=1 -DHAVE_UTF8PROC=1 -DHAVE_B64_NTOP=1 -DHAVE_JEMALLOC=1 -DHAVE_DAEMON=1 -DHAVE_FORKPTY=1 -DHAVE___PROGNAME=1 -DBROKEN___DEAD=1 -DBROKEN_CMSG_FIRSTHDR=1 -I.  -I/opt/homebrew/Cellar/jemalloc/5.4.0/include -I/opt/homebrew/Cellar/utf8proc/2.12.0/include -DUTF8PROC_EXPORTS -D_DARWIN_C_SOURCE -DNCURSES_WIDECHAR -I/opt/homebrew/Cellar/ncurses/6.6/include/ncursesw -I/opt/homebrew/Cellar/ncurses/6.6/include -I/opt/homebrew/Cellar/libevent/2.1.13/include -DTMUX_VERSION='"3.7c"' -DTMUX_CONF='"/etc/tmux.conf:~/.tmux.conf:$XDG_CONFIG_HOME/tmux/tmux.conf:~/.config/tmux/tmux.conf"' -DTMUX_LOCK_CMD='"lock -np"' -DTMUX_TERM='"tmux-256color"'  -iquote.        -std=gnu99 -O2       -MT cmd-unbind-key.o -MD -MP -MF $depbase.Tpo -c -o cmd-unbind-key.o cmd-unbind-key.c &&\
	mv -f $depbase.Tpo $depbase.Po
depbase=`echo cmd-wait-for.o | sed 's|[^/]*$|.deps/&|;s|\.o$||'`;\
	gcc -std=gnu23 -DPACKAGE_NAME=\"tmux\" -DPACKAGE_TARNAME=\"tmux\" -DPACKAGE_VERSION=\"3.7c\" -DPACKAGE_STRING=\"tmux\ 3.7c\" -DPACKAGE_BUGREPORT=\"\" -DPACKAGE_URL=\"\" -DPACKAGE=\"tmux\" -DVERSION=\"3.7c\" -DHAVE_STDIO_H=1 -DHAVE_STDLIB_H=1 -DHAVE_STRING_H=1 -DHAVE_INTTYPES_H=1 -DHAVE_STDINT_H=1 -DHAVE_STRINGS_H=1 -DHAVE_SYS_STAT_H=1 -DHAVE_SYS_TYPES_H=1 -DHAVE_UNISTD_H=1 -DHAVE_WCHAR_H=1 -DSTDC_HEADERS=1 -D_ALL_SOURCE=1 -D_COSMO_SOURCE=1 -D_DARWIN_C_SOURCE=1 -D_GNU_SOURCE=1 -D_HPUX_ALT_XOPEN_SOCKET_API=1 -D_NETBSD_SOURCE=1 -D_OPENBSD_SOURCE=1 -D_POSIX_PTHREAD_SEMANTICS=1 -D__STDC_WANT_IEC_60559_ATTRIBS_EXT__=1 -D__STDC_WANT_IEC_60559_BFP_EXT__=1 -D__STDC_WANT_IEC_60559_DFP_EXT__=1 -D__STDC_WANT_IEC_60559_EXT__=1 -D__STDC_WANT_IEC_60559_FUNCS_EXT__=1 -D__STDC_WANT_IEC_60559_TYPES_EXT__=1 -D__STDC_WANT_LIB_EXT2__=1 -D__STDC_WANT_MATH_SPEC_FUNCS__=1 -D_TANDEM_SOURCE=1 -D__EXTENSIONS__=1 -DHAVE_BITSTRING_H=1 -DHAVE_DIRENT_H=1 -DHAVE_FCNTL_H=1 -DHAVE_INTTYPES_H=1 -DHAVE_LIBPROC_H=1 -DHAVE_PATHS_H=1 -DHAVE_STDINT_H=1 -DHAVE_SYS_DIR_H=1 -DHAVE_UTIL_H=1 -DHAVE_SYS_SIGNAME=1 -DHAVE_LIBM=1 -DHAVE_DIRFD=1 -DHAVE_FLOCK=1 -DHAVE_PROC_PIDINFO=1 -DHAVE_SYSCONF=1 -DHAVE_ASPRINTF=1 -DHAVE_CFMAKERAW=1 -DHAVE_CLOCK_GETTIME=1 -DHAVE_FGETLN=1 -DHAVE_GETDTABLESIZE=1 -DHAVE_GETPEEREID=1 -DHAVE_GETLINE=1 -DHAVE_GETPROGNAME=1 -DHAVE_MEMMEM=1 -DHAVE_SETENV=1 -DHAVE_STRCASESTR=1 -DHAVE_STRLCAT=1 -DHAVE_STRLCPY=1 -DHAVE_STRNDUP=1 -DHAVE_STRSEP=1 -DHAVE_STRTONUM=1 -DHAVE_EVENT2_EVENT_H=1 -DHAVE_NCURSES_H=1 -DHAVE_TIPARM=1 -DHAVE_TIPARM_S=1 -DHAVE_UTF8PROC=1 -DHAVE_B64_NTOP=1 -DHAVE_JEMALLOC=1 -DHAVE_DAEMON=1 -DHAVE_FORKPTY=1 -DHAVE___PROGNAME=1 -DBROKEN___DEAD=1 -DBROKEN_CMSG_FIRSTHDR=1 -I.  -I/opt/homebrew/Cellar/jemalloc/5.4.0/include -I/opt/homebrew/Cellar/utf8proc/2.12.0/include -DUTF8PROC_EXPORTS -D_DARWIN_C_SOURCE -DNCURSES_WIDECHAR -I/opt/homebrew/Cellar/ncurses/6.6/include/ncursesw -I/opt/homebrew/Cellar/ncurses/6.6/include -I/opt/homebrew/Cellar/libevent/2.1.13/include -DTMUX_VERSION='"3.7c"' -DTMUX_CONF='"/etc/tmux.conf:~/.tmux.conf:$XDG_CONFIG_HOME/tmux/tmux.conf:~/.config/tmux/tmux.conf"' -DTMUX_LOCK_CMD='"lock -np"' -DTMUX_TERM='"tmux-256color"'  -iquote.        -std=gnu99 -O2       -MT cmd-wait-for.o -MD -MP -MF $depbase.Tpo -c -o cmd-wait-for.o cmd-wait-for.c &&\
	mv -f $depbase.Tpo $depbase.Po
depbase=`echo cmd.o | sed 's|[^/]*$|.deps/&|;s|\.o$||'`;\
	gcc -std=gnu23 -DPACKAGE_NAME=\"tmux\" -DPACKAGE_TARNAME=\"tmux\" -DPACKAGE_VERSION=\"3.7c\" -DPACKAGE_STRING=\"tmux\ 3.7c\" -DPACKAGE_BUGREPORT=\"\" -DPACKAGE_URL=\"\" -DPACKAGE=\"tmux\" -DVERSION=\"3.7c\" -DHAVE_STDIO_H=1 -DHAVE_STDLIB_H=1 -DHAVE_STRING_H=1 -DHAVE_INTTYPES_H=1 -DHAVE_STDINT_H=1 -DHAVE_STRINGS_H=1 -DHAVE_SYS_STAT_H=1 -DHAVE_SYS_TYPES_H=1 -DHAVE_UNISTD_H=1 -DHAVE_WCHAR_H=1 -DSTDC_HEADERS=1 -D_ALL_SOURCE=1 -D_COSMO_SOURCE=1 -D_DARWIN_C_SOURCE=1 -D_GNU_SOURCE=1 -D_HPUX_ALT_XOPEN_SOCKET_API=1 -D_NETBSD_SOURCE=1 -D_OPENBSD_SOURCE=1 -D_POSIX_PTHREAD_SEMANTICS=1 -D__STDC_WANT_IEC_60559_ATTRIBS_EXT__=1 -D__STDC_WANT_IEC_60559_BFP_EXT__=1 -D__STDC_WANT_IEC_60559_DFP_EXT__=1 -D__STDC_WANT_IEC_60559_EXT__=1 -D__STDC_WANT_IEC_60559_FUNCS_EXT__=1 -D__STDC_WANT_IEC_60559_TYPES_EXT__=1 -D__STDC_WANT_LIB_EXT2__=1 -D__STDC_WANT_MATH_SPEC_FUNCS__=1 -D_TANDEM_SOURCE=1 -D__EXTENSIONS__=1 -DHAVE_BITSTRING_H=1 -DHAVE_DIRENT_H=1 -DHAVE_FCNTL_H=1 -DHAVE_INTTYPES_H=1 -DHAVE_LIBPROC_H=1 -DHAVE_PATHS_H=1 -DHAVE_STDINT_H=1 -DHAVE_SYS_DIR_H=1 -DHAVE_UTIL_H=1 -DHAVE_SYS_SIGNAME=1 -DHAVE_LIBM=1 -DHAVE_DIRFD=1 -DHAVE_FLOCK=1 -DHAVE_PROC_PIDINFO=1 -DHAVE_SYSCONF=1 -DHAVE_ASPRINTF=1 -DHAVE_CFMAKERAW=1 -DHAVE_CLOCK_GETTIME=1 -DHAVE_FGETLN=1 -DHAVE_GETDTABLESIZE=1 -DHAVE_GETPEEREID=1 -DHAVE_GETLINE=1 -DHAVE_GETPROGNAME=1 -DHAVE_MEMMEM=1 -DHAVE_SETENV=1 -DHAVE_STRCASESTR=1 -DHAVE_STRLCAT=1 -DHAVE_STRLCPY=1 -DHAVE_STRNDUP=1 -DHAVE_STRSEP=1 -DHAVE_STRTONUM=1 -DHAVE_EVENT2_EVENT_H=1 -DHAVE_NCURSES_H=1 -DHAVE_TIPARM=1 -DHAVE_TIPARM_S=1 -DHAVE_UTF8PROC=1 -DHAVE_B64_NTOP=1 -DHAVE_JEMALLOC=1 -DHAVE_DAEMON=1 -DHAVE_FORKPTY=1 -DHAVE___PROGNAME=1 -DBROKEN___DEAD=1 -DBROKEN_CMSG_FIRSTHDR=1 -I.  -I/opt/homebrew/Cellar/jemalloc/5.4.0/include -I/opt/homebrew/Cellar/utf8proc/2.12.0/include -DUTF8PROC_EXPORTS -D_DARWIN_C_SOURCE -DNCURSES_WIDECHAR -I/opt/homebrew/Cellar/ncurses/6.6/include/ncursesw -I/opt/homebrew/Cellar/ncurses/6.6/include -I/opt/homebrew/Cellar/libevent/2.1.13/include -DTMUX_VERSION='"3.7c"' -DTMUX_CONF='"/etc/tmux.conf:~/.tmux.conf:$XDG_CONFIG_HOME/tmux/tmux.conf:~/.config/tmux/tmux.conf"' -DTMUX_LOCK_CMD='"lock -np"' -DTMUX_TERM='"tmux-256color"'  -iquote.        -std=gnu99 -O2       -MT cmd.o -MD -MP -MF $depbase.Tpo -c -o cmd.o cmd.c &&\
	mv -f $depbase.Tpo $depbase.Po
depbase=`echo colour.o | sed 's|[^/]*$|.deps/&|;s|\.o$||'`;\
	gcc -std=gnu23 -DPACKAGE_NAME=\"tmux\" -DPACKAGE_TARNAME=\"tmux\" -DPACKAGE_VERSION=\"3.7c\" -DPACKAGE_STRING=\"tmux\ 3.7c\" -DPACKAGE_BUGREPORT=\"\" -DPACKAGE_URL=\"\" -DPACKAGE=\"tmux\" -DVERSION=\"3.7c\" -DHAVE_STDIO_H=1 -DHAVE_STDLIB_H=1 -DHAVE_STRING_H=1 -DHAVE_INTTYPES_H=1 -DHAVE_STDINT_H=1 -DHAVE_STRINGS_H=1 -DHAVE_SYS_STAT_H=1 -DHAVE_SYS_TYPES_H=1 -DHAVE_UNISTD_H=1 -DHAVE_WCHAR_H=1 -DSTDC_HEADERS=1 -D_ALL_SOURCE=1 -D_COSMO_SOURCE=1 -D_DARWIN_C_SOURCE=1 -D_GNU_SOURCE=1 -D_HPUX_ALT_XOPEN_SOCKET_API=1 -D_NETBSD_SOURCE=1 -D_OPENBSD_SOURCE=1 -D_POSIX_PTHREAD_SEMANTICS=1 -D__STDC_WANT_IEC_60559_ATTRIBS_EXT__=1 -D__STDC_WANT_IEC_60559_BFP_EXT__=1 -D__STDC_WANT_IEC_60559_DFP_EXT__=1 -D__STDC_WANT_IEC_60559_EXT__=1 -D__STDC_WANT_IEC_60559_FUNCS_EXT__=1 -D__STDC_WANT_IEC_60559_TYPES_EXT__=1 -D__STDC_WANT_LIB_EXT2__=1 -D__STDC_WANT_MATH_SPEC_FUNCS__=1 -D_TANDEM_SOURCE=1 -D__EXTENSIONS__=1 -DHAVE_BITSTRING_H=1 -DHAVE_DIRENT_H=1 -DHAVE_FCNTL_H=1 -DHAVE_INTTYPES_H=1 -DHAVE_LIBPROC_H=1 -DHAVE_PATHS_H=1 -DHAVE_STDINT_H=1 -DHAVE_SYS_DIR_H=1 -DHAVE_UTIL_H=1 -DHAVE_SYS_SIGNAME=1 -DHAVE_LIBM=1 -DHAVE_DIRFD=1 -DHAVE_FLOCK=1 -DHAVE_PROC_PIDINFO=1 -DHAVE_SYSCONF=1 -DHAVE_ASPRINTF=1 -DHAVE_CFMAKERAW=1 -DHAVE_CLOCK_GETTIME=1 -DHAVE_FGETLN=1 -DHAVE_GETDTABLESIZE=1 -DHAVE_GETPEEREID=1 -DHAVE_GETLINE=1 -DHAVE_GETPROGNAME=1 -DHAVE_MEMMEM=1 -DHAVE_SETENV=1 -DHAVE_STRCASESTR=1 -DHAVE_STRLCAT=1 -DHAVE_STRLCPY=1 -DHAVE_STRNDUP=1 -DHAVE_STRSEP=1 -DHAVE_STRTONUM=1 -DHAVE_EVENT2_EVENT_H=1 -DHAVE_NCURSES_H=1 -DHAVE_TIPARM=1 -DHAVE_TIPARM_S=1 -DHAVE_UTF8PROC=1 -DHAVE_B64_NTOP=1 -DHAVE_JEMALLOC=1 -DHAVE_DAEMON=1 -DHAVE_FORKPTY=1 -DHAVE___PROGNAME=1 -DBROKEN___DEAD=1 -DBROKEN_CMSG_FIRSTHDR=1 -I.  -I/opt/homebrew/Cellar/jemalloc/5.4.0/include -I/opt/homebrew/Cellar/utf8proc/2.12.0/include -DUTF8PROC_EXPORTS -D_DARWIN_C_SOURCE -DNCURSES_WIDECHAR -I/opt/homebrew/Cellar/ncurses/6.6/include/ncursesw -I/opt/homebrew/Cellar/ncurses/6.6/include -I/opt/homebrew/Cellar/libevent/2.1.13/include -DTMUX_VERSION='"3.7c"' -DTMUX_CONF='"/etc/tmux.conf:~/.tmux.conf:$XDG_CONFIG_HOME/tmux/tmux.conf:~/.config/tmux/tmux.conf"' -DTMUX_LOCK_CMD='"lock -np"' -DTMUX_TERM='"tmux-256color"'  -iquote.        -std=gnu99 -O2       -MT colour.o -MD -MP -MF $depbase.Tpo -c -o colour.o colour.c &&\
	mv -f $depbase.Tpo $depbase.Po
depbase=`echo control-notify.o | sed 's|[^/]*$|.deps/&|;s|\.o$||'`;\
	gcc -std=gnu23 -DPACKAGE_NAME=\"tmux\" -DPACKAGE_TARNAME=\"tmux\" -DPACKAGE_VERSION=\"3.7c\" -DPACKAGE_STRING=\"tmux\ 3.7c\" -DPACKAGE_BUGREPORT=\"\" -DPACKAGE_URL=\"\" -DPACKAGE=\"tmux\" -DVERSION=\"3.7c\" -DHAVE_STDIO_H=1 -DHAVE_STDLIB_H=1 -DHAVE_STRING_H=1 -DHAVE_INTTYPES_H=1 -DHAVE_STDINT_H=1 -DHAVE_STRINGS_H=1 -DHAVE_SYS_STAT_H=1 -DHAVE_SYS_TYPES_H=1 -DHAVE_UNISTD_H=1 -DHAVE_WCHAR_H=1 -DSTDC_HEADERS=1 -D_ALL_SOURCE=1 -D_COSMO_SOURCE=1 -D_DARWIN_C_SOURCE=1 -D_GNU_SOURCE=1 -D_HPUX_ALT_XOPEN_SOCKET_API=1 -D_NETBSD_SOURCE=1 -D_OPENBSD_SOURCE=1 -D_POSIX_PTHREAD_SEMANTICS=1 -D__STDC_WANT_IEC_60559_ATTRIBS_EXT__=1 -D__STDC_WANT_IEC_60559_BFP_EXT__=1 -D__STDC_WANT_IEC_60559_DFP_EXT__=1 -D__STDC_WANT_IEC_60559_EXT__=1 -D__STDC_WANT_IEC_60559_FUNCS_EXT__=1 -D__STDC_WANT_IEC_60559_TYPES_EXT__=1 -D__STDC_WANT_LIB_EXT2__=1 -D__STDC_WANT_MATH_SPEC_FUNCS__=1 -D_TANDEM_SOURCE=1 -D__EXTENSIONS__=1 -DHAVE_BITSTRING_H=1 -DHAVE_DIRENT_H=1 -DHAVE_FCNTL_H=1 -DHAVE_INTTYPES_H=1 -DHAVE_LIBPROC_H=1 -DHAVE_PATHS_H=1 -DHAVE_STDINT_H=1 -DHAVE_SYS_DIR_H=1 -DHAVE_UTIL_H=1 -DHAVE_SYS_SIGNAME=1 -DHAVE_LIBM=1 -DHAVE_DIRFD=1 -DHAVE_FLOCK=1 -DHAVE_PROC_PIDINFO=1 -DHAVE_SYSCONF=1 -DHAVE_ASPRINTF=1 -DHAVE_CFMAKERAW=1 -DHAVE_CLOCK_GETTIME=1 -DHAVE_FGETLN=1 -DHAVE_GETDTABLESIZE=1 -DHAVE_GETPEEREID=1 -DHAVE_GETLINE=1 -DHAVE_GETPROGNAME=1 -DHAVE_MEMMEM=1 -DHAVE_SETENV=1 -DHAVE_STRCASESTR=1 -DHAVE_STRLCAT=1 -DHAVE_STRLCPY=1 -DHAVE_STRNDUP=1 -DHAVE_STRSEP=1 -DHAVE_STRTONUM=1 -DHAVE_EVENT2_EVENT_H=1 -DHAVE_NCURSES_H=1 -DHAVE_TIPARM=1 -DHAVE_TIPARM_S=1 -DHAVE_UTF8PROC=1 -DHAVE_B64_NTOP=1 -DHAVE_JEMALLOC=1 -DHAVE_DAEMON=1 -DHAVE_FORKPTY=1 -DHAVE___PROGNAME=1 -DBROKEN___DEAD=1 -DBROKEN_CMSG_FIRSTHDR=1 -I.  -I/opt/homebrew/Cellar/jemalloc/5.4.0/include -I/opt/homebrew/Cellar/utf8proc/2.12.0/include -DUTF8PROC_EXPORTS -D_DARWIN_C_SOURCE -DNCURSES_WIDECHAR -I/opt/homebrew/Cellar/ncurses/6.6/include/ncursesw -I/opt/homebrew/Cellar/ncurses/6.6/include -I/opt/homebrew/Cellar/libevent/2.1.13/include -DTMUX_VERSION='"3.7c"' -DTMUX_CONF='"/etc/tmux.conf:~/.tmux.conf:$XDG_CONFIG_HOME/tmux/tmux.conf:~/.config/tmux/tmux.conf"' -DTMUX_LOCK_CMD='"lock -np"' -DTMUX_TERM='"tmux-256color"'  -iquote.        -std=gnu99 -O2       -MT control-notify.o -MD -MP -MF $depbase.Tpo -c -o control-notify.o control-notify.c &&\
	mv -f $depbase.Tpo $depbase.Po
depbase=`echo control.o | sed 's|[^/]*$|.deps/&|;s|\.o$||'`;\
	gcc -std=gnu23 -DPACKAGE_NAME=\"tmux\" -DPACKAGE_TARNAME=\"tmux\" -DPACKAGE_VERSION=\"3.7c\" -DPACKAGE_STRING=\"tmux\ 3.7c\" -DPACKAGE_BUGREPORT=\"\" -DPACKAGE_URL=\"\" -DPACKAGE=\"tmux\" -DVERSION=\"3.7c\" -DHAVE_STDIO_H=1 -DHAVE_STDLIB_H=1 -DHAVE_STRING_H=1 -DHAVE_INTTYPES_H=1 -DHAVE_STDINT_H=1 -DHAVE_STRINGS_H=1 -DHAVE_SYS_STAT_H=1 -DHAVE_SYS_TYPES_H=1 -DHAVE_UNISTD_H=1 -DHAVE_WCHAR_H=1 -DSTDC_HEADERS=1 -D_ALL_SOURCE=1 -D_COSMO_SOURCE=1 -D_DARWIN_C_SOURCE=1 -D_GNU_SOURCE=1 -D_HPUX_ALT_XOPEN_SOCKET_API=1 -D_NETBSD_SOURCE=1 -D_OPENBSD_SOURCE=1 -D_POSIX_PTHREAD_SEMANTICS=1 -D__STDC_WANT_IEC_60559_ATTRIBS_EXT__=1 -D__STDC_WANT_IEC_60559_BFP_EXT__=1 -D__STDC_WANT_IEC_60559_DFP_EXT__=1 -D__STDC_WANT_IEC_60559_EXT__=1 -D__STDC_WANT_IEC_60559_FUNCS_EXT__=1 -D__STDC_WANT_IEC_60559_TYPES_EXT__=1 -D__STDC_WANT_LIB_EXT2__=1 -D__STDC_WANT_MATH_SPEC_FUNCS__=1 -D_TANDEM_SOURCE=1 -D__EXTENSIONS__=1 -DHAVE_BITSTRING_H=1 -DHAVE_DIRENT_H=1 -DHAVE_FCNTL_H=1 -DHAVE_INTTYPES_H=1 -DHAVE_LIBPROC_H=1 -DHAVE_PATHS_H=1 -DHAVE_STDINT_H=1 -DHAVE_SYS_DIR_H=1 -DHAVE_UTIL_H=1 -DHAVE_SYS_SIGNAME=1 -DHAVE_LIBM=1 -DHAVE_DIRFD=1 -DHAVE_FLOCK=1 -DHAVE_PROC_PIDINFO=1 -DHAVE_SYSCONF=1 -DHAVE_ASPRINTF=1 -DHAVE_CFMAKERAW=1 -DHAVE_CLOCK_GETTIME=1 -DHAVE_FGETLN=1 -DHAVE_GETDTABLESIZE=1 -DHAVE_GETPEEREID=1 -DHAVE_GETLINE=1 -DHAVE_GETPROGNAME=1 -DHAVE_MEMMEM=1 -DHAVE_SETENV=1 -DHAVE_STRCASESTR=1 -DHAVE_STRLCAT=1 -DHAVE_STRLCPY=1 -DHAVE_STRNDUP=1 -DHAVE_STRSEP=1 -DHAVE_STRTONUM=1 -DHAVE_EVENT2_EVENT_H=1 -DHAVE_NCURSES_H=1 -DHAVE_TIPARM=1 -DHAVE_TIPARM_S=1 -DHAVE_UTF8PROC=1 -DHAVE_B64_NTOP=1 -DHAVE_JEMALLOC=1 -DHAVE_DAEMON=1 -DHAVE_FORKPTY=1 -DHAVE___PROGNAME=1 -DBROKEN___DEAD=1 -DBROKEN_CMSG_FIRSTHDR=1 -I.  -I/opt/homebrew/Cellar/jemalloc/5.4.0/include -I/opt/homebrew/Cellar/utf8proc/2.12.0/include -DUTF8PROC_EXPORTS -D_DARWIN_C_SOURCE -DNCURSES_WIDECHAR -I/opt/homebrew/Cellar/ncurses/6.6/include/ncursesw -I/opt/homebrew/Cellar/ncurses/6.6/include -I/opt/homebrew/Cellar/libevent/2.1.13/include -DTMUX_VERSION='"3.7c"' -DTMUX_CONF='"/etc/tmux.conf:~/.tmux.conf:$XDG_CONFIG_HOME/tmux/tmux.conf:~/.config/tmux/tmux.conf"' -DTMUX_LOCK_CMD='"lock -np"' -DTMUX_TERM='"tmux-256color"'  -iquote.        -std=gnu99 -O2       -MT control.o -MD -MP -MF $depbase.Tpo -c -o control.o control.c &&\
	mv -f $depbase.Tpo $depbase.Po
depbase=`echo environ.o | sed 's|[^/]*$|.deps/&|;s|\.o$||'`;\
	gcc -std=gnu23 -DPACKAGE_NAME=\"tmux\" -DPACKAGE_TARNAME=\"tmux\" -DPACKAGE_VERSION=\"3.7c\" -DPACKAGE_STRING=\"tmux\ 3.7c\" -DPACKAGE_BUGREPORT=\"\" -DPACKAGE_URL=\"\" -DPACKAGE=\"tmux\" -DVERSION=\"3.7c\" -DHAVE_STDIO_H=1 -DHAVE_STDLIB_H=1 -DHAVE_STRING_H=1 -DHAVE_INTTYPES_H=1 -DHAVE_STDINT_H=1 -DHAVE_STRINGS_H=1 -DHAVE_SYS_STAT_H=1 -DHAVE_SYS_TYPES_H=1 -DHAVE_UNISTD_H=1 -DHAVE_WCHAR_H=1 -DSTDC_HEADERS=1 -D_ALL_SOURCE=1 -D_COSMO_SOURCE=1 -D_DARWIN_C_SOURCE=1 -D_GNU_SOURCE=1 -D_HPUX_ALT_XOPEN_SOCKET_API=1 -D_NETBSD_SOURCE=1 -D_OPENBSD_SOURCE=1 -D_POSIX_PTHREAD_SEMANTICS=1 -D__STDC_WANT_IEC_60559_ATTRIBS_EXT__=1 -D__STDC_WANT_IEC_60559_BFP_EXT__=1 -D__STDC_WANT_IEC_60559_DFP_EXT__=1 -D__STDC_WANT_IEC_60559_EXT__=1 -D__STDC_WANT_IEC_60559_FUNCS_EXT__=1 -D__STDC_WANT_IEC_60559_TYPES_EXT__=1 -D__STDC_WANT_LIB_EXT2__=1 -D__STDC_WANT_MATH_SPEC_FUNCS__=1 -D_TANDEM_SOURCE=1 -D__EXTENSIONS__=1 -DHAVE_BITSTRING_H=1 -DHAVE_DIRENT_H=1 -DHAVE_FCNTL_H=1 -DHAVE_INTTYPES_H=1 -DHAVE_LIBPROC_H=1 -DHAVE_PATHS_H=1 -DHAVE_STDINT_H=1 -DHAVE_SYS_DIR_H=1 -DHAVE_UTIL_H=1 -DHAVE_SYS_SIGNAME=1 -DHAVE_LIBM=1 -DHAVE_DIRFD=1 -DHAVE_FLOCK=1 -DHAVE_PROC_PIDINFO=1 -DHAVE_SYSCONF=1 -DHAVE_ASPRINTF=1 -DHAVE_CFMAKERAW=1 -DHAVE_CLOCK_GETTIME=1 -DHAVE_FGETLN=1 -DHAVE_GETDTABLESIZE=1 -DHAVE_GETPEEREID=1 -DHAVE_GETLINE=1 -DHAVE_GETPROGNAME=1 -DHAVE_MEMMEM=1 -DHAVE_SETENV=1 -DHAVE_STRCASESTR=1 -DHAVE_STRLCAT=1 -DHAVE_STRLCPY=1 -DHAVE_STRNDUP=1 -DHAVE_STRSEP=1 -DHAVE_STRTONUM=1 -DHAVE_EVENT2_EVENT_H=1 -DHAVE_NCURSES_H=1 -DHAVE_TIPARM=1 -DHAVE_TIPARM_S=1 -DHAVE_UTF8PROC=1 -DHAVE_B64_NTOP=1 -DHAVE_JEMALLOC=1 -DHAVE_DAEMON=1 -DHAVE_FORKPTY=1 -DHAVE___PROGNAME=1 -DBROKEN___DEAD=1 -DBROKEN_CMSG_FIRSTHDR=1 -I.  -I/opt/homebrew/Cellar/jemalloc/5.4.0/include -I/opt/homebrew/Cellar/utf8proc/2.12.0/include -DUTF8PROC_EXPORTS -D_DARWIN_C_SOURCE -DNCURSES_WIDECHAR -I/opt/homebrew/Cellar/ncurses/6.6/include/ncursesw -I/opt/homebrew/Cellar/ncurses/6.6/include -I/opt/homebrew/Cellar/libevent/2.1.13/include -DTMUX_VERSION='"3.7c"' -DTMUX_CONF='"/etc/tmux.conf:~/.tmux.conf:$XDG_CONFIG_HOME/tmux/tmux.conf:~/.config/tmux/tmux.conf"' -DTMUX_LOCK_CMD='"lock -np"' -DTMUX_TERM='"tmux-256color"'  -iquote.        -std=gnu99 -O2       -MT environ.o -MD -MP -MF $depbase.Tpo -c -o environ.o environ.c &&\
	mv -f $depbase.Tpo $depbase.Po
depbase=`echo file.o | sed 's|[^/]*$|.deps/&|;s|\.o$||'`;\
	gcc -std=gnu23 -DPACKAGE_NAME=\"tmux\" -DPACKAGE_TARNAME=\"tmux\" -DPACKAGE_VERSION=\"3.7c\" -DPACKAGE_STRING=\"tmux\ 3.7c\" -DPACKAGE_BUGREPORT=\"\" -DPACKAGE_URL=\"\" -DPACKAGE=\"tmux\" -DVERSION=\"3.7c\" -DHAVE_STDIO_H=1 -DHAVE_STDLIB_H=1 -DHAVE_STRING_H=1 -DHAVE_INTTYPES_H=1 -DHAVE_STDINT_H=1 -DHAVE_STRINGS_H=1 -DHAVE_SYS_STAT_H=1 -DHAVE_SYS_TYPES_H=1 -DHAVE_UNISTD_H=1 -DHAVE_WCHAR_H=1 -DSTDC_HEADERS=1 -D_ALL_SOURCE=1 -D_COSMO_SOURCE=1 -D_DARWIN_C_SOURCE=1 -D_GNU_SOURCE=1 -D_HPUX_ALT_XOPEN_SOCKET_API=1 -D_NETBSD_SOURCE=1 -D_OPENBSD_SOURCE=1 -D_POSIX_PTHREAD_SEMANTICS=1 -D__STDC_WANT_IEC_60559_ATTRIBS_EXT__=1 -D__STDC_WANT_IEC_60559_BFP_EXT__=1 -D__STDC_WANT_IEC_60559_DFP_EXT__=1 -D__STDC_WANT_IEC_60559_EXT__=1 -D__STDC_WANT_IEC_60559_FUNCS_EXT__=1 -D__STDC_WANT_IEC_60559_TYPES_EXT__=1 -D__STDC_WANT_LIB_EXT2__=1 -D__STDC_WANT_MATH_SPEC_FUNCS__=1 -D_TANDEM_SOURCE=1 -D__EXTENSIONS__=1 -DHAVE_BITSTRING_H=1 -DHAVE_DIRENT_H=1 -DHAVE_FCNTL_H=1 -DHAVE_INTTYPES_H=1 -DHAVE_LIBPROC_H=1 -DHAVE_PATHS_H=1 -DHAVE_STDINT_H=1 -DHAVE_SYS_DIR_H=1 -DHAVE_UTIL_H=1 -DHAVE_SYS_SIGNAME=1 -DHAVE_LIBM=1 -DHAVE_DIRFD=1 -DHAVE_FLOCK=1 -DHAVE_PROC_PIDINFO=1 -DHAVE_SYSCONF=1 -DHAVE_ASPRINTF=1 -DHAVE_CFMAKERAW=1 -DHAVE_CLOCK_GETTIME=1 -DHAVE_FGETLN=1 -DHAVE_GETDTABLESIZE=1 -DHAVE_GETPEEREID=1 -DHAVE_GETLINE=1 -DHAVE_GETPROGNAME=1 -DHAVE_MEMMEM=1 -DHAVE_SETENV=1 -DHAVE_STRCASESTR=1 -DHAVE_STRLCAT=1 -DHAVE_STRLCPY=1 -DHAVE_STRNDUP=1 -DHAVE_STRSEP=1 -DHAVE_STRTONUM=1 -DHAVE_EVENT2_EVENT_H=1 -DHAVE_NCURSES_H=1 -DHAVE_TIPARM=1 -DHAVE_TIPARM_S=1 -DHAVE_UTF8PROC=1 -DHAVE_B64_NTOP=1 -DHAVE_JEMALLOC=1 -DHAVE_DAEMON=1 -DHAVE_FORKPTY=1 -DHAVE___PROGNAME=1 -DBROKEN___DEAD=1 -DBROKEN_CMSG_FIRSTHDR=1 -I.  -I/opt/homebrew/Cellar/jemalloc/5.4.0/include -I/opt/homebrew/Cellar/utf8proc/2.12.0/include -DUTF8PROC_EXPORTS -D_DARWIN_C_SOURCE -DNCURSES_WIDECHAR -I/opt/homebrew/Cellar/ncurses/6.6/include/ncursesw -I/opt/homebrew/Cellar/ncurses/6.6/include -I/opt/homebrew/Cellar/libevent/2.1.13/include -DTMUX_VERSION='"3.7c"' -DTMUX_CONF='"/etc/tmux.conf:~/.tmux.conf:$XDG_CONFIG_HOME/tmux/tmux.conf:~/.config/tmux/tmux.conf"' -DTMUX_LOCK_CMD='"lock -np"' -DTMUX_TERM='"tmux-256color"'  -iquote.        -std=gnu99 -O2       -MT file.o -MD -MP -MF $depbase.Tpo -c -o file.o file.c &&\
	mv -f $depbase.Tpo $depbase.Po
depbase=`echo format.o | sed 's|[^/]*$|.deps/&|;s|\.o$||'`;\
	gcc -std=gnu23 -DPACKAGE_NAME=\"tmux\" -DPACKAGE_TARNAME=\"tmux\" -DPACKAGE_VERSION=\"3.7c\" -DPACKAGE_STRING=\"tmux\ 3.7c\" -DPACKAGE_BUGREPORT=\"\" -DPACKAGE_URL=\"\" -DPACKAGE=\"tmux\" -DVERSION=\"3.7c\" -DHAVE_STDIO_H=1 -DHAVE_STDLIB_H=1 -DHAVE_STRING_H=1 -DHAVE_INTTYPES_H=1 -DHAVE_STDINT_H=1 -DHAVE_STRINGS_H=1 -DHAVE_SYS_STAT_H=1 -DHAVE_SYS_TYPES_H=1 -DHAVE_UNISTD_H=1 -DHAVE_WCHAR_H=1 -DSTDC_HEADERS=1 -D_ALL_SOURCE=1 -D_COSMO_SOURCE=1 -D_DARWIN_C_SOURCE=1 -D_GNU_SOURCE=1 -D_HPUX_ALT_XOPEN_SOCKET_API=1 -D_NETBSD_SOURCE=1 -D_OPENBSD_SOURCE=1 -D_POSIX_PTHREAD_SEMANTICS=1 -D__STDC_WANT_IEC_60559_ATTRIBS_EXT__=1 -D__STDC_WANT_IEC_60559_BFP_EXT__=1 -D__STDC_WANT_IEC_60559_DFP_EXT__=1 -D__STDC_WANT_IEC_60559_EXT__=1 -D__STDC_WANT_IEC_60559_FUNCS_EXT__=1 -D__STDC_WANT_IEC_60559_TYPES_EXT__=1 -D__STDC_WANT_LIB_EXT2__=1 -D__STDC_WANT_MATH_SPEC_FUNCS__=1 -D_TANDEM_SOURCE=1 -D__EXTENSIONS__=1 -DHAVE_BITSTRING_H=1 -DHAVE_DIRENT_H=1 -DHAVE_FCNTL_H=1 -DHAVE_INTTYPES_H=1 -DHAVE_LIBPROC_H=1 -DHAVE_PATHS_H=1 -DHAVE_STDINT_H=1 -DHAVE_SYS_DIR_H=1 -DHAVE_UTIL_H=1 -DHAVE_SYS_SIGNAME=1 -DHAVE_LIBM=1 -DHAVE_DIRFD=1 -DHAVE_FLOCK=1 -DHAVE_PROC_PIDINFO=1 -DHAVE_SYSCONF=1 -DHAVE_ASPRINTF=1 -DHAVE_CFMAKERAW=1 -DHAVE_CLOCK_GETTIME=1 -DHAVE_FGETLN=1 -DHAVE_GETDTABLESIZE=1 -DHAVE_GETPEEREID=1 -DHAVE_GETLINE=1 -DHAVE_GETPROGNAME=1 -DHAVE_MEMMEM=1 -DHAVE_SETENV=1 -DHAVE_STRCASESTR=1 -DHAVE_STRLCAT=1 -DHAVE_STRLCPY=1 -DHAVE_STRNDUP=1 -DHAVE_STRSEP=1 -DHAVE_STRTONUM=1 -DHAVE_EVENT2_EVENT_H=1 -DHAVE_NCURSES_H=1 -DHAVE_TIPARM=1 -DHAVE_TIPARM_S=1 -DHAVE_UTF8PROC=1 -DHAVE_B64_NTOP=1 -DHAVE_JEMALLOC=1 -DHAVE_DAEMON=1 -DHAVE_FORKPTY=1 -DHAVE___PROGNAME=1 -DBROKEN___DEAD=1 -DBROKEN_CMSG_FIRSTHDR=1 -I.  -I/opt/homebrew/Cellar/jemalloc/5.4.0/include -I/opt/homebrew/Cellar/utf8proc/2.12.0/include -DUTF8PROC_EXPORTS -D_DARWIN_C_SOURCE -DNCURSES_WIDECHAR -I/opt/homebrew/Cellar/ncurses/6.6/include/ncursesw -I/opt/homebrew/Cellar/ncurses/6.6/include -I/opt/homebrew/Cellar/libevent/2.1.13/include -DTMUX_VERSION='"3.7c"' -DTMUX_CONF='"/etc/tmux.conf:~/.tmux.conf:$XDG_CONFIG_HOME/tmux/tmux.conf:~/.config/tmux/tmux.conf"' -DTMUX_LOCK_CMD='"lock -np"' -DTMUX_TERM='"tmux-256color"'  -iquote.        -std=gnu99 -O2       -MT format.o -MD -MP -MF $depbase.Tpo -c -o format.o format.c &&\
	mv -f $depbase.Tpo $depbase.Po
depbase=`echo format-draw.o | sed 's|[^/]*$|.deps/&|;s|\.o$||'`;\
	gcc -std=gnu23 -DPACKAGE_NAME=\"tmux\" -DPACKAGE_TARNAME=\"tmux\" -DPACKAGE_VERSION=\"3.7c\" -DPACKAGE_STRING=\"tmux\ 3.7c\" -DPACKAGE_BUGREPORT=\"\" -DPACKAGE_URL=\"\" -DPACKAGE=\"tmux\" -DVERSION=\"3.7c\" -DHAVE_STDIO_H=1 -DHAVE_STDLIB_H=1 -DHAVE_STRING_H=1 -DHAVE_INTTYPES_H=1 -DHAVE_STDINT_H=1 -DHAVE_STRINGS_H=1 -DHAVE_SYS_STAT_H=1 -DHAVE_SYS_TYPES_H=1 -DHAVE_UNISTD_H=1 -DHAVE_WCHAR_H=1 -DSTDC_HEADERS=1 -D_ALL_SOURCE=1 -D_COSMO_SOURCE=1 -D_DARWIN_C_SOURCE=1 -D_GNU_SOURCE=1 -D_HPUX_ALT_XOPEN_SOCKET_API=1 -D_NETBSD_SOURCE=1 -D_OPENBSD_SOURCE=1 -D_POSIX_PTHREAD_SEMANTICS=1 -D__STDC_WANT_IEC_60559_ATTRIBS_EXT__=1 -D__STDC_WANT_IEC_60559_BFP_EXT__=1 -D__STDC_WANT_IEC_60559_DFP_EXT__=1 -D__STDC_WANT_IEC_60559_EXT__=1 -D__STDC_WANT_IEC_60559_FUNCS_EXT__=1 -D__STDC_WANT_IEC_60559_TYPES_EXT__=1 -D__STDC_WANT_LIB_EXT2__=1 -D__STDC_WANT_MATH_SPEC_FUNCS__=1 -D_TANDEM_SOURCE=1 -D__EXTENSIONS__=1 -DHAVE_BITSTRING_H=1 -DHAVE_DIRENT_H=1 -DHAVE_FCNTL_H=1 -DHAVE_INTTYPES_H=1 -DHAVE_LIBPROC_H=1 -DHAVE_PATHS_H=1 -DHAVE_STDINT_H=1 -DHAVE_SYS_DIR_H=1 -DHAVE_UTIL_H=1 -DHAVE_SYS_SIGNAME=1 -DHAVE_LIBM=1 -DHAVE_DIRFD=1 -DHAVE_FLOCK=1 -DHAVE_PROC_PIDINFO=1 -DHAVE_SYSCONF=1 -DHAVE_ASPRINTF=1 -DHAVE_CFMAKERAW=1 -DHAVE_CLOCK_GETTIME=1 -DHAVE_FGETLN=1 -DHAVE_GETDTABLESIZE=1 -DHAVE_GETPEEREID=1 -DHAVE_GETLINE=1 -DHAVE_GETPROGNAME=1 -DHAVE_MEMMEM=1 -DHAVE_SETENV=1 -DHAVE_STRCASESTR=1 -DHAVE_STRLCAT=1 -DHAVE_STRLCPY=1 -DHAVE_STRNDUP=1 -DHAVE_STRSEP=1 -DHAVE_STRTONUM=1 -DHAVE_EVENT2_EVENT_H=1 -DHAVE_NCURSES_H=1 -DHAVE_TIPARM=1 -DHAVE_TIPARM_S=1 -DHAVE_UTF8PROC=1 -DHAVE_B64_NTOP=1 -DHAVE_JEMALLOC=1 -DHAVE_DAEMON=1 -DHAVE_FORKPTY=1 -DHAVE___PROGNAME=1 -DBROKEN___DEAD=1 -DBROKEN_CMSG_FIRSTHDR=1 -I.  -I/opt/homebrew/Cellar/jemalloc/5.4.0/include -I/opt/homebrew/Cellar/utf8proc/2.12.0/include -DUTF8PROC_EXPORTS -D_DARWIN_C_SOURCE -DNCURSES_WIDECHAR -I/opt/homebrew/Cellar/ncurses/6.6/include/ncursesw -I/opt/homebrew/Cellar/ncurses/6.6/include -I/opt/homebrew/Cellar/libevent/2.1.13/include -DTMUX_VERSION='"3.7c"' -DTMUX_CONF='"/etc/tmux.conf:~/.tmux.conf:$XDG_CONFIG_HOME/tmux/tmux.conf:~/.config/tmux/tmux.conf"' -DTMUX_LOCK_CMD='"lock -np"' -DTMUX_TERM='"tmux-256color"'  -iquote.        -std=gnu99 -O2       -MT format-draw.o -MD -MP -MF $depbase.Tpo -c -o format-draw.o format-draw.c &&\
	mv -f $depbase.Tpo $depbase.Po
format.c:4674:24: warning: passing 'int *' to parameter of type 'u_int *' (aka 'unsigned int *') converts between pointers to integer types with different sign [-Wpointer-sign]
 4674 |         l = sort_get_sessions(&n, sc);
      |                               ^~
./tmux.h:2476:44: note: passing argument to parameter here
 2476 | struct session          **sort_get_sessions(u_int *, struct sort_criteria *);
      |                                                    ^
format.c:4790:39: warning: passing 'int *' to parameter of type 'u_int *' (aka 'unsigned int *') converts between pointers to integer types with different sign [-Wpointer-sign]
 4790 |         l = sort_get_winlinks_session(ft->s, &n, sc);
      |                                              ^~
./tmux.h:2483:70: note: passing argument to parameter here
 2483 | struct winlink          **sort_get_winlinks_session(struct session *, u_int *,
      |                                                                              ^
format.c:4861:35: warning: passing 'int *' to parameter of type 'u_int *' (aka 'unsigned int *') converts between pointers to integer types with different sign [-Wpointer-sign]
 4861 |         l = sort_get_panes_window(ft->w, &n, sc);
      |                                          ^~
./tmux.h:2480:68: note: passing argument to parameter here
 2480 | struct window_pane      **sort_get_panes_window(struct window *, u_int *,
      |                                                                         ^
format.c:4909:23: warning: passing 'int *' to parameter of type 'u_int *' (aka 'unsigned int *') converts between pointers to integer types with different sign [-Wpointer-sign]
 4909 |         l = sort_get_clients(&n, sc);
      |                              ^~
./tmux.h:2475:42: note: passing argument to parameter here
 2475 | struct client           **sort_get_clients(u_int *, struct sort_criteria *);
      |                                                   ^
depbase=`echo grid-reader.o | sed 's|[^/]*$|.deps/&|;s|\.o$||'`;\
	gcc -std=gnu23 -DPACKAGE_NAME=\"tmux\" -DPACKAGE_TARNAME=\"tmux\" -DPACKAGE_VERSION=\"3.7c\" -DPACKAGE_STRING=\"tmux\ 3.7c\" -DPACKAGE_BUGREPORT=\"\" -DPACKAGE_URL=\"\" -DPACKAGE=\"tmux\" -DVERSION=\"3.7c\" -DHAVE_STDIO_H=1 -DHAVE_STDLIB_H=1 -DHAVE_STRING_H=1 -DHAVE_INTTYPES_H=1 -DHAVE_STDINT_H=1 -DHAVE_STRINGS_H=1 -DHAVE_SYS_STAT_H=1 -DHAVE_SYS_TYPES_H=1 -DHAVE_UNISTD_H=1 -DHAVE_WCHAR_H=1 -DSTDC_HEADERS=1 -D_ALL_SOURCE=1 -D_COSMO_SOURCE=1 -D_DARWIN_C_SOURCE=1 -D_GNU_SOURCE=1 -D_HPUX_ALT_XOPEN_SOCKET_API=1 -D_NETBSD_SOURCE=1 -D_OPENBSD_SOURCE=1 -D_POSIX_PTHREAD_SEMANTICS=1 -D__STDC_WANT_IEC_60559_ATTRIBS_EXT__=1 -D__STDC_WANT_IEC_60559_BFP_EXT__=1 -D__STDC_WANT_IEC_60559_DFP_EXT__=1 -D__STDC_WANT_IEC_60559_EXT__=1 -D__STDC_WANT_IEC_60559_FUNCS_EXT__=1 -D__STDC_WANT_IEC_60559_TYPES_EXT__=1 -D__STDC_WANT_LIB_EXT2__=1 -D__STDC_WANT_MATH_SPEC_FUNCS__=1 -D_TANDEM_SOURCE=1 -D__EXTENSIONS__=1 -DHAVE_BITSTRING_H=1 -DHAVE_DIRENT_H=1 -DHAVE_FCNTL_H=1 -DHAVE_INTTYPES_H=1 -DHAVE_LIBPROC_H=1 -DHAVE_PATHS_H=1 -DHAVE_STDINT_H=1 -DHAVE_SYS_DIR_H=1 -DHAVE_UTIL_H=1 -DHAVE_SYS_SIGNAME=1 -DHAVE_LIBM=1 -DHAVE_DIRFD=1 -DHAVE_FLOCK=1 -DHAVE_PROC_PIDINFO=1 -DHAVE_SYSCONF=1 -DHAVE_ASPRINTF=1 -DHAVE_CFMAKERAW=1 -DHAVE_CLOCK_GETTIME=1 -DHAVE_FGETLN=1 -DHAVE_GETDTABLESIZE=1 -DHAVE_GETPEEREID=1 -DHAVE_GETLINE=1 -DHAVE_GETPROGNAME=1 -DHAVE_MEMMEM=1 -DHAVE_SETENV=1 -DHAVE_STRCASESTR=1 -DHAVE_STRLCAT=1 -DHAVE_STRLCPY=1 -DHAVE_STRNDUP=1 -DHAVE_STRSEP=1 -DHAVE_STRTONUM=1 -DHAVE_EVENT2_EVENT_H=1 -DHAVE_NCURSES_H=1 -DHAVE_TIPARM=1 -DHAVE_TIPARM_S=1 -DHAVE_UTF8PROC=1 -DHAVE_B64_NTOP=1 -DHAVE_JEMALLOC=1 -DHAVE_DAEMON=1 -DHAVE_FORKPTY=1 -DHAVE___PROGNAME=1 -DBROKEN___DEAD=1 -DBROKEN_CMSG_FIRSTHDR=1 -I.  -I/opt/homebrew/Cellar/jemalloc/5.4.0/include -I/opt/homebrew/Cellar/utf8proc/2.12.0/include -DUTF8PROC_EXPORTS -D_DARWIN_C_SOURCE -DNCURSES_WIDECHAR -I/opt/homebrew/Cellar/ncurses/6.6/include/ncursesw -I/opt/homebrew/Cellar/ncurses/6.6/include -I/opt/homebrew/Cellar/libevent/2.1.13/include -DTMUX_VERSION='"3.7c"' -DTMUX_CONF='"/etc/tmux.conf:~/.tmux.conf:$XDG_CONFIG_HOME/tmux/tmux.conf:~/.config/tmux/tmux.conf"' -DTMUX_LOCK_CMD='"lock -np"' -DTMUX_TERM='"tmux-256color"'  -iquote.        -std=gnu99 -O2       -MT grid-reader.o -MD -MP -MF $depbase.Tpo -c -o grid-reader.o grid-reader.c &&\
	mv -f $depbase.Tpo $depbase.Po
depbase=`echo grid-view.o | sed 's|[^/]*$|.deps/&|;s|\.o$||'`;\
	gcc -std=gnu23 -DPACKAGE_NAME=\"tmux\" -DPACKAGE_TARNAME=\"tmux\" -DPACKAGE_VERSION=\"3.7c\" -DPACKAGE_STRING=\"tmux\ 3.7c\" -DPACKAGE_BUGREPORT=\"\" -DPACKAGE_URL=\"\" -DPACKAGE=\"tmux\" -DVERSION=\"3.7c\" -DHAVE_STDIO_H=1 -DHAVE_STDLIB_H=1 -DHAVE_STRING_H=1 -DHAVE_INTTYPES_H=1 -DHAVE_STDINT_H=1 -DHAVE_STRINGS_H=1 -DHAVE_SYS_STAT_H=1 -DHAVE_SYS_TYPES_H=1 -DHAVE_UNISTD_H=1 -DHAVE_WCHAR_H=1 -DSTDC_HEADERS=1 -D_ALL_SOURCE=1 -D_COSMO_SOURCE=1 -D_DARWIN_C_SOURCE=1 -D_GNU_SOURCE=1 -D_HPUX_ALT_XOPEN_SOCKET_API=1 -D_NETBSD_SOURCE=1 -D_OPENBSD_SOURCE=1 -D_POSIX_PTHREAD_SEMANTICS=1 -D__STDC_WANT_IEC_60559_ATTRIBS_EXT__=1 -D__STDC_WANT_IEC_60559_BFP_EXT__=1 -D__STDC_WANT_IEC_60559_DFP_EXT__=1 -D__STDC_WANT_IEC_60559_EXT__=1 -D__STDC_WANT_IEC_60559_FUNCS_EXT__=1 -D__STDC_WANT_IEC_60559_TYPES_EXT__=1 -D__STDC_WANT_LIB_EXT2__=1 -D__STDC_WANT_MATH_SPEC_FUNCS__=1 -D_TANDEM_SOURCE=1 -D__EXTENSIONS__=1 -DHAVE_BITSTRING_H=1 -DHAVE_DIRENT_H=1 -DHAVE_FCNTL_H=1 -DHAVE_INTTYPES_H=1 -DHAVE_LIBPROC_H=1 -DHAVE_PATHS_H=1 -DHAVE_STDINT_H=1 -DHAVE_SYS_DIR_H=1 -DHAVE_UTIL_H=1 -DHAVE_SYS_SIGNAME=1 -DHAVE_LIBM=1 -DHAVE_DIRFD=1 -DHAVE_FLOCK=1 -DHAVE_PROC_PIDINFO=1 -DHAVE_SYSCONF=1 -DHAVE_ASPRINTF=1 -DHAVE_CFMAKERAW=1 -DHAVE_CLOCK_GETTIME=1 -DHAVE_FGETLN=1 -DHAVE_GETDTABLESIZE=1 -DHAVE_GETPEEREID=1 -DHAVE_GETLINE=1 -DHAVE_GETPROGNAME=1 -DHAVE_MEMMEM=1 -DHAVE_SETENV=1 -DHAVE_STRCASESTR=1 -DHAVE_STRLCAT=1 -DHAVE_STRLCPY=1 -DHAVE_STRNDUP=1 -DHAVE_STRSEP=1 -DHAVE_STRTONUM=1 -DHAVE_EVENT2_EVENT_H=1 -DHAVE_NCURSES_H=1 -DHAVE_TIPARM=1 -DHAVE_TIPARM_S=1 -DHAVE_UTF8PROC=1 -DHAVE_B64_NTOP=1 -DHAVE_JEMALLOC=1 -DHAVE_DAEMON=1 -DHAVE_FORKPTY=1 -DHAVE___PROGNAME=1 -DBROKEN___DEAD=1 -DBROKEN_CMSG_FIRSTHDR=1 -I.  -I/opt/homebrew/Cellar/jemalloc/5.4.0/include -I/opt/homebrew/Cellar/utf8proc/2.12.0/include -DUTF8PROC_EXPORTS -D_DARWIN_C_SOURCE -DNCURSES_WIDECHAR -I/opt/homebrew/Cellar/ncurses/6.6/include/ncursesw -I/opt/homebrew/Cellar/ncurses/6.6/include -I/opt/homebrew/Cellar/libevent/2.1.13/include -DTMUX_VERSION='"3.7c"' -DTMUX_CONF='"/etc/tmux.conf:~/.tmux.conf:$XDG_CONFIG_HOME/tmux/tmux.conf:~/.config/tmux/tmux.conf"' -DTMUX_LOCK_CMD='"lock -np"' -DTMUX_TERM='"tmux-256color"'  -iquote.        -std=gnu99 -O2       -MT grid-view.o -MD -MP -MF $depbase.Tpo -c -o grid-view.o grid-view.c &&\
	mv -f $depbase.Tpo $depbase.Po
depbase=`echo grid.o | sed 's|[^/]*$|.deps/&|;s|\.o$||'`;\
	gcc -std=gnu23 -DPACKAGE_NAME=\"tmux\" -DPACKAGE_TARNAME=\"tmux\" -DPACKAGE_VERSION=\"3.7c\" -DPACKAGE_STRING=\"tmux\ 3.7c\" -DPACKAGE_BUGREPORT=\"\" -DPACKAGE_URL=\"\" -DPACKAGE=\"tmux\" -DVERSION=\"3.7c\" -DHAVE_STDIO_H=1 -DHAVE_STDLIB_H=1 -DHAVE_STRING_H=1 -DHAVE_INTTYPES_H=1 -DHAVE_STDINT_H=1 -DHAVE_STRINGS_H=1 -DHAVE_SYS_STAT_H=1 -DHAVE_SYS_TYPES_H=1 -DHAVE_UNISTD_H=1 -DHAVE_WCHAR_H=1 -DSTDC_HEADERS=1 -D_ALL_SOURCE=1 -D_COSMO_SOURCE=1 -D_DARWIN_C_SOURCE=1 -D_GNU_SOURCE=1 -D_HPUX_ALT_XOPEN_SOCKET_API=1 -D_NETBSD_SOURCE=1 -D_OPENBSD_SOURCE=1 -D_POSIX_PTHREAD_SEMANTICS=1 -D__STDC_WANT_IEC_60559_ATTRIBS_EXT__=1 -D__STDC_WANT_IEC_60559_BFP_EXT__=1 -D__STDC_WANT_IEC_60559_DFP_EXT__=1 -D__STDC_WANT_IEC_60559_EXT__=1 -D__STDC_WANT_IEC_60559_FUNCS_EXT__=1 -D__STDC_WANT_IEC_60559_TYPES_EXT__=1 -D__STDC_WANT_LIB_EXT2__=1 -D__STDC_WANT_MATH_SPEC_FUNCS__=1 -D_TANDEM_SOURCE=1 -D__EXTENSIONS__=1 -DHAVE_BITSTRING_H=1 -DHAVE_DIRENT_H=1 -DHAVE_FCNTL_H=1 -DHAVE_INTTYPES_H=1 -DHAVE_LIBPROC_H=1 -DHAVE_PATHS_H=1 -DHAVE_STDINT_H=1 -DHAVE_SYS_DIR_H=1 -DHAVE_UTIL_H=1 -DHAVE_SYS_SIGNAME=1 -DHAVE_LIBM=1 -DHAVE_DIRFD=1 -DHAVE_FLOCK=1 -DHAVE_PROC_PIDINFO=1 -DHAVE_SYSCONF=1 -DHAVE_ASPRINTF=1 -DHAVE_CFMAKERAW=1 -DHAVE_CLOCK_GETTIME=1 -DHAVE_FGETLN=1 -DHAVE_GETDTABLESIZE=1 -DHAVE_GETPEEREID=1 -DHAVE_GETLINE=1 -DHAVE_GETPROGNAME=1 -DHAVE_MEMMEM=1 -DHAVE_SETENV=1 -DHAVE_STRCASESTR=1 -DHAVE_STRLCAT=1 -DHAVE_STRLCPY=1 -DHAVE_STRNDUP=1 -DHAVE_STRSEP=1 -DHAVE_STRTONUM=1 -DHAVE_EVENT2_EVENT_H=1 -DHAVE_NCURSES_H=1 -DHAVE_TIPARM=1 -DHAVE_TIPARM_S=1 -DHAVE_UTF8PROC=1 -DHAVE_B64_NTOP=1 -DHAVE_JEMALLOC=1 -DHAVE_DAEMON=1 -DHAVE_FORKPTY=1 -DHAVE___PROGNAME=1 -DBROKEN___DEAD=1 -DBROKEN_CMSG_FIRSTHDR=1 -I.  -I/opt/homebrew/Cellar/jemalloc/5.4.0/include -I/opt/homebrew/Cellar/utf8proc/2.12.0/include -DUTF8PROC_EXPORTS -D_DARWIN_C_SOURCE -DNCURSES_WIDECHAR -I/opt/homebrew/Cellar/ncurses/6.6/include/ncursesw -I/opt/homebrew/Cellar/ncurses/6.6/include -I/opt/homebrew/Cellar/libevent/2.1.13/include -DTMUX_VERSION='"3.7c"' -DTMUX_CONF='"/etc/tmux.conf:~/.tmux.conf:$XDG_CONFIG_HOME/tmux/tmux.conf:~/.config/tmux/tmux.conf"' -DTMUX_LOCK_CMD='"lock -np"' -DTMUX_TERM='"tmux-256color"'  -iquote.        -std=gnu99 -O2       -MT grid.o -MD -MP -MF $depbase.Tpo -c -o grid.o grid.c &&\
	mv -f $depbase.Tpo $depbase.Po
4 warnings generated.
depbase=`echo hyperlinks.o | sed 's|[^/]*$|.deps/&|;s|\.o$||'`;\
	gcc -std=gnu23 -DPACKAGE_NAME=\"tmux\" -DPACKAGE_TARNAME=\"tmux\" -DPACKAGE_VERSION=\"3.7c\" -DPACKAGE_STRING=\"tmux\ 3.7c\" -DPACKAGE_BUGREPORT=\"\" -DPACKAGE_URL=\"\" -DPACKAGE=\"tmux\" -DVERSION=\"3.7c\" -DHAVE_STDIO_H=1 -DHAVE_STDLIB_H=1 -DHAVE_STRING_H=1 -DHAVE_INTTYPES_H=1 -DHAVE_STDINT_H=1 -DHAVE_STRINGS_H=1 -DHAVE_SYS_STAT_H=1 -DHAVE_SYS_TYPES_H=1 -DHAVE_UNISTD_H=1 -DHAVE_WCHAR_H=1 -DSTDC_HEADERS=1 -D_ALL_SOURCE=1 -D_COSMO_SOURCE=1 -D_DARWIN_C_SOURCE=1 -D_GNU_SOURCE=1 -D_HPUX_ALT_XOPEN_SOCKET_API=1 -D_NETBSD_SOURCE=1 -D_OPENBSD_SOURCE=1 -D_POSIX_PTHREAD_SEMANTICS=1 -D__STDC_WANT_IEC_60559_ATTRIBS_EXT__=1 -D__STDC_WANT_IEC_60559_BFP_EXT__=1 -D__STDC_WANT_IEC_60559_DFP_EXT__=1 -D__STDC_WANT_IEC_60559_EXT__=1 -D__STDC_WANT_IEC_60559_FUNCS_EXT__=1 -D__STDC_WANT_IEC_60559_TYPES_EXT__=1 -D__STDC_WANT_LIB_EXT2__=1 -D__STDC_WANT_MATH_SPEC_FUNCS__=1 -D_TANDEM_SOURCE=1 -D__EXTENSIONS__=1 -DHAVE_BITSTRING_H=1 -DHAVE_DIRENT_H=1 -DHAVE_FCNTL_H=1 -DHAVE_INTTYPES_H=1 -DHAVE_LIBPROC_H=1 -DHAVE_PATHS_H=1 -DHAVE_STDINT_H=1 -DHAVE_SYS_DIR_H=1 -DHAVE_UTIL_H=1 -DHAVE_SYS_SIGNAME=1 -DHAVE_LIBM=1 -DHAVE_DIRFD=1 -DHAVE_FLOCK=1 -DHAVE_PROC_PIDINFO=1 -DHAVE_SYSCONF=1 -DHAVE_ASPRINTF=1 -DHAVE_CFMAKERAW=1 -DHAVE_CLOCK_GETTIME=1 -DHAVE_FGETLN=1 -DHAVE_GETDTABLESIZE=1 -DHAVE_GETPEEREID=1 -DHAVE_GETLINE=1 -DHAVE_GETPROGNAME=1 -DHAVE_MEMMEM=1 -DHAVE_SETENV=1 -DHAVE_STRCASESTR=1 -DHAVE_STRLCAT=1 -DHAVE_STRLCPY=1 -DHAVE_STRNDUP=1 -DHAVE_STRSEP=1 -DHAVE_STRTONUM=1 -DHAVE_EVENT2_EVENT_H=1 -DHAVE_NCURSES_H=1 -DHAVE_TIPARM=1 -DHAVE_TIPARM_S=1 -DHAVE_UTF8PROC=1 -DHAVE_B64_NTOP=1 -DHAVE_JEMALLOC=1 -DHAVE_DAEMON=1 -DHAVE_FORKPTY=1 -DHAVE___PROGNAME=1 -DBROKEN___DEAD=1 -DBROKEN_CMSG_FIRSTHDR=1 -I.  -I/opt/homebrew/Cellar/jemalloc/5.4.0/include -I/opt/homebrew/Cellar/utf8proc/2.12.0/include -DUTF8PROC_EXPORTS -D_DARWIN_C_SOURCE -DNCURSES_WIDECHAR -I/opt/homebrew/Cellar/ncurses/6.6/include/ncursesw -I/opt/homebrew/Cellar/ncurses/6.6/include -I/opt/homebrew/Cellar/libevent/2.1.13/include -DTMUX_VERSION='"3.7c"' -DTMUX_CONF='"/etc/tmux.conf:~/.tmux.conf:$XDG_CONFIG_HOME/tmux/tmux.conf:~/.config/tmux/tmux.conf"' -DTMUX_LOCK_CMD='"lock -np"' -DTMUX_TERM='"tmux-256color"'  -iquote.        -std=gnu99 -O2       -MT hyperlinks.o -MD -MP -MF $depbase.Tpo -c -o hyperlinks.o hyperlinks.c &&\
	mv -f $depbase.Tpo $depbase.Po
grid.c:1140:9: warning: assigning to 'const char *' from 'u_char[32]' (aka 'unsigned char[32]') converts between pointers to integer types where one is of the unique plain 'char' type and the other is not [-Wpointer-sign]
 1140 |                         data = gc.data.data;
      |                              ^ ~~~~~~~~~~~~
depbase=`echo input-keys.o | sed 's|[^/]*$|.deps/&|;s|\.o$||'`;\
	gcc -std=gnu23 -DPACKAGE_NAME=\"tmux\" -DPACKAGE_TARNAME=\"tmux\" -DPACKAGE_VERSION=\"3.7c\" -DPACKAGE_STRING=\"tmux\ 3.7c\" -DPACKAGE_BUGREPORT=\"\" -DPACKAGE_URL=\"\" -DPACKAGE=\"tmux\" -DVERSION=\"3.7c\" -DHAVE_STDIO_H=1 -DHAVE_STDLIB_H=1 -DHAVE_STRING_H=1 -DHAVE_INTTYPES_H=1 -DHAVE_STDINT_H=1 -DHAVE_STRINGS_H=1 -DHAVE_SYS_STAT_H=1 -DHAVE_SYS_TYPES_H=1 -DHAVE_UNISTD_H=1 -DHAVE_WCHAR_H=1 -DSTDC_HEADERS=1 -D_ALL_SOURCE=1 -D_COSMO_SOURCE=1 -D_DARWIN_C_SOURCE=1 -D_GNU_SOURCE=1 -D_HPUX_ALT_XOPEN_SOCKET_API=1 -D_NETBSD_SOURCE=1 -D_OPENBSD_SOURCE=1 -D_POSIX_PTHREAD_SEMANTICS=1 -D__STDC_WANT_IEC_60559_ATTRIBS_EXT__=1 -D__STDC_WANT_IEC_60559_BFP_EXT__=1 -D__STDC_WANT_IEC_60559_DFP_EXT__=1 -D__STDC_WANT_IEC_60559_EXT__=1 -D__STDC_WANT_IEC_60559_FUNCS_EXT__=1 -D__STDC_WANT_IEC_60559_TYPES_EXT__=1 -D__STDC_WANT_LIB_EXT2__=1 -D__STDC_WANT_MATH_SPEC_FUNCS__=1 -D_TANDEM_SOURCE=1 -D__EXTENSIONS__=1 -DHAVE_BITSTRING_H=1 -DHAVE_DIRENT_H=1 -DHAVE_FCNTL_H=1 -DHAVE_INTTYPES_H=1 -DHAVE_LIBPROC_H=1 -DHAVE_PATHS_H=1 -DHAVE_STDINT_H=1 -DHAVE_SYS_DIR_H=1 -DHAVE_UTIL_H=1 -DHAVE_SYS_SIGNAME=1 -DHAVE_LIBM=1 -DHAVE_DIRFD=1 -DHAVE_FLOCK=1 -DHAVE_PROC_PIDINFO=1 -DHAVE_SYSCONF=1 -DHAVE_ASPRINTF=1 -DHAVE_CFMAKERAW=1 -DHAVE_CLOCK_GETTIME=1 -DHAVE_FGETLN=1 -DHAVE_GETDTABLESIZE=1 -DHAVE_GETPEEREID=1 -DHAVE_GETLINE=1 -DHAVE_GETPROGNAME=1 -DHAVE_MEMMEM=1 -DHAVE_SETENV=1 -DHAVE_STRCASESTR=1 -DHAVE_STRLCAT=1 -DHAVE_STRLCPY=1 -DHAVE_STRNDUP=1 -DHAVE_STRSEP=1 -DHAVE_STRTONUM=1 -DHAVE_EVENT2_EVENT_H=1 -DHAVE_NCURSES_H=1 -DHAVE_TIPARM=1 -DHAVE_TIPARM_S=1 -DHAVE_UTF8PROC=1 -DHAVE_B64_NTOP=1 -DHAVE_JEMALLOC=1 -DHAVE_DAEMON=1 -DHAVE_FORKPTY=1 -DHAVE___PROGNAME=1 -DBROKEN___DEAD=1 -DBROKEN_CMSG_FIRSTHDR=1 -I.  -I/opt/homebrew/Cellar/jemalloc/5.4.0/include -I/opt/homebrew/Cellar/utf8proc/2.12.0/include -DUTF8PROC_EXPORTS -D_DARWIN_C_SOURCE -DNCURSES_WIDECHAR -I/opt/homebrew/Cellar/ncurses/6.6/include/ncursesw -I/opt/homebrew/Cellar/ncurses/6.6/include -I/opt/homebrew/Cellar/libevent/2.1.13/include -DTMUX_VERSION='"3.7c"' -DTMUX_CONF='"/etc/tmux.conf:~/.tmux.conf:$XDG_CONFIG_HOME/tmux/tmux.conf:~/.config/tmux/tmux.conf"' -DTMUX_LOCK_CMD='"lock -np"' -DTMUX_TERM='"tmux-256color"'  -iquote.        -std=gnu99 -O2       -MT input-keys.o -MD -MP -MF $depbase.Tpo -c -o input-keys.o input-keys.c &&\
	mv -f $depbase.Tpo $depbase.Po
1 warning generated.
depbase=`echo input.o | sed 's|[^/]*$|.deps/&|;s|\.o$||'`;\
	gcc -std=gnu23 -DPACKAGE_NAME=\"tmux\" -DPACKAGE_TARNAME=\"tmux\" -DPACKAGE_VERSION=\"3.7c\" -DPACKAGE_STRING=\"tmux\ 3.7c\" -DPACKAGE_BUGREPORT=\"\" -DPACKAGE_URL=\"\" -DPACKAGE=\"tmux\" -DVERSION=\"3.7c\" -DHAVE_STDIO_H=1 -DHAVE_STDLIB_H=1 -DHAVE_STRING_H=1 -DHAVE_INTTYPES_H=1 -DHAVE_STDINT_H=1 -DHAVE_STRINGS_H=1 -DHAVE_SYS_STAT_H=1 -DHAVE_SYS_TYPES_H=1 -DHAVE_UNISTD_H=1 -DHAVE_WCHAR_H=1 -DSTDC_HEADERS=1 -D_ALL_SOURCE=1 -D_COSMO_SOURCE=1 -D_DARWIN_C_SOURCE=1 -D_GNU_SOURCE=1 -D_HPUX_ALT_XOPEN_SOCKET_API=1 -D_NETBSD_SOURCE=1 -D_OPENBSD_SOURCE=1 -D_POSIX_PTHREAD_SEMANTICS=1 -D__STDC_WANT_IEC_60559_ATTRIBS_EXT__=1 -D__STDC_WANT_IEC_60559_BFP_EXT__=1 -D__STDC_WANT_IEC_60559_DFP_EXT__=1 -D__STDC_WANT_IEC_60559_EXT__=1 -D__STDC_WANT_IEC_60559_FUNCS_EXT__=1 -D__STDC_WANT_IEC_60559_TYPES_EXT__=1 -D__STDC_WANT_LIB_EXT2__=1 -D__STDC_WANT_MATH_SPEC_FUNCS__=1 -D_TANDEM_SOURCE=1 -D__EXTENSIONS__=1 -DHAVE_BITSTRING_H=1 -DHAVE_DIRENT_H=1 -DHAVE_FCNTL_H=1 -DHAVE_INTTYPES_H=1 -DHAVE_LIBPROC_H=1 -DHAVE_PATHS_H=1 -DHAVE_STDINT_H=1 -DHAVE_SYS_DIR_H=1 -DHAVE_UTIL_H=1 -DHAVE_SYS_SIGNAME=1 -DHAVE_LIBM=1 -DHAVE_DIRFD=1 -DHAVE_FLOCK=1 -DHAVE_PROC_PIDINFO=1 -DHAVE_SYSCONF=1 -DHAVE_ASPRINTF=1 -DHAVE_CFMAKERAW=1 -DHAVE_CLOCK_GETTIME=1 -DHAVE_FGETLN=1 -DHAVE_GETDTABLESIZE=1 -DHAVE_GETPEEREID=1 -DHAVE_GETLINE=1 -DHAVE_GETPROGNAME=1 -DHAVE_MEMMEM=1 -DHAVE_SETENV=1 -DHAVE_STRCASESTR=1 -DHAVE_STRLCAT=1 -DHAVE_STRLCPY=1 -DHAVE_STRNDUP=1 -DHAVE_STRSEP=1 -DHAVE_STRTONUM=1 -DHAVE_EVENT2_EVENT_H=1 -DHAVE_NCURSES_H=1 -DHAVE_TIPARM=1 -DHAVE_TIPARM_S=1 -DHAVE_UTF8PROC=1 -DHAVE_B64_NTOP=1 -DHAVE_JEMALLOC=1 -DHAVE_DAEMON=1 -DHAVE_FORKPTY=1 -DHAVE___PROGNAME=1 -DBROKEN___DEAD=1 -DBROKEN_CMSG_FIRSTHDR=1 -I.  -I/opt/homebrew/Cellar/jemalloc/5.4.0/include -I/opt/homebrew/Cellar/utf8proc/2.12.0/include -DUTF8PROC_EXPORTS -D_DARWIN_C_SOURCE -DNCURSES_WIDECHAR -I/opt/homebrew/Cellar/ncurses/6.6/include/ncursesw -I/opt/homebrew/Cellar/ncurses/6.6/include -I/opt/homebrew/Cellar/libevent/2.1.13/include -DTMUX_VERSION='"3.7c"' -DTMUX_CONF='"/etc/tmux.conf:~/.tmux.conf:$XDG_CONFIG_HOME/tmux/tmux.conf:~/.config/tmux/tmux.conf"' -DTMUX_LOCK_CMD='"lock -np"' -DTMUX_TERM='"tmux-256color"'  -iquote.        -std=gnu99 -O2       -MT input.o -MD -MP -MF $depbase.Tpo -c -o input.o input.c &&\
	mv -f $depbase.Tpo $depbase.Po
input-keys.c:510:48: warning: passing 'u_char[32]' (aka 'unsigned char[32]') to parameter of type 'const char *' converts between pointers to integer types where one is of the unique plain 'char' type and the other is not [-Wpointer-sign]
  510 |                 input_key_write(__func__, bev, ud.data, ud.size);
      |                                                ^~~~~~~
input-keys.c:421:72: note: passing argument to parameter 'data' here
  421 | input_key_write(const char *from, struct bufferevent *bev, const char *data,
      |                                                                        ^
input-keys.c:546:33: warning: passing 'u_char *' (aka 'unsigned char *') to parameter of type 'const char *' converts between pointers to integer types where one is of the unique plain 'char' type and the other is not [-Wpointer-sign]
  546 |         input_key_write(__func__, bev, &ud.data[0], 1);
      |                                        ^~~~~~~~~~~
input-keys.c:421:72: note: passing argument to parameter 'data' here
  421 | input_key_write(const char *from, struct bufferevent *bev, const char *data,
      |                                                                        ^
input-keys.c:594:34: warning: passing 'u_char *' (aka 'unsigned char *') to parameter of type 'const char *' converts between pointers to integer types where one is of the unique plain 'char' type and the other is not [-Wpointer-sign]
  594 |                 input_key_write(__func__, bev, &ud.data[0], 1);
      |                                                ^~~~~~~~~~~
input-keys.c:421:72: note: passing argument to parameter 'data' here
  421 | input_key_write(const char *from, struct bufferevent *bev, const char *data,
      |                                                                        ^
input-keys.c:617:36: warning: passing 'u_char *' (aka 'unsigned char *') to parameter of type 'const char *' converts between pointers to integer types where one is of the unique plain 'char' type and the other is not [-Wpointer-sign]
  617 |                                 input_key_write(__func__, bev, &ud.data[0], 1);
      |                                                                ^~~~~~~~~~~
input-keys.c:421:72: note: passing argument to parameter 'data' here
  421 | input_key_write(const char *from, struct bufferevent *bev, const char *data,
      |                                                                        ^
input-keys.c:645:35: warning: passing 'u_char *' (aka 'unsigned char *') to parameter of type 'const char *' converts between pointers to integer types where one is of the unique plain 'char' type and the other is not [-Wpointer-sign]
  645 |                         input_key_write(__func__, bev, &ud.data[0], 1);
      |                                                        ^~~~~~~~~~~
input-keys.c:421:72: note: passing argument to parameter 'data' here
  421 | input_key_write(const char *from, struct bufferevent *bev, const char *data,
      |                                                                        ^
input-keys.c:650:35: warning: passing 'u_char[32]' (aka 'unsigned char[32]') to parameter of type 'const char *' converts between pointers to integer types where one is of the unique plain 'char' type and the other is not [-Wpointer-sign]
  650 |                         input_key_write(__func__, bev, ud.data, ud.size);
      |                                                        ^~~~~~~
input-keys.c:421:72: note: passing argument to parameter 'data' here
  421 | input_key_write(const char *from, struct bufferevent *bev, const char *data,
      |                                                                        ^
input-keys.c:772:55: warning: passing 'char *' to parameter of type 'u_char *' (aka 'unsigned char *') converts between pointers to integer types where one is of the unique plain 'char' type and the other is not [-Wpointer-sign]
  772 |                 len += input_key_split2(m->b + MOUSE_PARAM_BTN_OFF, &buf[len]);
      |                                                                     ^~~~~~~~~
input-keys.c:351:35: note: passing argument to parameter 'dst' here
  351 | input_key_split2(u_int c, u_char *dst)
      |                                   ^
input-keys.c:773:52: warning: passing 'char *' to parameter of type 'u_char *' (aka 'unsigned char *') converts between pointers to integer types where one is of the unique plain 'char' type and the other is not [-Wpointer-sign]
  773 |                 len += input_key_split2(x + MOUSE_PARAM_POS_OFF, &buf[len]);
      |                                                                  ^~~~~~~~~
input-keys.c:351:35: note: passing argument to parameter 'dst' here
  351 | input_key_split2(u_int c, u_char *dst)
      |                                   ^
input-keys.c:774:52: warning: passing 'char *' to parameter of type 'u_char *' (aka 'unsigned char *') converts between pointers to integer types where one is of the unique plain 'char' type and the other is not [-Wpointer-sign]
  774 |                 len += input_key_split2(y + MOUSE_PARAM_POS_OFF, &buf[len]);
      |                                                                  ^~~~~~~~~
input-keys.c:351:35: note: passing argument to parameter 'dst' here
  351 | input_key_split2(u_int c, u_char *dst)
      |                                   ^
input.c:785:17: warning: passing 'const u_char[4]' (aka 'const unsigned char[4]') to parameter of type 'const char *' converts between pointers to integer types where one is of the unique plain 'char' type and the other is not [-Wpointer-sign]
  785 |         return (strcmp(ictx->interm_buf, entry->interm));
      |                        ^~~~~~~~~~~~~~~~
/Applications/Xcode.app/Contents/Developer/Platforms/MacOSX.platform/Developer/SDKs/MacOSX.sdk/usr/include/_string.h:89:25: note: passing argument to parameter '__s1' here
   89 | int      strcmp(const char *__s1, const char *__s2);
      |                             ^
9 warnings generated.
input.c:1103:6: warning: assigning to 'char *' from 'u_char[64]' (aka 'unsigned char[64]') converts between pointers to integer types where one is of the unique plain 'char' type and the other is not [-Wpointer-sign]
 1103 |         ptr = ictx->param_buf;
      |             ^ ~~~~~~~~~~~~~~~
input.c:2670:34: warning: passing 'u_char *' (aka 'unsigned char *') to parameter of type 'const char *' converts between pointers to integer types where one is of the unique plain 'char' type and the other is not [-Wpointer-sign]
 2670 |         if (len >= prefixlen && strncmp(buf, prefix, prefixlen) == 0) {
      |                                         ^~~
/Applications/Xcode.app/Contents/Developer/Platforms/MacOSX.platform/Developer/SDKs/MacOSX.sdk/usr/include/_string.h:101:49: note: passing argument to parameter '__s1' here
  101 | int      strncmp(const char *_LIBC_UNSAFE_INDEXABLE __s1,
      |                                                     ^
input.c:2719:33: warning: passing 'u_char *' (aka 'unsigned char *') to parameter of type 'const char *' converts between pointers to integer types where one is of the unique plain 'char' type and the other is not [-Wpointer-sign]
 2719 |                     screen_set_title(sctx->s, p, 1)) {
      |                                               ^
./tmux.h:3416:52: note: passing argument to parameter here
 3416 | int      screen_set_title(struct screen *, const char *, int);
      |                                                        ^
input.c:2726:21: warning: passing 'u_char *' (aka 'unsigned char *') to parameter of type 'const char *' converts between pointers to integer types where one is of the unique plain 'char' type and the other is not [-Wpointer-sign]
 2726 |                 input_osc_4(ictx, p);
      |                                   ^
input.c:172:57: note: passing argument to parameter here
  172 | static void     input_osc_4(struct input_ctx *, const char *);
      |                                                             ^
input.c:2729:46: warning: passing 'u_char *' (aka 'unsigned char *') to parameter of type 'const char *' converts between pointers to integer types where one is of the unique plain 'char' type and the other is not [-Wpointer-sign]
 2729 |                 if (wp != NULL && screen_set_path(sctx->s, p, 1)) {
      |                                                            ^
./tmux.h:3417:51: note: passing argument to parameter here
 3417 | int      screen_set_path(struct screen *, const char *, int);
      |                                                       ^
input.c:2735:21: warning: passing 'u_char *' (aka 'unsigned char *') to parameter of type 'const char *' converts between pointers to integer types where one is of the unique plain 'char' type and the other is not [-Wpointer-sign]
 2735 |                 input_osc_8(ictx, p);
      |                                   ^
input.c:173:57: note: passing argument to parameter here
  173 | static void     input_osc_8(struct input_ctx *, const char *);
      |                                                             ^
input.c:2738:21: warning: passing 'u_char *' (aka 'unsigned char *') to parameter of type 'const char *' converts between pointers to integer types where one is of the unique plain 'char' type and the other is not [-Wpointer-sign]
 2738 |                 input_osc_9(ictx, p);
      |                                   ^
input.c:174:57:depbase=`echo job.o | sed 's|[^/]*$|.deps/&|;s|\.o$||'`;\
	gcc -std=gnu23 -DPACKAGE_NAME=\"tmux\" -DPACKAGE_TARNAME=\"tmux\" -DPACKAGE_VERSION=\"3.7c\" -DPACKAGE_STRING=\"tmux\ 3.7c\" -DPACKAGE_BUGREPORT=\"\" -DPACKAGE_URL=\"\" -DPACKAGE=\"tmux\" -DVERSION=\"3.7c\" -DHAVE_STDIO_H=1 -DHAVE_STDLIB_H=1 -DHAVE_STRING_H=1 -DHAVE_INTTYPES_H=1 -DHAVE_STDINT_H=1 -DHAVE_STRINGS_H=1 -DHAVE_SYS_STAT_H=1 -DHAVE_SYS_TYPES_H=1 -DHAVE_UNISTD_H=1 -DHAVE_WCHAR_H=1 -DSTDC_HEADERS=1 -D_ALL_SOURCE=1 -D_COSMO_SOURCE=1 -D_DARWIN_C_SOURCE=1 -D_GNU_SOURCE=1 -D_HPUX_ALT_XOPEN_SOCKET_API=1 -D_NETBSD_SOURCE=1 -D_OPENBSD_SOURCE=1 -D_POSIX_PTHREAD_SEMANTICS=1 -D__STDC_WANT_IEC_60559_ATTRIBS_EXT__=1 -D__STDC_WANT_IEC_60559_BFP_EXT__=1 -D__STDC_WANT_IEC_60559_DFP_EXT__=1 -D__STDC_WANT_IEC_60559_EXT__=1 -D__STDC_WANT_IEC_60559_FUNCS_EXT__=1 -D__STDC_WANT_IEC_60559_TYPES_EXT__=1 -D__STDC_WANT_LIB_EXT2__=1 -D__STDC_WANT_MATH_SPEC_FUNCS__=1 -D_TANDEM_SOURCE=1 -D__EXTENSIONS__=1 -DHAVE_BITSTRING_H=1 -DHAVE_DIRENT_H=1 -DHAVE_FCNTL_H=1 -DHAVE_INTTYPES_H=1 -DHAVE_LIBPROC_H=1 -DHAVE_PATHS_H=1 -DHAVE_STDINT_H=1 -DHAVE_SYS_DIR_H=1 -DHAVE_UTIL_H=1 -DHAVE_SYS_SIGNAME=1 -DHAVE_LIBM=1 -DHAVE_DIRFD=1 -DHAVE_FLOCK=1 -DHAVE_PROC_PIDINFO=1 -DHAVE_SYSCONF=1 -DHAVE_ASPRINTF=1 -DHAVE_CFMAKERAW=1 -DHAVE_CLOCK_GETTIME=1 -DHAVE_FGETLN=1 -DHAVE_GETDTABLESIZE=1 -DHAVE_GETPEEREID=1 -DHAVE_GETLINE=1 -DHAVE_GETPROGNAME=1 -DHAVE_MEMMEM=1 -DHAVE_SETENV=1 -DHAVE_STRCASESTR=1 -DHAVE_STRLCAT=1 -DHAVE_STRLCPY=1 -DHAVE_STRNDUP=1 -DHAVE_STRSEP=1 -DHAVE_STRTONUM=1 -DHAVE_EVENT2_EVENT_H=1 -DHAVE_NCURSES_H=1 -DHAVE_TIPARM=1 -DHAVE_TIPARM_S=1 -DHAVE_UTF8PROC=1 -DHAVE_B64_NTOP=1 -DHAVE_JEMALLOC=1 -DHAVE_DAEMON=1 -DHAVE_FORKPTY=1 -DHAVE___PROGNAME=1 -DBROKEN___DEAD=1 -DBROKEN_CMSG_FIRSTHDR=1 -I.  -I/opt/homebrew/Cellar/jemalloc/5.4.0/include -I/opt/homebrew/Cellar/utf8proc/2.12.0/include -DUTF8PROC_EXPORTS -D_DARWIN_C_SOURCE -DNCURSES_WIDECHAR -I/opt/homebrew/Cellar/ncurses/6.6/include/ncursesw -I/opt/homebrew/Cellar/ncurses/6.6/include -I/opt/homebrew/Cellar/libevent/2.1.13/include -DTMUX_VERSION='"3.7c"' -DTMUX_CONF='"/etc/tmux.conf:~/.tmux. note: passing argument to parameter here
conf:$XDG_CONFIG_HOME/tmux/tmux.conf:~/.config/tmux/tmux.conf"' -DTMUX_LOCK_CMD='"lock -np"' -DTMUX_TERM='"tmux-256color"'  -iquote.        -std=gnu99 -O2       -MT job.o -MD -MP -MF $depbase.Tpo -c -o job.o job.c &&\
	mv -f $depbase.Tpo $depbase.Po
  174 | static void     input_osc_9(struct input_ctx *, const char *);
      |                                                             ^
input.c:2741:22: warning: passing 'u_char *' (aka 'unsigned char *') to parameter of type 'const char *' converts between pointers to integer types where one is of the unique plain 'char' type and the other is not [-Wpointer-sign]
 2741 |                 input_osc_10(ictx, p);
      |                                    ^
input.c:175:58: note: passing argument to parameter here
  175 | static void     input_osc_10(struct input_ctx *, const char *);
      |                                                              ^
input.c:2744:22: warning: passing 'u_char *' (aka 'unsigned char *') to parameter of type 'const char *' converts between pointers to integer types where one is of the unique plain 'char' type and the other is not [-Wpointer-sign]
 2744 |                 input_osc_11(ictx, p);
      |                                    ^
input.c:176:58: note: passing argument to parameter here
  176 | static void     input_osc_11(struct input_ctx *, const char *);
      |                                                              ^
input.c:2747:22: warning: passing 'u_char *' (aka 'unsigned char *') to parameter of type 'const char *' converts between pointers to integer types where one is of the unique plain 'char' type and the other is not [-Wpointer-sign]
 2747 |                 input_osc_12(ictx, p);
      |                                    ^
input.c:177:58: note: passing argument to parameter here
  177 | static void     input_osc_12(struct input_ctx *, const char *);
      |                                                              ^
input.c:2750:22: warning: passing 'u_char *' (aka 'unsigned char *') to parameter of type 'const char *' converts between pointers to integer types where one is of the unique plain 'char' type and the other is not [-Wpointer-sign]
 2750 |                 input_osc_52(ictx, p);
      |                                    ^
input.c:178:58: note: passing argument to parameter here
  178 | static void     input_osc_52(struct input_ctx *, const char *);
      |                                                              ^
input.c:2753:23: warning: passing 'u_char *' (aka 'unsigned char *') to parameter of type 'const char *' converts between pointers to integer types where one is of the unique plain 'char' type and the other is not [-Wpointer-sign]
 2753 |                 input_osc_104(ictx, p);
      |                                     ^
input.c:179:59: note: passing argument to parameter here
  179 | static void     input_osc_104(struct input_ctx *, const char *);
      |                                                               ^
input.c:2756:23: warning: passing 'u_char *' (aka 'unsigned char *') to parameter of type 'const char *' converts between pointers to integer types where one is of the unique plain 'char' type and the other is not [-Wpointer-sign]
 2756 |                 input_osc_110(ictx, p);
      |                                     ^
input.c:180:59: note: passing argument to parameter here
  180 | static void     input_osc_110(struct input_ctx *, const char *);
      |                                                               ^
input.c:2759:23: warning: passing 'u_char *' (aka 'unsigned char *') to parameter of type 'const char *' converts between pointers to integer types where one is of the unique plain 'char' type and the other is not [-Wpointer-sign]
 2759 |                 input_osc_111(ictx, p);
      |                                     ^
input.c:181:59: note: passing argument to parameter here
  181 | static void     input_osc_111(struct input_ctx *, const char *);
      |                                                               ^
input.c:2762:23: warning: passing 'u_char *' (aka 'unsigned char *') to parameter of type 'const char *' converts between pointers to integer types where one is of the unique plain 'char' type and the other is not [-Wpointer-sign]
 2762 |                 input_osc_112(ictx, p);
      |                                     ^
input.c:182:59: note: passing argument to parameter here
  182 | static void     input_osc_112(struct input_ctx *, const char *);
      |                                                               ^
input.c:2765:23: warning: passing 'u_char *' (aka 'unsigned char *') to parameter of type 'const char *' converts between pointers to integer types where one is of the unique plain 'char' type and the other is not [-Wpointer-sign]
 2765 |                 input_osc_133(ictx, p);
      |                                     ^
input.c:183:59: note: passing argument to parameter here
  183 | static void     input_osc_133(struct input_ctx *, const char *);
      |                                                               ^
input.c:2797:32: warning: passing 'u_char *' (aka 'unsigned char *') to parameter of type 'const char *' converts between pointers to integer types where one is of the unique plain 'char' type and the other is not [-Wpointer-sign]
 2797 |             screen_set_title(sctx->s, ictx->input_buf, 1)) {
      |                                       ^~~~~~~~~~~~~~~
./tmux.h:3416:52: note: passing argument to parameter here
 3416 | int      screen_set_title(struct screen *, const char *, int);
      |                                                        ^
input.c:2831:20: warning: passing 'u_char *' (aka 'unsigned char *') to parameter of type 'const char *' converts between pointers to integer types where one is of the unique plain 'char' type and the other is not [-Wpointer-sign]
 2831 |         if (!utf8_isvalid(ictx->input_buf))
      |                           ^~~~~~~~~~~~~~~
./tmux.h:3776:32: note: passing argument to parameter here
 3776 | int              utf8_isvalid(const char *);
      |                                           ^
input.c:2843:22: warning: passing 'u_char *' (aka 'unsigned char *') to parameter of type 'const char *' converts between pointers to integer types where one is of the unique plain 'char' type and the other is not [-Wpointer-sign]
 2843 |                 window_set_name(w, ictx->input_buf, 1);
      |                                    ^~~~~~~~~~~~~~~
./tmux.h:3521:53: note: passing argument to parameter here
 3521 | void             window_set_name(struct window *, const char *, int);
      |                                                               ^
input.c:3302:42: warning: passing 'u_char *' (aka 'unsigned char *') to parameter of type 'const char *' converts between pointers to integer types where one is of the unique plain 'char' type and the other is not [-Wpointer-sign]
 3302 |                 tty_set_selection(&ictx->c->tty, clip, out, outlen);
      |                                                        ^~~
./tmux.h:2731:64: note: passing argument to parameter here
 2731 | void    tty_set_selection(struct tty *, const char *, const char *, size_t);
      |                                                                   ^
input.c:3303:19: warning: passing 'u_char *' (aka 'unsigned char *') to parameter of type 'char *' converts between pointers to integer types where one is of the unique plain 'char' type and the other is not [-Wpointer-sign]
 3303 |                 paste_add(NULL, out, outlen);
      |                                 ^~~
./tmux.h:2462:38: note: passing argument to parameter here
 2462 | void             paste_add(const char *, char *, size_t);
      |                                                ^
input.c:3310:19: warning: passing 'u_char *' (aka 'unsigned char *') to parameter of type 'char *' converts between pointers to integer types where one is of the unique plain 'char' type and the other is not [-Wpointer-sign]
 3310 |                 paste_add(NULL, out, outlen);
      |                                 ^~~
./tmux.h:2462:38: note: passing argument to parameter here
 2462 | void             paste_add(const char *, char *, size_t);
      |                                                ^
input.c:3364:26: warning: passing 'const char *' to parameter of type 'const u_char *' (aka 'const unsigned char *') converts between pointers to integer types where one is of the unique plain 'char' type and the other is not [-Wpointer-sign]
 3364 |                 if ((outlen = b64_ntop(buf, len, out, outlen)) == -1) {
      |                                        ^~~
/Applications/Xcode.app/Contents/Developer/Platforms/MacOSX.platform/Developer/SDKs/MacOSX.sdk/usr/include/resolv.h:594:29: note: passing argument to parameter here
  594 | int             b64_ntop(u_char const *, size_t, char *, size_t);
      |                                        ^
depbase=`echo key-bindings.o | sed 's|[^/]*$|.deps/&|;s|\.o$||'`;\
	gcc -std=gnu23 -DPACKAGE_NAME=\"tmux\" -DPACKAGE_TARNAME=\"tmux\" -DPACKAGE_VERSION=\"3.7c\" -DPACKAGE_STRING=\"tmux\ 3.7c\" -DPACKAGE_BUGREPORT=\"\" -DPACKAGE_URL=\"\" -DPACKAGE=\"tmux\" -DVERSION=\"3.7c\" -DHAVE_STDIO_H=1 -DHAVE_STDLIB_H=1 -DHAVE_STRING_H=1 -DHAVE_INTTYPES_H=1 -DHAVE_STDINT_H=1 -DHAVE_STRINGS_H=1 -DHAVE_SYS_STAT_H=1 -DHAVE_SYS_TYPES_H=1 -DHAVE_UNISTD_H=1 -DHAVE_WCHAR_H=1 -DSTDC_HEADERS=1 -D_ALL_SOURCE=1 -D_COSMO_SOURCE=1 -D_DARWIN_C_SOURCE=1 -D_GNU_SOURCE=1 -D_HPUX_ALT_XOPEN_SOCKET_API=1 -D_NETBSD_SOURCE=1 -D_OPENBSD_SOURCE=1 -D_POSIX_PTHREAD_SEMANTICS=1 -D__STDC_WANT_IEC_60559_ATTRIBS_EXT__=1 -D__STDC_WANT_IEC_60559_BFP_EXT__=1 -D__STDC_WANT_IEC_60559_DFP_EXT__=1 -D__STDC_WANT_IEC_60559_EXT__=1 -D__STDC_WANT_IEC_60559_FUNCS_EXT__=1 -D__STDC_WANT_IEC_60559_TYPES_EXT__=1 -D__STDC_WANT_LIB_EXT2__=1 -D__STDC_WANT_MATH_SPEC_FUNCS__=1 -D_TANDEM_SOURCE=1 -D__EXTENSIONS__=1 -DHAVE_BITSTRING_H=1 -DHAVE_DIRENT_H=1 -DHAVE_FCNTL_H=1 -DHAVE_INTTYPES_H=1 -DHAVE_LIBPROC_H=1 -DHAVE_PATHS_H=1 -DHAVE_STDINT_H=1 -DHAVE_SYS_DIR_H=1 -DHAVE_UTIL_H=1 -DHAVE_SYS_SIGNAME=1 -DHAVE_LIBM=1 -DHAVE_DIRFD=1 -DHAVE_FLOCK=1 -DHAVE_PROC_PIDINFO=1 -DHAVE_SYSCONF=1 -DHAVE_ASPRINTF=1 -DHAVE_CFMAKERAW=1 -DHAVE_CLOCK_GETTIME=1 -DHAVE_FGETLN=1 -DHAVE_GETDTABLESIZE=1 -DHAVE_GETPEEREID=1 -DHAVE_GETLINE=1 -DHAVE_GETPROGNAME=1 -DHAVE_MEMMEM=1 -DHAVE_SETENV=1 -DHAVE_STRCASESTR=1 -DHAVE_STRLCAT=1 -DHAVE_STRLCPY=1 -DHAVE_STRNDUP=1 -DHAVE_STRSEP=1 -DHAVE_STRTONUM=1 -DHAVE_EVENT2_EVENT_H=1 -DHAVE_NCURSES_H=1 -DHAVE_TIPARM=1 -DHAVE_TIPARM_S=1 -DHAVE_UTF8PROC=1 -DHAVE_B64_NTOP=1 -DHAVE_JEMALLOC=1 -DHAVE_DAEMON=1 -DHAVE_FORKPTY=1 -DHAVE___PROGNAME=1 -DBROKEN___DEAD=1 -DBROKEN_CMSG_FIRSTHDR=1 -I.  -I/opt/homebrew/Cellar/jemalloc/5.4.0/include -I/opt/homebrew/Cellar/utf8proc/2.12.0/include -DUTF8PROC_EXPORTS -D_DARWIN_C_SOURCE -DNCURSES_WIDECHAR -I/opt/homebrew/Cellar/ncurses/6.6/include/ncursesw -I/opt/homebrew/Cellar/ncurses/6.6/include -I/opt/homebrew/Cellar/libevent/2.1.13/include -DTMUX_VERSION='"3.7c"' -DTMUX_CONF='"/etc/tmux.conf:~/.tmux.conf:$XDG_CONFIG_HOME/tmux/tmux.conf:~/.config/tmux/tmux.conf"' -DTMUX_LOCK_CMD='"lock -np"' -DTMUX_TERM='"tmux-256color"'  -iquote.        -std=gnu99 -O2       -MT key-bindings.o -MD -MP -MF $depbase.Tpo -c -o key-bindings.o key-bindings.c &&\
	mv -f $depbase.Tpo $depbase.Po
24 warnings generated.
depbase=`echo key-string.o | sed 's|[^/]*$|.deps/&|;s|\.o$||'`;\
	gcc -std=gnu23 -DPACKAGE_NAME=\"tmux\" -DPACKAGE_TARNAME=\"tmux\" -DPACKAGE_VERSION=\"3.7c\" -DPACKAGE_STRING=\"tmux\ 3.7c\" -DPACKAGE_BUGREPORT=\"\" -DPACKAGE_URL=\"\" -DPACKAGE=\"tmux\" -DVERSION=\"3.7c\" -DHAVE_STDIO_H=1 -DHAVE_STDLIB_H=1 -DHAVE_STRING_H=1 -DHAVE_INTTYPES_H=1 -DHAVE_STDINT_H=1 -DHAVE_STRINGS_H=1 -DHAVE_SYS_STAT_H=1 -DHAVE_SYS_TYPES_H=1 -DHAVE_UNISTD_H=1 -DHAVE_WCHAR_H=1 -DSTDC_HEADERS=1 -D_ALL_SOURCE=1 -D_COSMO_SOURCE=1 -D_DARWIN_C_SOURCE=1 -D_GNU_SOURCE=1 -D_HPUX_ALT_XOPEN_SOCKET_API=1 -D_NETBSD_SOURCE=1 -D_OPENBSD_SOURCE=1 -D_POSIX_PTHREAD_SEMANTICS=1 -D__STDC_WANT_IEC_60559_ATTRIBS_EXT__=1 -D__STDC_WANT_IEC_60559_BFP_EXT__=1 -D__STDC_WANT_IEC_60559_DFP_EXT__=1 -D__STDC_WANT_IEC_60559_EXT__=1 -D__STDC_WANT_IEC_60559_FUNCS_EXT__=1 -D__STDC_WANT_IEC_60559_TYPES_EXT__=1 -D__STDC_WANT_LIB_EXT2__=1 -D__STDC_WANT_MATH_SPEC_FUNCS__=1 -D_TANDEM_SOURCE=1 -D__EXTENSIONS__=1 -DHAVE_BITSTRING_H=1 -DHAVE_DIRENT_H=1 -DHAVE_FCNTL_H=1 -DHAVE_INTTYPES_H=1 -DHAVE_LIBPROC_H=1 -DHAVE_PATHS_H=1 -DHAVE_STDINT_H=1 -DHAVE_SYS_DIR_H=1 -DHAVE_UTIL_H=1 -DHAVE_SYS_SIGNAME=1 -DHAVE_LIBM=1 -DHAVE_DIRFD=1 -DHAVE_FLOCK=1 -DHAVE_PROC_PIDINFO=1 -DHAVE_SYSCONF=1 -DHAVE_ASPRINTF=1 -DHAVE_CFMAKERAW=1 -DHAVE_CLOCK_GETTIME=1 -DHAVE_FGETLN=1 -DHAVE_GETDTABLESIZE=1 -DHAVE_GETPEEREID=1 -DHAVE_GETLINE=1 -DHAVE_GETPROGNAME=1 -DHAVE_MEMMEM=1 -DHAVE_SETENV=1 -DHAVE_STRCASESTR=1 -DHAVE_STRLCAT=1 -DHAVE_STRLCPY=1 -DHAVE_STRNDUP=1 -DHAVE_STRSEP=1 -DHAVE_STRTONUM=1 -DHAVE_EVENT2_EVENT_H=1 -DHAVE_NCURSES_H=1 -DHAVE_TIPARM=1 -DHAVE_TIPARM_S=1 -DHAVE_UTF8PROC=1 -DHAVE_B64_NTOP=1 -DHAVE_JEMALLOC=1 -DHAVE_DAEMON=1 -DHAVE_FORKPTY=1 -DHAVE___PROGNAME=1 -DBROKEN___DEAD=1 -DBROKEN_CMSG_FIRSTHDR=1 -I.  -I/opt/homebrew/Cellar/jemalloc/5.4.0/include -I/opt/homebrew/Cellar/utf8proc/2.12.0/include -DUTF8PROC_EXPORTS -D_DARWIN_C_SOURCE -DNCURSES_WIDECHAR -I/opt/homebrew/Cellar/ncurses/6.6/include/ncursesw -I/opt/homebrew/Cellar/ncurses/6.6/include -I/opt/homebrew/Cellar/libevent/2.1.13/include -DTMUX_VERSION='"3.7c"' -DTMUX_CONF='"/etc/tmux.conf:~/.tmux.conf:$XDG_CONFIG_HOME/tmux/tmux.conf:~/.config/tmux/tmux.conf"' -DTMUX_LOCK_CMD='"lock -np"' -DTMUX_TERM='"tmux-256color"'  -iquote.        -std=gnu99 -O2       -MT key-string.o -MD -MP -MF $depbase.Tpo -c -o key-string.o key-string.c &&\
	mv -f $depbase.Tpo $depbase.Po
depbase=`echo layout-custom.o | sed 's|[^/]*$|.deps/&|;s|\.o$||'`;\
	gcc -std=gnu23 -DPACKAGE_NAME=\"tmux\" -DPACKAGE_TARNAME=\"tmux\" -DPACKAGE_VERSION=\"3.7c\" -DPACKAGE_STRING=\"tmux\ 3.7c\" -DPACKAGE_BUGREPORT=\"\" -DPACKAGE_URL=\"\" -DPACKAGE=\"tmux\" -DVERSION=\"3.7c\" -DHAVE_STDIO_H=1 -DHAVE_STDLIB_H=1 -DHAVE_STRING_H=1 -DHAVE_INTTYPES_H=1 -DHAVE_STDINT_H=1 -DHAVE_STRINGS_H=1 -DHAVE_SYS_STAT_H=1 -DHAVE_SYS_TYPES_H=1 -DHAVE_UNISTD_H=1 -DHAVE_WCHAR_H=1 -DSTDC_HEADERS=1 -D_ALL_SOURCE=1 -D_COSMO_SOURCE=1 -D_DARWIN_C_SOURCE=1 -D_GNU_SOURCE=1 -D_HPUX_ALT_XOPEN_SOCKET_API=1 -D_NETBSD_SOURCE=1 -D_OPENBSD_SOURCE=1 -D_POSIX_PTHREAD_SEMANTICS=1 -D__STDC_WANT_IEC_60559_ATTRIBS_EXT__=1 -D__STDC_WANT_IEC_60559_BFP_EXT__=1 -D__STDC_WANT_IEC_60559_DFP_EXT__=1 -D__STDC_WANT_IEC_60559_EXT__=1 -D__STDC_WANT_IEC_60559_FUNCS_EXT__=1 -D__STDC_WANT_IEC_60559_TYPES_EXT__=1 -D__STDC_WANT_LIB_EXT2__=1 -D__STDC_WANT_MATH_SPEC_FUNCS__=1 -D_TANDEM_SOURCE=1 -D__EXTENSIONS__=1 -DHAVE_BITSTRING_H=1 -DHAVE_DIRENT_H=1 -DHAVE_FCNTL_H=1 -DHAVE_INTTYPES_H=1 -DHAVE_LIBPROC_H=1 -DHAVE_PATHS_H=1 -DHAVE_STDINT_H=1 -DHAVE_SYS_DIR_H=1 -DHAVE_UTIL_H=1 -DHAVE_SYS_SIGNAME=1 -DHAVE_LIBM=1 -DHAVE_DIRFD=1 -DHAVE_FLOCK=1 -DHAVE_PROC_PIDINFO=1 -DHAVE_SYSCONF=1 -DHAVE_ASPRINTF=1 -DHAVE_CFMAKERAW=1 -DHAVE_CLOCK_GETTIME=1 -DHAVE_FGETLN=1 -DHAVE_GETDTABLESIZE=1 -DHAVE_GETPEEREID=1 -DHAVE_GETLINE=1 -DHAVE_GETPROGNAME=1 -DHAVE_MEMMEM=1 -DHAVE_SETENV=1 -DHAVE_STRCASESTR=1 -DHAVE_STRLCAT=1 -DHAVE_STRLCPY=1 -DHAVE_STRNDUP=1 -DHAVE_STRSEP=1 -DHAVE_STRTONUM=1 -DHAVE_EVENT2_EVENT_H=1 -DHAVE_NCURSES_H=1 -DHAVE_TIPARM=1 -DHAVE_TIPARM_S=1 -DHAVE_UTF8PROC=1 -DHAVE_B64_NTOP=1 -DHAVE_JEMALLOC=1 -DHAVE_DAEMON=1 -DHAVE_FORKPTY=1 -DHAVE___PROGNAME=1 -DBROKEN___DEAD=1 -DBROKEN_CMSG_FIRSTHDR=1 -I.  -I/opt/homebrew/Cellar/jemalloc/5.4.0/include -I/opt/homebrew/Cellar/utf8proc/2.12.0/include -DUTF8PROC_EXPORTS -D_DARWIN_C_SOURCE -DNCURSES_WIDECHAR -I/opt/homebrew/Cellar/ncurses/6.6/include/ncursesw -I/opt/homebrew/Cellar/ncurses/6.6/include -I/opt/homebrew/Cellar/libevent/2.1.13/include -DTMUX_VERSION='"3.7c"' -DTMUX_CONF='"/etc/tmux.conf:~/.tmux.conf:$XDG_CONFIG_HOME/tmux/tmux.conf:~/.config/tmux/tmux.conf"' -DTMUX_LOCK_CMD='"lock -np"' -DTMUX_TERM='"tmux-256color"'  -iquote.        -std=gnu99 -O2       -MT layout-custom.o -MD -MP -MF $depbase.Tpo -c -o layout-custom.o layout-custom.c &&\
	mv -f $depbase.Tpo $depbase.Po
depbase=`echo layout-set.o | sed 's|[^/]*$|.deps/&|;s|\.o$||'`;\
	gcc -std=gnu23 -DPACKAGE_NAME=\"tmux\" -DPACKAGE_TARNAME=\"tmux\" -DPACKAGE_VERSION=\"3.7c\" -DPACKAGE_STRING=\"tmux\ 3.7c\" -DPACKAGE_BUGREPORT=\"\" -DPACKAGE_URL=\"\" -DPACKAGE=\"tmux\" -DVERSION=\"3.7c\" -DHAVE_STDIO_H=1 -DHAVE_STDLIB_H=1 -DHAVE_STRING_H=1 -DHAVE_INTTYPES_H=1 -DHAVE_STDINT_H=1 -DHAVE_STRINGS_H=1 -DHAVE_SYS_STAT_H=1 -DHAVE_SYS_TYPES_H=1 -DHAVE_UNISTD_H=1 -DHAVE_WCHAR_H=1 -DSTDC_HEADERS=1 -D_ALL_SOURCE=1 -D_COSMO_SOURCE=1 -D_DARWIN_C_SOURCE=1 -D_GNU_SOURCE=1 -D_HPUX_ALT_XOPEN_SOCKET_API=1 -D_NETBSD_SOURCE=1 -D_OPENBSD_SOURCE=1 -D_POSIX_PTHREAD_SEMANTICS=1 -D__STDC_WANT_IEC_60559_ATTRIBS_EXT__=1 -D__STDC_WANT_IEC_60559_BFP_EXT__=1 -D__STDC_WANT_IEC_60559_DFP_EXT__=1 -D__STDC_WANT_IEC_60559_EXT__=1 -D__STDC_WANT_IEC_60559_FUNCS_EXT__=1 -D__STDC_WANT_IEC_60559_TYPES_EXT__=1 -D__STDC_WANT_LIB_EXT2__=1 -D__STDC_WANT_MATH_SPEC_FUNCS__=1 -D_TANDEM_SOURCE=1 -D__EXTENSIONS__=1 -DHAVE_BITSTRING_H=1 -DHAVE_DIRENT_H=1 -DHAVE_FCNTL_H=1 -DHAVE_INTTYPES_H=1 -DHAVE_LIBPROC_H=1 -DHAVE_PATHS_H=1 -DHAVE_STDINT_H=1 -DHAVE_SYS_DIR_H=1 -DHAVE_UTIL_H=1 -DHAVE_SYS_SIGNAME=1 -DHAVE_LIBM=1 -DHAVE_DIRFD=1 -DHAVE_FLOCK=1 -DHAVE_PROC_PIDINFO=1 -DHAVE_SYSCONF=1 -DHAVE_ASPRINTF=1 -DHAVE_CFMAKERAW=1 -DHAVE_CLOCK_GETTIME=1 -DHAVE_FGETLN=1 -DHAVE_GETDTABLESIZE=1 -DHAVE_GETPEEREID=1 -DHAVE_GETLINE=1 -DHAVE_GETPROGNAME=1 -DHAVE_MEMMEM=1 -DHAVE_SETENV=1 -DHAVE_STRCASESTR=1 -DHAVE_STRLCAT=1 -DHAVE_STRLCPY=1 -DHAVE_STRNDUP=1 -DHAVE_STRSEP=1 -DHAVE_STRTONUM=1 -DHAVE_EVENT2_EVENT_H=1 -DHAVE_NCURSES_H=1 -DHAVE_TIPARM=1 -DHAVE_TIPARM_S=1 -DHAVE_UTF8PROC=1 -DHAVE_B64_NTOP=1 -DHAVE_JEMALLOC=1 -DHAVE_DAEMON=1 -DHAVE_FORKPTY=1 -DHAVE___PROGNAME=1 -DBROKEN___DEAD=1 -DBROKEN_CMSG_FIRSTHDR=1 -I.  -I/opt/homebrew/Cellar/jemalloc/5.4.0/include -I/opt/homebrew/Cellar/utf8proc/2.12.0/include -DUTF8PROC_EXPORTS -D_DARWIN_C_SOURCE -DNCURSES_WIDECHAR -I/opt/homebrew/Cellar/ncurses/6.6/include/ncursesw -I/opt/homebrew/Cellar/ncurses/6.6/include -I/opt/homebrew/Cellar/libevent/2.1.13/include -DTMUX_VERSION='"3.7c"' -DTMUX_CONF='"/etc/tmux.conf:~/.tmux.conf:$XDG_CONFIG_HOME/tmux/tmux.conf:~/.config/tmux/tmux.conf"' -DTMUX_LOCK_CMD='"lock -np"' -DTMUX_TERM='"tmux-256color"'  -iquote.        -std=gnu99 -O2       -MT layout-set.o -MD -MP -MF $depbase.Tpo -c -o layout-set.o layout-set.c &&\
	mv -f $depbase.Tpo $depbase.Po
depbase=`echo layout.o | sed 's|[^/]*$|.deps/&|;s|\.o$||'`;\
	gcc -std=gnu23 -DPACKAGE_NAME=\"tmux\" -DPACKAGE_TARNAME=\"tmux\" -DPACKAGE_VERSION=\"3.7c\" -DPACKAGE_STRING=\"tmux\ 3.7c\" -DPACKAGE_BUGREPORT=\"\" -DPACKAGE_URL=\"\" -DPACKAGE=\"tmux\" -DVERSION=\"3.7c\" -DHAVE_STDIO_H=1 -DHAVE_STDLIB_H=1 -DHAVE_STRING_H=1 -DHAVE_INTTYPES_H=1 -DHAVE_STDINT_H=1 -DHAVE_STRINGS_H=1 -DHAVE_SYS_STAT_H=1 -DHAVE_SYS_TYPES_H=1 -DHAVE_UNISTD_H=1 -DHAVE_WCHAR_H=1 -DSTDC_HEADERS=1 -D_ALL_SOURCE=1 -D_COSMO_SOURCE=1 -D_DARWIN_C_SOURCE=1 -D_GNU_SOURCE=1 -D_HPUX_ALT_XOPEN_SOCKET_API=1 -D_NETBSD_SOURCE=1 -D_OPENBSD_SOURCE=1 -D_POSIX_PTHREAD_SEMANTICS=1 -D__STDC_WANT_IEC_60559_ATTRIBS_EXT__=1 -D__STDC_WANT_IEC_60559_BFP_EXT__=1 -D__STDC_WANT_IEC_60559_DFP_EXT__=1 -D__STDC_WANT_IEC_60559_EXT__=1 -D__STDC_WANT_IEC_60559_FUNCS_EXT__=1 -D__STDC_WANT_IEC_60559_TYPES_EXT__=1 -D__STDC_WANT_LIB_EXT2__=1 -D__STDC_WANT_MATH_SPEC_FUNCS__=1 -D_TANDEM_SOURCE=1 -D__EXTENSIONS__=1 -DHAVE_BITSTRING_H=1 -DHAVE_DIRENT_H=1 -DHAVE_FCNTL_H=1 -DHAVE_INTTYPES_H=1 -DHAVE_LIBPROC_H=1 -DHAVE_PATHS_H=1 -DHAVE_STDINT_H=1 -DHAVE_SYS_DIR_H=1 -DHAVE_UTIL_H=1 -DHAVE_SYS_SIGNAME=1 -DHAVE_LIBM=1 -DHAVE_DIRFD=1 -DHAVE_FLOCK=1 -DHAVE_PROC_PIDINFO=1 -DHAVE_SYSCONF=1 -DHAVE_ASPRINTF=1 -DHAVE_CFMAKERAW=1 -DHAVE_CLOCK_GETTIME=1 -DHAVE_FGETLN=1 -DHAVE_GETDTABLESIZE=1 -DHAVE_GETPEEREID=1 -DHAVE_GETLINE=1 -DHAVE_GETPROGNAME=1 -DHAVE_MEMMEM=1 -DHAVE_SETENV=1 -DHAVE_STRCASESTR=1 -DHAVE_STRLCAT=1 -DHAVE_STRLCPY=1 -DHAVE_STRNDUP=1 -DHAVE_STRSEP=1 -DHAVE_STRTONUM=1 -DHAVE_EVENT2_EVENT_H=1 -DHAVE_NCURSES_H=1 -DHAVE_TIPARM=1 -DHAVE_TIPARM_S=1 -DHAVE_UTF8PROC=1 -DHAVE_B64_NTOP=1 -DHAVE_JEMALLOC=1 -DHAVE_DAEMON=1 -DHAVE_FORKPTY=1 -DHAVE___PROGNAME=1 -DBROKEN___DEAD=1 -DBROKEN_CMSG_FIRSTHDR=1 -I.  -I/opt/homebrew/Cellar/jemalloc/5.4.0/include -I/opt/homebrew/Cellar/utf8proc/2.12.0/include -DUTF8PROC_EXPORTS -D_DARWIN_C_SOURCE -DNCURSES_WIDECHAR -I/opt/homebrew/Cellar/ncurses/6.6/include/ncursesw -I/opt/homebrew/Cellar/ncurses/6.6/include -I/opt/homebrew/Cellar/libevent/2.1.13/include -DTMUX_VERSION='"3.7c"' -DTMUX_CONF='"/etc/tmux.conf:~/.tmux.conf:$XDG_CONFIG_HOME/tmux/tmux.conf:~/.config/tmux/tmux.conf"' -DTMUX_LOCK_CMD='"lock -np"' -DTMUX_TERM='"tmux-256color"'  -iquote.        -std=gnu99 -O2       -MT layout.o -MD -MP -MF $depbase.Tpo -c -o layout.o layout.c &&\
	mv -f $depbase.Tpo $depbase.Po
depbase=`echo log.o | sed 's|[^/]*$|.deps/&|;s|\.o$||'`;\
	gcc -std=gnu23 -DPACKAGE_NAME=\"tmux\" -DPACKAGE_TARNAME=\"tmux\" -DPACKAGE_VERSION=\"3.7c\" -DPACKAGE_STRING=\"tmux\ 3.7c\" -DPACKAGE_BUGREPORT=\"\" -DPACKAGE_URL=\"\" -DPACKAGE=\"tmux\" -DVERSION=\"3.7c\" -DHAVE_STDIO_H=1 -DHAVE_STDLIB_H=1 -DHAVE_STRING_H=1 -DHAVE_INTTYPES_H=1 -DHAVE_STDINT_H=1 -DHAVE_STRINGS_H=1 -DHAVE_SYS_STAT_H=1 -DHAVE_SYS_TYPES_H=1 -DHAVE_UNISTD_H=1 -DHAVE_WCHAR_H=1 -DSTDC_HEADERS=1 -D_ALL_SOURCE=1 -D_COSMO_SOURCE=1 -D_DARWIN_C_SOURCE=1 -D_GNU_SOURCE=1 -D_HPUX_ALT_XOPEN_SOCKET_API=1 -D_NETBSD_SOURCE=1 -D_OPENBSD_SOURCE=1 -D_POSIX_PTHREAD_SEMANTICS=1 -D__STDC_WANT_IEC_60559_ATTRIBS_EXT__=1 -D__STDC_WANT_IEC_60559_BFP_EXT__=1 -D__STDC_WANT_IEC_60559_DFP_EXT__=1 -D__STDC_WANT_IEC_60559_EXT__=1 -D__STDC_WANT_IEC_60559_FUNCS_EXT__=1 -D__STDC_WANT_IEC_60559_TYPES_EXT__=1 -D__STDC_WANT_LIB_EXT2__=1 -D__STDC_WANT_MATH_SPEC_FUNCS__=1 -D_TANDEM_SOURCE=1 -D__EXTENSIONS__=1 -DHAVE_BITSTRING_H=1 -DHAVE_DIRENT_H=1 -DHAVE_FCNTL_H=1 -DHAVE_INTTYPES_H=1 -DHAVE_LIBPROC_H=1 -DHAVE_PATHS_H=1 -DHAVE_STDINT_H=1 -DHAVE_SYS_DIR_H=1 -DHAVE_UTIL_H=1 -DHAVE_SYS_SIGNAME=1 -DHAVE_LIBM=1 -DHAVE_DIRFD=1 -DHAVE_FLOCK=1 -DHAVE_PROC_PIDINFO=1 -DHAVE_SYSCONF=1 -DHAVE_ASPRINTF=1 -DHAVE_CFMAKERAW=1 -DHAVE_CLOCK_GETTIME=1 -DHAVE_FGETLN=1 -DHAVE_GETDTABLESIZE=1 -DHAVE_GETPEEREID=1 -DHAVE_GETLINE=1 -DHAVE_GETPROGNAME=1 -DHAVE_MEMMEM=1 -DHAVE_SETENV=1 -DHAVE_STRCASESTR=1 -DHAVE_STRLCAT=1 -DHAVE_STRLCPY=1 -DHAVE_STRNDUP=1 -DHAVE_STRSEP=1 -DHAVE_STRTONUM=1 -DHAVE_EVENT2_EVENT_H=1 -DHAVE_NCURSES_H=1 -DHAVE_TIPARM=1 -DHAVE_TIPARM_S=1 -DHAVE_UTF8PROC=1 -DHAVE_B64_NTOP=1 -DHAVE_JEMALLOC=1 -DHAVE_DAEMON=1 -DHAVE_FORKPTY=1 -DHAVE___PROGNAME=1 -DBROKEN___DEAD=1 -DBROKEN_CMSG_FIRSTHDR=1 -I.  -I/opt/homebrew/Cellar/jemalloc/5.4.0/include -I/opt/homebrew/Cellar/utf8proc/2.12.0/include -DUTF8PROC_EXPORTS -D_DARWIN_C_SOURCE -DNCURSES_WIDECHAR -I/opt/homebrew/Cellar/ncurses/6.6/include/ncursesw -I/opt/homebrew/Cellar/ncurses/6.6/include -I/opt/homebrew/Cellar/libevent/2.1.13/include -DTMUX_VERSION='"3.7c"' -DTMUX_CONF='"/etc/tmux.conf:~/.tmux.conf:$XDG_CONFIG_HOME/tmux/tmux.conf:~/.config/tmux/tmux.conf"' -DTMUX_LOCK_CMD='"lock -np"' -DTMUX_TERM='"tmux-256color"'  -iquote.        -std=gnu99 -O2       -MT log.o -MD -MP -MF $depbase.Tpo -c -o log.o log.c &&\
	mv -f $depbase.Tpo $depbase.Po
depbase=`echo menu.o | sed 's|[^/]*$|.deps/&|;s|\.o$||'`;\
	gcc -std=gnu23 -DPACKAGE_NAME=\"tmux\" -DPACKAGE_TARNAME=\"tmux\" -DPACKAGE_VERSION=\"3.7c\" -DPACKAGE_STRING=\"tmux\ 3.7c\" -DPACKAGE_BUGREPORT=\"\" -DPACKAGE_URL=\"\" -DPACKAGE=\"tmux\" -DVERSION=\"3.7c\" -DHAVE_STDIO_H=1 -DHAVE_STDLIB_H=1 -DHAVE_STRING_H=1 -DHAVE_INTTYPES_H=1 -DHAVE_STDINT_H=1 -DHAVE_STRINGS_H=1 -DHAVE_SYS_STAT_H=1 -DHAVE_SYS_TYPES_H=1 -DHAVE_UNISTD_H=1 -DHAVE_WCHAR_H=1 -DSTDC_HEADERS=1 -D_ALL_SOURCE=1 -D_COSMO_SOURCE=1 -D_DARWIN_C_SOURCE=1 -D_GNU_SOURCE=1 -D_HPUX_ALT_XOPEN_SOCKET_API=1 -D_NETBSD_SOURCE=1 -D_OPENBSD_SOURCE=1 -D_POSIX_PTHREAD_SEMANTICS=1 -D__STDC_WANT_IEC_60559_ATTRIBS_EXT__=1 -D__STDC_WANT_IEC_60559_BFP_EXT__=1 -D__STDC_WANT_IEC_60559_DFP_EXT__=1 -D__STDC_WANT_IEC_60559_EXT__=1 -D__STDC_WANT_IEC_60559_FUNCS_EXT__=1 -D__STDC_WANT_IEC_60559_TYPES_EXT__=1 -D__STDC_WANT_LIB_EXT2__=1 -D__STDC_WANT_MATH_SPEC_FUNCS__=1 -D_TANDEM_SOURCE=1 -D__EXTENSIONS__=1 -DHAVE_BITSTRING_H=1 -DHAVE_DIRENT_H=1 -DHAVE_FCNTL_H=1 -DHAVE_INTTYPES_H=1 -DHAVE_LIBPROC_H=1 -DHAVE_PATHS_H=1 -DHAVE_STDINT_H=1 -DHAVE_SYS_DIR_H=1 -DHAVE_UTIL_H=1 -DHAVE_SYS_SIGNAME=1 -DHAVE_LIBM=1 -DHAVE_DIRFD=1 -DHAVE_FLOCK=1 -DHAVE_PROC_PIDINFO=1 -DHAVE_SYSCONF=1 -DHAVE_ASPRINTF=1 -DHAVE_CFMAKERAW=1 -DHAVE_CLOCK_GETTIME=1 -DHAVE_FGETLN=1 -DHAVE_GETDTABLESIZE=1 -DHAVE_GETPEEREID=1 -DHAVE_GETLINE=1 -DHAVE_GETPROGNAME=1 -DHAVE_MEMMEM=1 -DHAVE_SETENV=1 -DHAVE_STRCASESTR=1 -DHAVE_STRLCAT=1 -DHAVE_STRLCPY=1 -DHAVE_STRNDUP=1 -DHAVE_STRSEP=1 -DHAVE_STRTONUM=1 -DHAVE_EVENT2_EVENT_H=1 -DHAVE_NCURSES_H=1 -DHAVE_TIPARM=1 -DHAVE_TIPARM_S=1 -DHAVE_UTF8PROC=1 -DHAVE_B64_NTOP=1 -DHAVE_JEMALLOC=1 -DHAVE_DAEMON=1 -DHAVE_FORKPTY=1 -DHAVE___PROGNAME=1 -DBROKEN___DEAD=1 -DBROKEN_CMSG_FIRSTHDR=1 -I.  -I/opt/homebrew/Cellar/jemalloc/5.4.0/include -I/opt/homebrew/Cellar/utf8proc/2.12.0/include -DUTF8PROC_EXPORTS -D_DARWIN_C_SOURCE -DNCURSES_WIDECHAR -I/opt/homebrew/Cellar/ncurses/6.6/include/ncursesw -I/opt/homebrew/Cellar/ncurses/6.6/include -I/opt/homebrew/Cellar/libevent/2.1.13/include -DTMUX_VERSION='"3.7c"' -DTMUX_CONF='"/etc/tmux.conf:~/.tmux.conf:$XDG_CONFIG_HOME/tmux/tmux.conf:~/.config/tmux/tmux.conf"' -DTMUX_LOCK_CMD='"lock -np"' -DTMUX_TERM='"tmux-256color"'  -iquote.        -std=gnu99 -O2       -MT menu.o -MD -MP -MF $depbase.Tpo -c -o menu.o menu.c &&\
	mv -f $depbase.Tpo $depbase.Po
depbase=`echo mode-tree.o | sed 's|[^/]*$|.deps/&|;s|\.o$||'`;\
	gcc -std=gnu23 -DPACKAGE_NAME=\"tmux\" -DPACKAGE_TARNAME=\"tmux\" -DPACKAGE_VERSION=\"3.7c\" -DPACKAGE_STRING=\"tmux\ 3.7c\" -DPACKAGE_BUGREPORT=\"\" -DPACKAGE_URL=\"\" -DPACKAGE=\"tmux\" -DVERSION=\"3.7c\" -DHAVE_STDIO_H=1 -DHAVE_STDLIB_H=1 -DHAVE_STRING_H=1 -DHAVE_INTTYPES_H=1 -DHAVE_STDINT_H=1 -DHAVE_STRINGS_H=1 -DHAVE_SYS_STAT_H=1 -DHAVE_SYS_TYPES_H=1 -DHAVE_UNISTD_H=1 -DHAVE_WCHAR_H=1 -DSTDC_HEADERS=1 -D_ALL_SOURCE=1 -D_COSMO_SOURCE=1 -D_DARWIN_C_SOURCE=1 -D_GNU_SOURCE=1 -D_HPUX_ALT_XOPEN_SOCKET_API=1 -D_NETBSD_SOURCE=1 -D_OPENBSD_SOURCE=1 -D_POSIX_PTHREAD_SEMANTICS=1 -D__STDC_WANT_IEC_60559_ATTRIBS_EXT__=1 -D__STDC_WANT_IEC_60559_BFP_EXT__=1 -D__STDC_WANT_IEC_60559_DFP_EXT__=1 -D__STDC_WANT_IEC_60559_EXT__=1 -D__STDC_WANT_IEC_60559_FUNCS_EXT__=1 -D__STDC_WANT_IEC_60559_TYPES_EXT__=1 -D__STDC_WANT_LIB_EXT2__=1 -D__STDC_WANT_MATH_SPEC_FUNCS__=1 -D_TANDEM_SOURCE=1 -D__EXTENSIONS__=1 -DHAVE_BITSTRING_H=1 -DHAVE_DIRENT_H=1 -DHAVE_FCNTL_H=1 -DHAVE_INTTYPES_H=1 -DHAVE_LIBPROC_H=1 -DHAVE_PATHS_H=1 -DHAVE_STDINT_H=1 -DHAVE_SYS_DIR_H=1 -DHAVE_UTIL_H=1 -DHAVE_SYS_SIGNAME=1 -DHAVE_LIBM=1 -DHAVE_DIRFD=1 -DHAVE_FLOCK=1 -DHAVE_PROC_PIDINFO=1 -DHAVE_SYSCONF=1 -DHAVE_ASPRINTF=1 -DHAVE_CFMAKERAW=1 -DHAVE_CLOCK_GETTIME=1 -DHAVE_FGETLN=1 -DHAVE_GETDTABLESIZE=1 -DHAVE_GETPEEREID=1 -DHAVE_GETLINE=1 -DHAVE_GETPROGNAME=1 -DHAVE_MEMMEM=1 -DHAVE_SETENV=1 -DHAVE_STRCASESTR=1 -DHAVE_STRLCAT=1 -DHAVE_STRLCPY=1 -DHAVE_STRNDUP=1 -DHAVE_STRSEP=1 -DHAVE_STRTONUM=1 -DHAVE_EVENT2_EVENT_H=1 -DHAVE_NCURSES_H=1 -DHAVE_TIPARM=1 -DHAVE_TIPARM_S=1 -DHAVE_UTF8PROC=1 -DHAVE_B64_NTOP=1 -DHAVE_JEMALLOC=1 -DHAVE_DAEMON=1 -DHAVE_FORKPTY=1 -DHAVE___PROGNAME=1 -DBROKEN___DEAD=1 -DBROKEN_CMSG_FIRSTHDR=1 -I.  -I/opt/homebrew/Cellar/jemalloc/5.4.0/include -I/opt/homebrew/Cellar/utf8proc/2.12.0/include -DUTF8PROC_EXPORTS -D_DARWIN_C_SOURCE -DNCURSES_WIDECHAR -I/opt/homebrew/Cellar/ncurses/6.6/include/ncursesw -I/opt/homebrew/Cellar/ncurses/6.6/include -I/opt/homebrew/Cellar/libevent/2.1.13/include -DTMUX_VERSION='"3.7c"' -DTMUX_CONF='"/etc/tmux.conf:~/.tmux.conf:$XDG_CONFIG_HOME/tmux/tmux.conf:~/.config/tmux/tmux.conf"' -DTMUX_LOCK_CMD='"lock -np"' -DTMUX_TERM='"tmux-256color"'  -iquote.        -std=gnu99 -O2       -MT mode-tree.o -MD -MP -MF $depbase.Tpo -c -o mode-tree.o mode-tree.c &&\
	mv -f $depbase.Tpo $depbase.Po
depbase=`echo names.o | sed 's|[^/]*$|.deps/&|;s|\.o$||'`;\
	gcc -std=gnu23 -DPACKAGE_NAME=\"tmux\" -DPACKAGE_TARNAME=\"tmux\" -DPACKAGE_VERSION=\"3.7c\" -DPACKAGE_STRING=\"tmux\ 3.7c\" -DPACKAGE_BUGREPORT=\"\" -DPACKAGE_URL=\"\" -DPACKAGE=\"tmux\" -DVERSION=\"3.7c\" -DHAVE_STDIO_H=1 -DHAVE_STDLIB_H=1 -DHAVE_STRING_H=1 -DHAVE_INTTYPES_H=1 -DHAVE_STDINT_H=1 -DHAVE_STRINGS_H=1 -DHAVE_SYS_STAT_H=1 -DHAVE_SYS_TYPES_H=1 -DHAVE_UNISTD_H=1 -DHAVE_WCHAR_H=1 -DSTDC_HEADERS=1 -D_ALL_SOURCE=1 -D_COSMO_SOURCE=1 -D_DARWIN_C_SOURCE=1 -D_GNU_SOURCE=1 -D_HPUX_ALT_XOPEN_SOCKET_API=1 -D_NETBSD_SOURCE=1 -D_OPENBSD_SOURCE=1 -D_POSIX_PTHREAD_SEMANTICS=1 -D__STDC_WANT_IEC_60559_ATTRIBS_EXT__=1 -D__STDC_WANT_IEC_60559_BFP_EXT__=1 -D__STDC_WANT_IEC_60559_DFP_EXT__=1 -D__STDC_WANT_IEC_60559_EXT__=1 -D__STDC_WANT_IEC_60559_FUNCS_EXT__=1 -D__STDC_WANT_IEC_60559_TYPES_EXT__=1 -D__STDC_WANT_LIB_EXT2__=1 -D__STDC_WANT_MATH_SPEC_FUNCS__=1 -D_TANDEM_SOURCE=1 -D__EXTENSIONS__=1 -DHAVE_BITSTRING_H=1 -DHAVE_DIRENT_H=1 -DHAVE_FCNTL_H=1 -DHAVE_INTTYPES_H=1 -DHAVE_LIBPROC_H=1 -DHAVE_PATHS_H=1 -DHAVE_STDINT_H=1 -DHAVE_SYS_DIR_H=1 -DHAVE_UTIL_H=1 -DHAVE_SYS_SIGNAME=1 -DHAVE_LIBM=1 -DHAVE_DIRFD=1 -DHAVE_FLOCK=1 -DHAVE_PROC_PIDINFO=1 -DHAVE_SYSCONF=1 -DHAVE_ASPRINTF=1 -DHAVE_CFMAKERAW=1 -DHAVE_CLOCK_GETTIME=1 -DHAVE_FGETLN=1 -DHAVE_GETDTABLESIZE=1 -DHAVE_GETPEEREID=1 -DHAVE_GETLINE=1 -DHAVE_GETPROGNAME=1 -DHAVE_MEMMEM=1 -DHAVE_SETENV=1 -DHAVE_STRCASESTR=1 -DHAVE_STRLCAT=1 -DHAVE_STRLCPY=1 -DHAVE_STRNDUP=1 -DHAVE_STRSEP=1 -DHAVE_STRTONUM=1 -DHAVE_EVENT2_EVENT_H=1 -DHAVE_NCURSES_H=1 -DHAVE_TIPARM=1 -DHAVE_TIPARM_S=1 -DHAVE_UTF8PROC=1 -DHAVE_B64_NTOP=1 -DHAVE_JEMALLOC=1 -DHAVE_DAEMON=1 -DHAVE_FORKPTY=1 -DHAVE___PROGNAME=1 -DBROKEN___DEAD=1 -DBROKEN_CMSG_FIRSTHDR=1 -I.  -I/opt/homebrew/Cellar/jemalloc/5.4.0/include -I/opt/homebrew/Cellar/utf8proc/2.12.0/include -DUTF8PROC_EXPORTS -D_DARWIN_C_SOURCE -DNCURSES_WIDECHAR -I/opt/homebrew/Cellar/ncurses/6.6/include/ncursesw -I/opt/homebrew/Cellar/ncurses/6.6/include -I/opt/homebrew/Cellar/libevent/2.1.13/include -DTMUX_VERSION='"3.7c"' -DTMUX_CONF='"/etc/tmux.conf:~/.tmux.conf:$XDG_CONFIG_HOME/tmux/tmux.conf:~/.config/tmux/tmux.conf"' -DTMUX_LOCK_CMD='"lock -np"' -DTMUX_TERM='"tmux-256color"'  -iquote.        -std=gnu99 -O2       -MT names.o -MD -MP -MF $depbase.Tpo -c -o names.o names.c &&\
	mv -f $depbase.Tpo $depbase.Po
depbase=`echo notify.o | sed 's|[^/]*$|.deps/&|;s|\.o$||'`;\
	gcc -std=gnu23 -DPACKAGE_NAME=\"tmux\" -DPACKAGE_TARNAME=\"tmux\" -DPACKAGE_VERSION=\"3.7c\" -DPACKAGE_STRING=\"tmux\ 3.7c\" -DPACKAGE_BUGREPORT=\"\" -DPACKAGE_URL=\"\" -DPACKAGE=\"tmux\" -DVERSION=\"3.7c\" -DHAVE_STDIO_H=1 -DHAVE_STDLIB_H=1 -DHAVE_STRING_H=1 -DHAVE_INTTYPES_H=1 -DHAVE_STDINT_H=1 -DHAVE_STRINGS_H=1 -DHAVE_SYS_STAT_H=1 -DHAVE_SYS_TYPES_H=1 -DHAVE_UNISTD_H=1 -DHAVE_WCHAR_H=1 -DSTDC_HEADERS=1 -D_ALL_SOURCE=1 -D_COSMO_SOURCE=1 -D_DARWIN_C_SOURCE=1 -D_GNU_SOURCE=1 -D_HPUX_ALT_XOPEN_SOCKET_API=1 -D_NETBSD_SOURCE=1 -D_OPENBSD_SOURCE=1 -D_POSIX_PTHREAD_SEMANTICS=1 -D__STDC_WANT_IEC_60559_ATTRIBS_EXT__=1 -D__STDC_WANT_IEC_60559_BFP_EXT__=1 -D__STDC_WANT_IEC_60559_DFP_EXT__=1 -D__STDC_WANT_IEC_60559_EXT__=1 -D__STDC_WANT_IEC_60559_FUNCS_EXT__=1 -D__STDC_WANT_IEC_60559_TYPES_EXT__=1 -D__STDC_WANT_LIB_EXT2__=1 -D__STDC_WANT_MATH_SPEC_FUNCS__=1 -D_TANDEM_SOURCE=1 -D__EXTENSIONS__=1 -DHAVE_BITSTRING_H=1 -DHAVE_DIRENT_H=1 -DHAVE_FCNTL_H=1 -DHAVE_INTTYPES_H=1 -DHAVE_LIBPROC_H=1 -DHAVE_PATHS_H=1 -DHAVE_STDINT_H=1 -DHAVE_SYS_DIR_H=1 -DHAVE_UTIL_H=1 -DHAVE_SYS_SIGNAME=1 -DHAVE_LIBM=1 -DHAVE_DIRFD=1 -DHAVE_FLOCK=1 -DHAVE_PROC_PIDINFO=1 -DHAVE_SYSCONF=1 -DHAVE_ASPRINTF=1 -DHAVE_CFMAKERAW=1 -DHAVE_CLOCK_GETTIME=1 -DHAVE_FGETLN=1 -DHAVE_GETDTABLESIZE=1 -DHAVE_GETPEEREID=1 -DHAVE_GETLINE=1 -DHAVE_GETPROGNAME=1 -DHAVE_MEMMEM=1 -DHAVE_SETENV=1 -DHAVE_STRCASESTR=1 -DHAVE_STRLCAT=1 -DHAVE_STRLCPY=1 -DHAVE_STRNDUP=1 -DHAVE_STRSEP=1 -DHAVE_STRTONUM=1 -DHAVE_EVENT2_EVENT_H=1 -DHAVE_NCURSES_H=1 -DHAVE_TIPARM=1 -DHAVE_TIPARM_S=1 -DHAVE_UTF8PROC=1 -DHAVE_B64_NTOP=1 -DHAVE_JEMALLOC=1 -DHAVE_DAEMON=1 -DHAVE_FORKPTY=1 -DHAVE___PROGNAME=1 -DBROKEN___DEAD=1 -DBROKEN_CMSG_FIRSTHDR=1 -I.  -I/opt/homebrew/Cellar/jemalloc/5.4.0/include -I/opt/homebrew/Cellar/utf8proc/2.12.0/include -DUTF8PROC_EXPORTS -D_DARWIN_C_SOURCE -DNCURSES_WIDECHAR -I/opt/homebrew/Cellar/ncurses/6.6/include/ncursesw -I/opt/homebrew/Cellar/ncurses/6.6/include -I/opt/homebrew/Cellar/libevent/2.1.13/include -DTMUX_VERSION='"3.7c"' -DTMUX_CONF='"/etc/tmux.conf:~/.tmux.conf:$XDG_CONFIG_HOME/tmux/tmux.conf:~/.config/tmux/tmux.conf"' -DTMUX_LOCK_CMD='"lock -np"' -DTMUX_TERM='"tmux-256color"'  -iquote.        -std=gnu99 -O2       -MT notify.o -MD -MP -MF $depbase.Tpo -c -o notify.o notify.c &&\
	mv -f $depbase.Tpo $depbase.Po
depbase=`echo options-table.o | sed 's|[^/]*$|.deps/&|;s|\.o$||'`;\
	gcc -std=gnu23 -DPACKAGE_NAME=\"tmux\" -DPACKAGE_TARNAME=\"tmux\" -DPACKAGE_VERSION=\"3.7c\" -DPACKAGE_STRING=\"tmux\ 3.7c\" -DPACKAGE_BUGREPORT=\"\" -DPACKAGE_URL=\"\" -DPACKAGE=\"tmux\" -DVERSION=\"3.7c\" -DHAVE_STDIO_H=1 -DHAVE_STDLIB_H=1 -DHAVE_STRING_H=1 -DHAVE_INTTYPES_H=1 -DHAVE_STDINT_H=1 -DHAVE_STRINGS_H=1 -DHAVE_SYS_STAT_H=1 -DHAVE_SYS_TYPES_H=1 -DHAVE_UNISTD_H=1 -DHAVE_WCHAR_H=1 -DSTDC_HEADERS=1 -D_ALL_SOURCE=1 -D_COSMO_SOURCE=1 -D_DARWIN_C_SOURCE=1 -D_GNU_SOURCE=1 -D_HPUX_ALT_XOPEN_SOCKET_API=1 -D_NETBSD_SOURCE=1 -D_OPENBSD_SOURCE=1 -D_POSIX_PTHREAD_SEMANTICS=1 -D__STDC_WANT_IEC_60559_ATTRIBS_EXT__=1 -D__STDC_WANT_IEC_60559_BFP_EXT__=1 -D__STDC_WANT_IEC_60559_DFP_EXT__=1 -D__STDC_WANT_IEC_60559_EXT__=1 -D__STDC_WANT_IEC_60559_FUNCS_EXT__=1 -D__STDC_WANT_IEC_60559_TYPES_EXT__=1 -D__STDC_WANT_LIB_EXT2__=1 -D__STDC_WANT_MATH_SPEC_FUNCS__=1 -D_TANDEM_SOURCE=1 -D__EXTENSIONS__=1 -DHAVE_BITSTRING_H=1 -DHAVE_DIRENT_H=1 -DHAVE_FCNTL_H=1 -DHAVE_INTTYPES_H=1 -DHAVE_LIBPROC_H=1 -DHAVE_PATHS_H=1 -DHAVE_STDINT_H=1 -DHAVE_SYS_DIR_H=1 -DHAVE_UTIL_H=1 -DHAVE_SYS_SIGNAME=1 -DHAVE_LIBM=1 -DHAVE_DIRFD=1 -DHAVE_FLOCK=1 -DHAVE_PROC_PIDINFO=1 -DHAVE_SYSCONF=1 -DHAVE_ASPRINTF=1 -DHAVE_CFMAKERAW=1 -DHAVE_CLOCK_GETTIME=1 -DHAVE_FGETLN=1 -DHAVE_GETDTABLESIZE=1 -DHAVE_GETPEEREID=1 -DHAVE_GETLINE=1 -DHAVE_GETPROGNAME=1 -DHAVE_MEMMEM=1 -DHAVE_SETENV=1 -DHAVE_STRCASESTR=1 -DHAVE_STRLCAT=1 -DHAVE_STRLCPY=1 -DHAVE_STRNDUP=1 -DHAVE_STRSEP=1 -DHAVE_STRTONUM=1 -DHAVE_EVENT2_EVENT_H=1 -DHAVE_NCURSES_H=1 -DHAVE_TIPARM=1 -DHAVE_TIPARM_S=1 -DHAVE_UTF8PROC=1 -DHAVE_B64_NTOP=1 -DHAVE_JEMALLOC=1 -DHAVE_DAEMON=1 -DHAVE_FORKPTY=1 -DHAVE___PROGNAME=1 -DBROKEN___DEAD=1 -DBROKEN_CMSG_FIRSTHDR=1 -I.  -I/opt/homebrew/Cellar/jemalloc/5.4.0/include -I/opt/homebrew/Cellar/utf8proc/2.12.0/include -DUTF8PROC_EXPORTS -D_DARWIN_C_SOURCE -DNCURSES_WIDECHAR -I/opt/homebrew/Cellar/ncurses/6.6/include/ncursesw -I/opt/homebrew/Cellar/ncurses/6.6/include -I/opt/homebrew/Cellar/libevent/2.1.13/include -DTMUX_VERSION='"3.7c"' -DTMUX_CONF='"/etc/tmux.conf:~/.tmux.conf:$XDG_CONFIG_HOME/tmux/tmux.conf:~/.config/tmux/tmux.conf"' -DTMUX_LOCK_CMD='"lock -np"' -DTMUX_TERM='"tmux-256color"'  -iquote.        -std=gnu99 -O2       -MT options-table.o -MD -MP -MF $depbase.Tpo -c -o options-table.o options-table.c &&\
	mv -f $depbase.Tpo $depbase.Po
depbase=`echo options.o | sed 's|[^/]*$|.deps/&|;s|\.o$||'`;\
	gcc -std=gnu23 -DPACKAGE_NAME=\"tmux\" -DPACKAGE_TARNAME=\"tmux\" -DPACKAGE_VERSION=\"3.7c\" -DPACKAGE_STRING=\"tmux\ 3.7c\" -DPACKAGE_BUGREPORT=\"\" -DPACKAGE_URL=\"\" -DPACKAGE=\"tmux\" -DVERSION=\"3.7c\" -DHAVE_STDIO_H=1 -DHAVE_STDLIB_H=1 -DHAVE_STRING_H=1 -DHAVE_INTTYPES_H=1 -DHAVE_STDINT_H=1 -DHAVE_STRINGS_H=1 -DHAVE_SYS_STAT_H=1 -DHAVE_SYS_TYPES_H=1 -DHAVE_UNISTD_H=1 -DHAVE_WCHAR_H=1 -DSTDC_HEADERS=1 -D_ALL_SOURCE=1 -D_COSMO_SOURCE=1 -D_DARWIN_C_SOURCE=1 -D_GNU_SOURCE=1 -D_HPUX_ALT_XOPEN_SOCKET_API=1 -D_NETBSD_SOURCE=1 -D_OPENBSD_SOURCE=1 -D_POSIX_PTHREAD_SEMANTICS=1 -D__STDC_WANT_IEC_60559_ATTRIBS_EXT__=1 -D__STDC_WANT_IEC_60559_BFP_EXT__=1 -D__STDC_WANT_IEC_60559_DFP_EXT__=1 -D__STDC_WANT_IEC_60559_EXT__=1 -D__STDC_WANT_IEC_60559_FUNCS_EXT__=1 -D__STDC_WANT_IEC_60559_TYPES_EXT__=1 -D__STDC_WANT_LIB_EXT2__=1 -D__STDC_WANT_MATH_SPEC_FUNCS__=1 -D_TANDEM_SOURCE=1 -D__EXTENSIONS__=1 -DHAVE_BITSTRING_H=1 -DHAVE_DIRENT_H=1 -DHAVE_FCNTL_H=1 -DHAVE_INTTYPES_H=1 -DHAVE_LIBPROC_H=1 -DHAVE_PATHS_H=1 -DHAVE_STDINT_H=1 -DHAVE_SYS_DIR_H=1 -DHAVE_UTIL_H=1 -DHAVE_SYS_SIGNAME=1 -DHAVE_LIBM=1 -DHAVE_DIRFD=1 -DHAVE_FLOCK=1 -DHAVE_PROC_PIDINFO=1 -DHAVE_SYSCONF=1 -DHAVE_ASPRINTF=1 -DHAVE_CFMAKERAW=1 -DHAVE_CLOCK_GETTIME=1 -DHAVE_FGETLN=1 -DHAVE_GETDTABLESIZE=1 -DHAVE_GETPEEREID=1 -DHAVE_GETLINE=1 -DHAVE_GETPROGNAME=1 -DHAVE_MEMMEM=1 -DHAVE_SETENV=1 -DHAVE_STRCASESTR=1 -DHAVE_STRLCAT=1 -DHAVE_STRLCPY=1 -DHAVE_STRNDUP=1 -DHAVE_STRSEP=1 -DHAVE_STRTONUM=1 -DHAVE_EVENT2_EVENT_H=1 -DHAVE_NCURSES_H=1 -DHAVE_TIPARM=1 -DHAVE_TIPARM_S=1 -DHAVE_UTF8PROC=1 -DHAVE_B64_NTOP=1 -DHAVE_JEMALLOC=1 -DHAVE_DAEMON=1 -DHAVE_FORKPTY=1 -DHAVE___PROGNAME=1 -DBROKEN___DEAD=1 -DBROKEN_CMSG_FIRSTHDR=1 -I.  -I/opt/homebrew/Cellar/jemalloc/5.4.0/include -I/opt/homebrew/Cellar/utf8proc/2.12.0/include -DUTF8PROC_EXPORTS -D_DARWIN_C_SOURCE -DNCURSES_WIDECHAR -I/opt/homebrew/Cellar/ncurses/6.6/include/ncursesw -I/opt/homebrew/Cellar/ncurses/6.6/include -I/opt/homebrew/Cellar/libevent/2.1.13/include -DTMUX_VERSION='"3.7c"' -DTMUX_CONF='"/etc/tmux.conf:~/.tmux.conf:$XDG_CONFIG_HOME/tmux/tmux.conf:~/.config/tmux/tmux.conf"' -DTMUX_LOCK_CMD='"lock -np"' -DTMUX_TERM='"tmux-256color"'  -iquote.        -std=gnu99 -O2       -MT options.o -MD -MP -MF $depbase.Tpo -c -o options.o options.c &&\
	mv -f $depbase.Tpo $depbase.Po
depbase=`echo paste.o | sed 's|[^/]*$|.deps/&|;s|\.o$||'`;\
	gcc -std=gnu23 -DPACKAGE_NAME=\"tmux\" -DPACKAGE_TARNAME=\"tmux\" -DPACKAGE_VERSION=\"3.7c\" -DPACKAGE_STRING=\"tmux\ 3.7c\" -DPACKAGE_BUGREPORT=\"\" -DPACKAGE_URL=\"\" -DPACKAGE=\"tmux\" -DVERSION=\"3.7c\" -DHAVE_STDIO_H=1 -DHAVE_STDLIB_H=1 -DHAVE_STRING_H=1 -DHAVE_INTTYPES_H=1 -DHAVE_STDINT_H=1 -DHAVE_STRINGS_H=1 -DHAVE_SYS_STAT_H=1 -DHAVE_SYS_TYPES_H=1 -DHAVE_UNISTD_H=1 -DHAVE_WCHAR_H=1 -DSTDC_HEADERS=1 -D_ALL_SOURCE=1 -D_COSMO_SOURCE=1 -D_DARWIN_C_SOURCE=1 -D_GNU_SOURCE=1 -D_HPUX_ALT_XOPEN_SOCKET_API=1 -D_NETBSD_SOURCE=1 -D_OPENBSD_SOURCE=1 -D_POSIX_PTHREAD_SEMANTICS=1 -D__STDC_WANT_IEC_60559_ATTRIBS_EXT__=1 -D__STDC_WANT_IEC_60559_BFP_EXT__=1 -D__STDC_WANT_IEC_60559_DFP_EXT__=1 -D__STDC_WANT_IEC_60559_EXT__=1 -D__STDC_WANT_IEC_60559_FUNCS_EXT__=1 -D__STDC_WANT_IEC_60559_TYPES_EXT__=1 -D__STDC_WANT_LIB_EXT2__=1 -D__STDC_WANT_MATH_SPEC_FUNCS__=1 -D_TANDEM_SOURCE=1 -D__EXTENSIONS__=1 -DHAVE_BITSTRING_H=1 -DHAVE_DIRENT_H=1 -DHAVE_FCNTL_H=1 -DHAVE_INTTYPES_H=1 -DHAVE_LIBPROC_H=1 -DHAVE_PATHS_H=1 -DHAVE_STDINT_H=1 -DHAVE_SYS_DIR_H=1 -DHAVE_UTIL_H=1 -DHAVE_SYS_SIGNAME=1 -DHAVE_LIBM=1 -DHAVE_DIRFD=1 -DHAVE_FLOCK=1 -DHAVE_PROC_PIDINFO=1 -DHAVE_SYSCONF=1 -DHAVE_ASPRINTF=1 -DHAVE_CFMAKERAW=1 -DHAVE_CLOCK_GETTIME=1 -DHAVE_FGETLN=1 -DHAVE_GETDTABLESIZE=1 -DHAVE_GETPEEREID=1 -DHAVE_GETLINE=1 -DHAVE_GETPROGNAME=1 -DHAVE_MEMMEM=1 -DHAVE_SETENV=1 -DHAVE_STRCASESTR=1 -DHAVE_STRLCAT=1 -DHAVE_STRLCPY=1 -DHAVE_STRNDUP=1 -DHAVE_STRSEP=1 -DHAVE_STRTONUM=1 -DHAVE_EVENT2_EVENT_H=1 -DHAVE_NCURSES_H=1 -DHAVE_TIPARM=1 -DHAVE_TIPARM_S=1 -DHAVE_UTF8PROC=1 -DHAVE_B64_NTOP=1 -DHAVE_JEMALLOC=1 -DHAVE_DAEMON=1 -DHAVE_FORKPTY=1 -DHAVE___PROGNAME=1 -DBROKEN___DEAD=1 -DBROKEN_CMSG_FIRSTHDR=1 -I.  -I/opt/homebrew/Cellar/jemalloc/5.4.0/include -I/opt/homebrew/Cellar/utf8proc/2.12.0/include -DUTF8PROC_EXPORTS -D_DARWIN_C_SOURCE -DNCURSES_WIDECHAR -I/opt/homebrew/Cellar/ncurses/6.6/include/ncursesw -I/opt/homebrew/Cellar/ncurses/6.6/include -I/opt/homebrew/Cellar/libevent/2.1.13/include -DTMUX_VERSION='"3.7c"' -DTMUX_CONF='"/etc/tmux.conf:~/.tmux.conf:$XDG_CONFIG_HOME/tmux/tmux.conf:~/.config/tmux/tmux.conf"' -DTMUX_LOCK_CMD='"lock -np"' -DTMUX_TERM='"tmux-256color"'  -iquote.        -std=gnu99 -O2       -MT paste.o -MD -MP -MF $depbase.Tpo -c -o paste.o paste.c &&\
	mv -f $depbase.Tpo $depbase.Po
depbase=`echo popup.o | sed 's|[^/]*$|.deps/&|;s|\.o$||'`;\
	gcc -std=gnu23 -DPACKAGE_NAME=\"tmux\" -DPACKAGE_TARNAME=\"tmux\" -DPACKAGE_VERSION=\"3.7c\" -DPACKAGE_STRING=\"tmux\ 3.7c\" -DPACKAGE_BUGREPORT=\"\" -DPACKAGE_URL=\"\" -DPACKAGE=\"tmux\" -DVERSION=\"3.7c\" -DHAVE_STDIO_H=1 -DHAVE_STDLIB_H=1 -DHAVE_STRING_H=1 -DHAVE_INTTYPES_H=1 -DHAVE_STDINT_H=1 -DHAVE_STRINGS_H=1 -DHAVE_SYS_STAT_H=1 -DHAVE_SYS_TYPES_H=1 -DHAVE_UNISTD_H=1 -DHAVE_WCHAR_H=1 -DSTDC_HEADERS=1 -D_ALL_SOURCE=1 -D_COSMO_SOURCE=1 -D_DARWIN_C_SOURCE=1 -D_GNU_SOURCE=1 -D_HPUX_ALT_XOPEN_SOCKET_API=1 -D_NETBSD_SOURCE=1 -D_OPENBSD_SOURCE=1 -D_POSIX_PTHREAD_SEMANTICS=1 -D__STDC_WANT_IEC_60559_ATTRIBS_EXT__=1 -D__STDC_WANT_IEC_60559_BFP_EXT__=1 -D__STDC_WANT_IEC_60559_DFP_EXT__=1 -D__STDC_WANT_IEC_60559_EXT__=1 -D__STDC_WANT_IEC_60559_FUNCS_EXT__=1 -D__STDC_WANT_IEC_60559_TYPES_EXT__=1 -D__STDC_WANT_LIB_EXT2__=1 -D__STDC_WANT_MATH_SPEC_FUNCS__=1 -D_TANDEM_SOURCE=1 -D__EXTENSIONS__=1 -DHAVE_BITSTRING_H=1 -DHAVE_DIRENT_H=1 -DHAVE_FCNTL_H=1 -DHAVE_INTTYPES_H=1 -DHAVE_LIBPROC_H=1 -DHAVE_PATHS_H=1 -DHAVE_STDINT_H=1 -DHAVE_SYS_DIR_H=1 -DHAVE_UTIL_H=1 -DHAVE_SYS_SIGNAME=1 -DHAVE_LIBM=1 -DHAVE_DIRFD=1 -DHAVE_FLOCK=1 -DHAVE_PROC_PIDINFO=1 -DHAVE_SYSCONF=1 -DHAVE_ASPRINTF=1 -DHAVE_CFMAKERAW=1 -DHAVE_CLOCK_GETTIME=1 -DHAVE_FGETLN=1 -DHAVE_GETDTABLESIZE=1 -DHAVE_GETPEEREID=1 -DHAVE_GETLINE=1 -DHAVE_GETPROGNAME=1 -DHAVE_MEMMEM=1 -DHAVE_SETENV=1 -DHAVE_STRCASESTR=1 -DHAVE_STRLCAT=1 -DHAVE_STRLCPY=1 -DHAVE_STRNDUP=1 -DHAVE_STRSEP=1 -DHAVE_STRTONUM=1 -DHAVE_EVENT2_EVENT_H=1 -DHAVE_NCURSES_H=1 -DHAVE_TIPARM=1 -DHAVE_TIPARM_S=1 -DHAVE_UTF8PROC=1 -DHAVE_B64_NTOP=1 -DHAVE_JEMALLOC=1 -DHAVE_DAEMON=1 -DHAVE_FORKPTY=1 -DHAVE___PROGNAME=1 -DBROKEN___DEAD=1 -DBROKEN_CMSG_FIRSTHDR=1 -I.  -I/opt/homebrew/Cellar/jemalloc/5.4.0/include -I/opt/homebrew/Cellar/utf8proc/2.12.0/include -DUTF8PROC_EXPORTS -D_DARWIN_C_SOURCE -DNCURSES_WIDECHAR -I/opt/homebrew/Cellar/ncurses/6.6/include/ncursesw -I/opt/homebrew/Cellar/ncurses/6.6/include -I/opt/homebrew/Cellar/libevent/2.1.13/include -DTMUX_VERSION='"3.7c"' -DTMUX_CONF='"/etc/tmux.conf:~/.tmux.conf:$XDG_CONFIG_HOME/tmux/tmux.conf:~/.config/tmux/tmux.conf"' -DTMUX_LOCK_CMD='"lock -np"' -DTMUX_TERM='"tmux-256color"'  -iquote.        -std=gnu99 -O2       -MT popup.o -MD -MP -MF $depbase.Tpo -c -o popup.o popup.c &&\
	mv -f $depbase.Tpo $depbase.Po
depbase=`echo proc.o | sed 's|[^/]*$|.deps/&|;s|\.o$||'`;\
	gcc -std=gnu23 -DPACKAGE_NAME=\"tmux\" -DPACKAGE_TARNAME=\"tmux\" -DPACKAGE_VERSION=\"3.7c\" -DPACKAGE_STRING=\"tmux\ 3.7c\" -DPACKAGE_BUGREPORT=\"\" -DPACKAGE_URL=\"\" -DPACKAGE=\"tmux\" -DVERSION=\"3.7c\" -DHAVE_STDIO_H=1 -DHAVE_STDLIB_H=1 -DHAVE_STRING_H=1 -DHAVE_INTTYPES_H=1 -DHAVE_STDINT_H=1 -DHAVE_STRINGS_H=1 -DHAVE_SYS_STAT_H=1 -DHAVE_SYS_TYPES_H=1 -DHAVE_UNISTD_H=1 -DHAVE_WCHAR_H=1 -DSTDC_HEADERS=1 -D_ALL_SOURCE=1 -D_COSMO_SOURCE=1 -D_DARWIN_C_SOURCE=1 -D_GNU_SOURCE=1 -D_HPUX_ALT_XOPEN_SOCKET_API=1 -D_NETBSD_SOURCE=1 -D_OPENBSD_SOURCE=1 -D_POSIX_PTHREAD_SEMANTICS=1 -D__STDC_WANT_IEC_60559_ATTRIBS_EXT__=1 -D__STDC_WANT_IEC_60559_BFP_EXT__=1 -D__STDC_WANT_IEC_60559_DFP_EXT__=1 -D__STDC_WANT_IEC_60559_EXT__=1 -D__STDC_WANT_IEC_60559_FUNCS_EXT__=1 -D__STDC_WANT_IEC_60559_TYPES_EXT__=1 -D__STDC_WANT_LIB_EXT2__=1 -D__STDC_WANT_MATH_SPEC_FUNCS__=1 -D_TANDEM_SOURCE=1 -D__EXTENSIONS__=1 -DHAVE_BITSTRING_H=1 -DHAVE_DIRENT_H=1 -DHAVE_FCNTL_H=1 -DHAVE_INTTYPES_H=1 -DHAVE_LIBPROC_H=1 -DHAVE_PATHS_H=1 -DHAVE_STDINT_H=1 -DHAVE_SYS_DIR_H=1 -DHAVE_UTIL_H=1 -DHAVE_SYS_SIGNAME=1 -DHAVE_LIBM=1 -DHAVE_DIRFD=1 -DHAVE_FLOCK=1 -DHAVE_PROC_PIDINFO=1 -DHAVE_SYSCONF=1 -DHAVE_ASPRINTF=1 -DHAVE_CFMAKERAW=1 -DHAVE_CLOCK_GETTIME=1 -DHAVE_FGETLN=1 -DHAVE_GETDTABLESIZE=1 -DHAVE_GETPEEREID=1 -DHAVE_GETLINE=1 -DHAVE_GETPROGNAME=1 -DHAVE_MEMMEM=1 -DHAVE_SETENV=1 -DHAVE_STRCASESTR=1 -DHAVE_STRLCAT=1 -DHAVE_STRLCPY=1 -DHAVE_STRNDUP=1 -DHAVE_STRSEP=1 -DHAVE_STRTONUM=1 -DHAVE_EVENT2_EVENT_H=1 -DHAVE_NCURSES_H=1 -DHAVE_TIPARM=1 -DHAVE_TIPARM_S=1 -DHAVE_UTF8PROC=1 -DHAVE_B64_NTOP=1 -DHAVE_JEMALLOC=1 -DHAVE_DAEMON=1 -DHAVE_FORKPTY=1 -DHAVE___PROGNAME=1 -DBROKEN___DEAD=1 -DBROKEN_CMSG_FIRSTHDR=1 -I.  -I/opt/homebrew/Cellar/jemalloc/5.4.0/include -I/opt/homebrew/Cellar/utf8proc/2.12.0/include -DUTF8PROC_EXPORTS -D_DARWIN_C_SOURCE -DNCURSES_WIDECHAR -I/opt/homebrew/Cellar/ncurses/6.6/include/ncursesw -I/opt/homebrew/Cellar/ncurses/6.6/include -I/opt/homebrew/Cellar/libevent/2.1.13/include -DTMUX_VERSION='"3.7c"' -DTMUX_CONF='"/etc/tmux.conf:~/.tmux.conf:$XDG_CONFIG_HOME/tmux/tmux.conf:~/.config/tmux/tmux.conf"' -DTMUX_LOCK_CMD='"lock -np"' -DTMUX_TERM='"tmux-256color"'  -iquote.        -std=gnu99 -O2       -MT proc.o -MD -MP -MF $depbase.Tpo -c -o proc.o proc.c &&\
	mv -f $depbase.Tpo $depbase.Po
popup.c:889:62: warning: passing 'const char *' to parameter of type 'const u_char *' (aka 'const unsigned char *') converts between pointers to integer types where one is of the unique plain 'char' type and the other is not [-Wpointer-sign]
  889 |         input_parse_screen(pd->ictx, &pd->s, popup_init_ctx_cb, pd, data, size);
      |                                                                     ^~~~
./tmux.h:3202:55: note: passing argument to parameter here
 3202 |              screen_write_init_ctx_cb, void *, const u_char *, size_t);
      |                                                              ^
1 warning generated.
depbase=`echo regsub.o | sed 's|[^/]*$|.deps/&|;s|\.o$||'`;\
	gcc -std=gnu23 -DPACKAGE_NAME=\"tmux\" -DPACKAGE_TARNAME=\"tmux\" -DPACKAGE_VERSION=\"3.7c\" -DPACKAGE_STRING=\"tmux\ 3.7c\" -DPACKAGE_BUGREPORT=\"\" -DPACKAGE_URL=\"\" -DPACKAGE=\"tmux\" -DVERSION=\"3.7c\" -DHAVE_STDIO_H=1 -DHAVE_STDLIB_H=1 -DHAVE_STRING_H=1 -DHAVE_INTTYPES_H=1 -DHAVE_STDINT_H=1 -DHAVE_STRINGS_H=1 -DHAVE_SYS_STAT_H=1 -DHAVE_SYS_TYPES_H=1 -DHAVE_UNISTD_H=1 -DHAVE_WCHAR_H=1 -DSTDC_HEADERS=1 -D_ALL_SOURCE=1 -D_COSMO_SOURCE=1 -D_DARWIN_C_SOURCE=1 -D_GNU_SOURCE=1 -D_HPUX_ALT_XOPEN_SOCKET_API=1 -D_NETBSD_SOURCE=1 -D_OPENBSD_SOURCE=1 -D_POSIX_PTHREAD_SEMANTICS=1 -D__STDC_WANT_IEC_60559_ATTRIBS_EXT__=1 -D__STDC_WANT_IEC_60559_BFP_EXT__=1 -D__STDC_WANT_IEC_60559_DFP_EXT__=1 -D__STDC_WANT_IEC_60559_EXT__=1 -D__STDC_WANT_IEC_60559_FUNCS_EXT__=1 -D__STDC_WANT_IEC_60559_TYPES_EXT__=1 -D__STDC_WANT_LIB_EXT2__=1 -D__STDC_WANT_MATH_SPEC_FUNCS__=1 -D_TANDEM_SOURCE=1 -D__EXTENSIONS__=1 -DHAVE_BITSTRING_H=1 -DHAVE_DIRENT_H=1 -DHAVE_FCNTL_H=1 -DHAVE_INTTYPES_H=1 -DHAVE_LIBPROC_H=1 -DHAVE_PATHS_H=1 -DHAVE_STDINT_H=1 -DHAVE_SYS_DIR_H=1 -DHAVE_UTIL_H=1 -DHAVE_SYS_SIGNAME=1 -DHAVE_LIBM=1 -DHAVE_DIRFD=1 -DHAVE_FLOCK=1 -DHAVE_PROC_PIDINFO=1 -DHAVE_SYSCONF=1 -DHAVE_ASPRINTF=1 -DHAVE_CFMAKERAW=1 -DHAVE_CLOCK_GETTIME=1 -DHAVE_FGETLN=1 -DHAVE_GETDTABLESIZE=1 -DHAVE_GETPEEREID=1 -DHAVE_GETLINE=1 -DHAVE_GETPROGNAME=1 -DHAVE_MEMMEM=1 -DHAVE_SETENV=1 -DHAVE_STRCASESTR=1 -DHAVE_STRLCAT=1 -DHAVE_STRLCPY=1 -DHAVE_STRNDUP=1 -DHAVE_STRSEP=1 -DHAVE_STRTONUM=1 -DHAVE_EVENT2_EVENT_H=1 -DHAVE_NCURSES_H=1 -DHAVE_TIPARM=1 -DHAVE_TIPARM_S=1 -DHAVE_UTF8PROC=1 -DHAVE_B64_NTOP=1 -DHAVE_JEMALLOC=1 -DHAVE_DAEMON=1 -DHAVE_FORKPTY=1 -DHAVE___PROGNAME=1 -DBROKEN___DEAD=1 -DBROKEN_CMSG_FIRSTHDR=1 -I.  -I/opt/homebrew/Cellar/jemalloc/5.4.0/include -I/opt/homebrew/Cellar/utf8proc/2.12.0/include -DUTF8PROC_EXPORTS -D_DARWIN_C_SOURCE -DNCURSES_WIDECHAR -I/opt/homebrew/Cellar/ncurses/6.6/include/ncursesw -I/opt/homebrew/Cellar/ncurses/6.6/include -I/opt/homebrew/Cellar/libevent/2.1.13/include -DTMUX_VERSION='"3.7c"' -DTMUX_CONF='"/etc/tmux.conf:~/.tmux.conf:$XDG_CONFIG_HOME/tmux/tmux.conf:~/.config/tmux/tmux.conf"' -DTMUX_LOCK_CMD='"lock -np"' -DTMUX_TERM='"tmux-256color"'  -iquote.        -std=gnu99 -O2       -MT regsub.o -MD -MP -MF $depbase.Tpo -c -o regsub.o regsub.c &&\
	mv -f $depbase.Tpo $depbase.Po
proc.c:385:7: warning: 'daemon' is deprecated: first deprecated in macOS 10.5 - Use posix_spawn APIs instead. [-Wdeprecated-declarations]
  385 |                 if (daemon(1, 0) != 0)
      |                     ^
/Applications/Xcode.app/Contents/Developer/Platforms/MacOSX.platform/Developer/SDKs/MacOSX.sdk/usr/include/_stdlib.h:324:6: note: 'daemon' has been explicitly marked deprecated here
  324 | int      daemon(int, int) __DARWIN_1050(daemon) __OSX_AVAILABLE_BUT_DEPRECATED_MSG(__MAC_10_0, __MAC_10_5, __IPHONE_2_0, __IPHONE_2_0, "Use posix_spawn APIs instead.") __WATCHOS_PROHIBITED __TVOS_PROHIBITED;
      |          ^
1 warning generated.
depbase=`echo resize.o | sed 's|[^/]*$|.deps/&|;s|\.o$||'`;\
	gcc -std=gnu23 -DPACKAGE_NAME=\"tmux\" -DPACKAGE_TARNAME=\"tmux\" -DPACKAGE_VERSION=\"3.7c\" -DPACKAGE_STRING=\"tmux\ 3.7c\" -DPACKAGE_BUGREPORT=\"\" -DPACKAGE_URL=\"\" -DPACKAGE=\"tmux\" -DVERSION=\"3.7c\" -DHAVE_STDIO_H=1 -DHAVE_STDLIB_H=1 -DHAVE_STRING_H=1 -DHAVE_INTTYPES_H=1 -DHAVE_STDINT_H=1 -DHAVE_STRINGS_H=1 -DHAVE_SYS_STAT_H=1 -DHAVE_SYS_TYPES_H=1 -DHAVE_UNISTD_H=1 -DHAVE_WCHAR_H=1 -DSTDC_HEADERS=1 -D_ALL_SOURCE=1 -D_COSMO_SOURCE=1 -D_DARWIN_C_SOURCE=1 -D_GNU_SOURCE=1 -D_HPUX_ALT_XOPEN_SOCKET_API=1 -D_NETBSD_SOURCE=1 -D_OPENBSD_SOURCE=1 -D_POSIX_PTHREAD_SEMANTICS=1 -D__STDC_WANT_IEC_60559_ATTRIBS_EXT__=1 -D__STDC_WANT_IEC_60559_BFP_EXT__=1 -D__STDC_WANT_IEC_60559_DFP_EXT__=1 -D__STDC_WANT_IEC_60559_EXT__=1 -D__STDC_WANT_IEC_60559_FUNCS_EXT__=1 -D__STDC_WANT_IEC_60559_TYPES_EXT__=1 -D__STDC_WANT_LIB_EXT2__=1 -D__STDC_WANT_MATH_SPEC_FUNCS__=1 -D_TANDEM_SOURCE=1 -D__EXTENSIONS__=1 -DHAVE_BITSTRING_H=1 -DHAVE_DIRENT_H=1 -DHAVE_FCNTL_H=1 -DHAVE_INTTYPES_H=1 -DHAVE_LIBPROC_H=1 -DHAVE_PATHS_H=1 -DHAVE_STDINT_H=1 -DHAVE_SYS_DIR_H=1 -DHAVE_UTIL_H=1 -DHAVE_SYS_SIGNAME=1 -DHAVE_LIBM=1 -DHAVE_DIRFD=1 -DHAVE_FLOCK=1 -DHAVE_PROC_PIDINFO=1 -DHAVE_SYSCONF=1 -DHAVE_ASPRINTF=1 -DHAVE_CFMAKERAW=1 -DHAVE_CLOCK_GETTIME=1 -DHAVE_FGETLN=1 -DHAVE_GETDTABLESIZE=1 -DHAVE_GETPEEREID=1 -DHAVE_GETLINE=1 -DHAVE_GETPROGNAME=1 -DHAVE_MEMMEM=1 -DHAVE_SETENV=1 -DHAVE_STRCASESTR=1 -DHAVE_STRLCAT=1 -DHAVE_STRLCPY=1 -DHAVE_STRNDUP=1 -DHAVE_STRSEP=1 -DHAVE_STRTONUM=1 -DHAVE_EVENT2_EVENT_H=1 -DHAVE_NCURSES_H=1 -DHAVE_TIPARM=1 -DHAVE_TIPARM_S=1 -DHAVE_UTF8PROC=1 -DHAVE_B64_NTOP=1 -DHAVE_JEMALLOC=1 -DHAVE_DAEMON=1 -DHAVE_FORKPTY=1 -DHAVE___PROGNAME=1 -DBROKEN___DEAD=1 -DBROKEN_CMSG_FIRSTHDR=1 -I.  -I/opt/homebrew/Cellar/jemalloc/5.4.0/include -I/opt/homebrew/Cellar/utf8proc/2.12.0/include -DUTF8PROC_EXPORTS -D_DARWIN_C_SOURCE -DNCURSES_WIDECHAR -I/opt/homebrew/Cellar/ncurses/6.6/include/ncursesw -I/opt/homebrew/Cellar/ncurses/6.6/include -I/opt/homebrew/Cellar/libevent/2.1.13/include -DTMUX_VERSION='"3.7c"' -DTMUX_CONF='"/etc/tmux.conf:~/.tmux.conf:$XDG_CONFIG_HOME/tmux/tmux.conf:~/.config/tmux/tmux.conf"' -DTMUX_LOCK_CMD='"lock -np"' -DTMUX_TERM='"tmux-256color"'  -iquote.        -std=gnu99 -O2       -MT resize.o -MD -MP -MF $depbase.Tpo -c -o resize.o resize.c &&\
	mv -f $depbase.Tpo $depbase.Po
depbase=`echo screen-redraw.o | sed 's|[^/]*$|.deps/&|;s|\.o$||'`;\
	gcc -std=gnu23 -DPACKAGE_NAME=\"tmux\" -DPACKAGE_TARNAME=\"tmux\" -DPACKAGE_VERSION=\"3.7c\" -DPACKAGE_STRING=\"tmux\ 3.7c\" -DPACKAGE_BUGREPORT=\"\" -DPACKAGE_URL=\"\" -DPACKAGE=\"tmux\" -DVERSION=\"3.7c\" -DHAVE_STDIO_H=1 -DHAVE_STDLIB_H=1 -DHAVE_STRING_H=1 -DHAVE_INTTYPES_H=1 -DHAVE_STDINT_H=1 -DHAVE_STRINGS_H=1 -DHAVE_SYS_STAT_H=1 -DHAVE_SYS_TYPES_H=1 -DHAVE_UNISTD_H=1 -DHAVE_WCHAR_H=1 -DSTDC_HEADERS=1 -D_ALL_SOURCE=1 -D_COSMO_SOURCE=1 -D_DARWIN_C_SOURCE=1 -D_GNU_SOURCE=1 -D_HPUX_ALT_XOPEN_SOCKET_API=1 -D_NETBSD_SOURCE=1 -D_OPENBSD_SOURCE=1 -D_POSIX_PTHREAD_SEMANTICS=1 -D__STDC_WANT_IEC_60559_ATTRIBS_EXT__=1 -D__STDC_WANT_IEC_60559_BFP_EXT__=1 -D__STDC_WANT_IEC_60559_DFP_EXT__=1 -D__STDC_WANT_IEC_60559_EXT__=1 -D__STDC_WANT_IEC_60559_FUNCS_EXT__=1 -D__STDC_WANT_IEC_60559_TYPES_EXT__=1 -D__STDC_WANT_LIB_EXT2__=1 -D__STDC_WANT_MATH_SPEC_FUNCS__=1 -D_TANDEM_SOURCE=1 -D__EXTENSIONS__=1 -DHAVE_BITSTRING_H=1 -DHAVE_DIRENT_H=1 -DHAVE_FCNTL_H=1 -DHAVE_INTTYPES_H=1 -DHAVE_LIBPROC_H=1 -DHAVE_PATHS_H=1 -DHAVE_STDINT_H=1 -DHAVE_SYS_DIR_H=1 -DHAVE_UTIL_H=1 -DHAVE_SYS_SIGNAME=1 -DHAVE_LIBM=1 -DHAVE_DIRFD=1 -DHAVE_FLOCK=1 -DHAVE_PROC_PIDINFO=1 -DHAVE_SYSCONF=1 -DHAVE_ASPRINTF=1 -DHAVE_CFMAKERAW=1 -DHAVE_CLOCK_GETTIME=1 -DHAVE_FGETLN=1 -DHAVE_GETDTABLESIZE=1 -DHAVE_GETPEEREID=1 -DHAVE_GETLINE=1 -DHAVE_GETPROGNAME=1 -DHAVE_MEMMEM=1 -DHAVE_SETENV=1 -DHAVE_STRCASESTR=1 -DHAVE_STRLCAT=1 -DHAVE_STRLCPY=1 -DHAVE_STRNDUP=1 -DHAVE_STRSEP=1 -DHAVE_STRTONUM=1 -DHAVE_EVENT2_EVENT_H=1 -DHAVE_NCURSES_H=1 -DHAVE_TIPARM=1 -DHAVE_TIPARM_S=1 -DHAVE_UTF8PROC=1 -DHAVE_B64_NTOP=1 -DHAVE_JEMALLOC=1 -DHAVE_DAEMON=1 -DHAVE_FORKPTY=1 -DHAVE___PROGNAME=1 -DBROKEN___DEAD=1 -DBROKEN_CMSG_FIRSTHDR=1 -I.  -I/opt/homebrew/Cellar/jemalloc/5.4.0/include -I/opt/homebrew/Cellar/utf8proc/2.12.0/include -DUTF8PROC_EXPORTS -D_DARWIN_C_SOURCE -DNCURSES_WIDECHAR -I/opt/homebrew/Cellar/ncurses/6.6/include/ncursesw -I/opt/homebrew/Cellar/ncurses/6.6/include -I/opt/homebrew/Cellar/libevent/2.1.13/include -DTMUX_VERSION='"3.7c"' -DTMUX_CONF='"/etc/tmux.conf:~/.tmux.conf:$XDG_CONFIG_HOME/tmux/tmux.conf:~/.config/tmux/tmux.conf"' -DTMUX_LOCK_CMD='"lock -np"' -DTMUX_TERM='"tmux-256color"'  -iquote.        -std=gnu99 -O2       -MT screen-redraw.o -MD -MP -MF $depbase.Tpo -c -o screen-redraw.o screen-redraw.c &&\
	mv -f $depbase.Tpo $depbase.Po
depbase=`echo screen-write.o | sed 's|[^/]*$|.deps/&|;s|\.o$||'`;\
	gcc -std=gnu23 -DPACKAGE_NAME=\"tmux\" -DPACKAGE_TARNAME=\"tmux\" -DPACKAGE_VERSION=\"3.7c\" -DPACKAGE_STRING=\"tmux\ 3.7c\" -DPACKAGE_BUGREPORT=\"\" -DPACKAGE_URL=\"\" -DPACKAGE=\"tmux\" -DVERSION=\"3.7c\" -DHAVE_STDIO_H=1 -DHAVE_STDLIB_H=1 -DHAVE_STRING_H=1 -DHAVE_INTTYPES_H=1 -DHAVE_STDINT_H=1 -DHAVE_STRINGS_H=1 -DHAVE_SYS_STAT_H=1 -DHAVE_SYS_TYPES_H=1 -DHAVE_UNISTD_H=1 -DHAVE_WCHAR_H=1 -DSTDC_HEADERS=1 -D_ALL_SOURCE=1 -D_COSMO_SOURCE=1 -D_DARWIN_C_SOURCE=1 -D_GNU_SOURCE=1 -D_HPUX_ALT_XOPEN_SOCKET_API=1 -D_NETBSD_SOURCE=1 -D_OPENBSD_SOURCE=1 -D_POSIX_PTHREAD_SEMANTICS=1 -D__STDC_WANT_IEC_60559_ATTRIBS_EXT__=1 -D__STDC_WANT_IEC_60559_BFP_EXT__=1 -D__STDC_WANT_IEC_60559_DFP_EXT__=1 -D__STDC_WANT_IEC_60559_EXT__=1 -D__STDC_WANT_IEC_60559_FUNCS_EXT__=1 -D__STDC_WANT_IEC_60559_TYPES_EXT__=1 -D__STDC_WANT_LIB_EXT2__=1 -D__STDC_WANT_MATH_SPEC_FUNCS__=1 -D_TANDEM_SOURCE=1 -D__EXTENSIONS__=1 -DHAVE_BITSTRING_H=1 -DHAVE_DIRENT_H=1 -DHAVE_FCNTL_H=1 -DHAVE_INTTYPES_H=1 -DHAVE_LIBPROC_H=1 -DHAVE_PATHS_H=1 -DHAVE_STDINT_H=1 -DHAVE_SYS_DIR_H=1 -DHAVE_UTIL_H=1 -DHAVE_SYS_SIGNAME=1 -DHAVE_LIBM=1 -DHAVE_DIRFD=1 -DHAVE_FLOCK=1 -DHAVE_PROC_PIDINFO=1 -DHAVE_SYSCONF=1 -DHAVE_ASPRINTF=1 -DHAVE_CFMAKERAW=1 -DHAVE_CLOCK_GETTIME=1 -DHAVE_FGETLN=1 -DHAVE_GETDTABLESIZE=1 -DHAVE_GETPEEREID=1 -DHAVE_GETLINE=1 -DHAVE_GETPROGNAME=1 -DHAVE_MEMMEM=1 -DHAVE_SETENV=1 -DHAVE_STRCASESTR=1 -DHAVE_STRLCAT=1 -DHAVE_STRLCPY=1 -DHAVE_STRNDUP=1 -DHAVE_STRSEP=1 -DHAVE_STRTONUM=1 -DHAVE_EVENT2_EVENT_H=1 -DHAVE_NCURSES_H=1 -DHAVE_TIPARM=1 -DHAVE_TIPARM_S=1 -DHAVE_UTF8PROC=1 -DHAVE_B64_NTOP=1 -DHAVE_JEMALLOC=1 -DHAVE_DAEMON=1 -DHAVE_FORKPTY=1 -DHAVE___PROGNAME=1 -DBROKEN___DEAD=1 -DBROKEN_CMSG_FIRSTHDR=1 -I.  -I/opt/homebrew/Cellar/jemalloc/5.4.0/include -I/opt/homebrew/Cellar/utf8proc/2.12.0/include -DUTF8PROC_EXPORTS -D_DARWIN_C_SOURCE -DNCURSES_WIDECHAR -I/opt/homebrew/Cellar/ncurses/6.6/include/ncursesw -I/opt/homebrew/Cellar/ncurses/6.6/include -I/opt/homebrew/Cellar/libevent/2.1.13/include -DTMUX_VERSION='"3.7c"' -DTMUX_CONF='"/etc/tmux.conf:~/.tmux.conf:$XDG_CONFIG_HOME/tmux/tmux.conf:~/.config/tmux/tmux.conf"' -DTMUX_LOCK_CMD='"lock -np"' -DTMUX_TERM='"tmux-256color"'  -iquote.        -std=gnu99 -O2       -MT screen-write.o -MD -MP -MF $depbase.Tpo -c -o screen-write.o screen-write.c &&\
	mv -f $depbase.Tpo $depbase.Po
screen-redraw.c:794:29: warning: passing 'int *' to parameter of type 'u_int *' (aka 'unsigned int *') converts between pointers to integer types with different sign [-Wpointer-sign]
  794 |         tty_window_offset(&c->tty, &ctx->ox, &ctx->oy, &ctx->sx, &ctx->sy);
      |                                    ^~~~~~~~
./tmux.h:2671:44: note: passing argument to parameter here
 2671 | int     tty_window_offset(struct tty *, u_int *, u_int *, u_int *, u_int *);
      |                                                ^
screen-redraw.c:794:39: warning: passing 'int *' to parameter of type 'u_int *' (aka 'unsigned int *') converts between pointers to integer types with different sign [-Wpointer-sign]
  794 |         tty_window_offset(&c->tty, &ctx->ox, &ctx->oy, &ctx->sx, &ctx->sy);
      |                                              ^~~~~~~~
./tmux.h:2671:53: note: passing argument to parameter here
 2671 | int     tty_window_offset(struct tty *, u_int *, u_int *, u_int *, u_int *);
      |                                                         ^
screen-redraw.c:1434:42: warning: passing 'int *' to parameter of type 'u_int *' (aka 'unsigned int *') converts between pointers to integer types with different sign [-Wpointer-sign]
 1434 |                 if (window_copy_get_current_offset(wp, &cm_y, &cm_size) == 0)
      |                                                        ^~~~~
./tmux.h:3668:67: note: passing argument to parameter here
 3668 | int              window_copy_get_current_offset(struct window_pane *, u_int *,
      |                                                                              ^
screen-redraw.c:1434:49: warning: passing 'int *' to parameter of type 'u_int *' (aka 'unsigned int *') converts between pointers to integer types with different sign [-Wpointer-sign]
 1434 |                 if (window_copy_get_current_offset(wp, &cm_y, &cm_size) == 0)
      |                                                               ^~~~~~~~
./tmux.h:3669:15: note: passing argument to parameter here
 3669 |                      u_int *);
      |                             ^
screen-write.c:416:6: warning: assigning to 'u_char *' (aka 'unsigned char *') from 'char *' converts between pointers to integer types where one is of the unique plain 'char' type and the other is not [-Wpointer-sign]
  416 |         ptr = msg;
      |             ^ ~~~
screen-write.c:421:18: warning: passing 'u_char *' (aka 'unsigned char *') to parameter of type 'const char *' converts between pointers to integer types where one is of the unique plain 'char' type and the other is not [-Wpointer-sign]
  421 |                         left = strlen(ptr);
      |                                       ^~~
/Applications/Xcode.app/Contents/Developer/Platforms/MacOSX.platform/Developer/SDKs/MacOSX.sdk/usr/include/_string.h:96:28: note: passing argument to parameter '__s' here
   96 | size_t   strlen(const char *__s);
      |                             ^
screen-write.c:569:6: warning: assigning to 'u_char *' (aka 'unsigned char *') from 'char *' converts between pointers to integer types where one is of the unique plain 'char' type and the other is not [-Wpointer-sign]
  569 |         ptr = msg;
      |             ^ ~~~
screen-write.c:574:18: warning: passing 'u_char *' (aka 'unsigned char *') to parameter of type 'const char *' converts between pointers to integer types where one is of the unique plain 'char' type and the other is not [-Wpointer-sign]
  574 |                         left = strlen(ptr);
      |                                       ^~~
/Applications/Xcode.app/Contents/Developer/Platforms/MacOSX.platform/Developer/SDKs/MacOSX.sdk/usr/include/_string.h:96:28: note: passing argument to parameter '__s' here
   96 | size_t   strlen(const char *__s);
      |                             ^
screen-write.c:2869:18: warning: assigning to 'const char *' from 'u_char *' (aka 'unsigned char *') converts between pointers to integer types where one is of the unique plain 'char' type and the other is not [-Wpointer-sign]
 2869 |         ttyctx.sel.data = str;
      |                         ^ ~~~
screen-write.c:2885:19: warning: assigning to 'const char *' from 'u_char *' (aka 'unsigned char *') converts between pointers to integer types where one is of the unique plain 'char' type and the other is not [-Wpointer-sign]
 2885 |         ttyctx.data.data = str;
      |                          ^ ~~~
4 warnings generated.
depbase=`echo screen.o | sed 's|[^/]*$|.deps/&|;s|\.o$||'`;\
	gcc -std=gnu23 -DPACKAGE_NAME=\"tmux\" -DPACKAGE_TARNAME=\"tmux\" -DPACKAGE_VERSION=\"3.7c\" -DPACKAGE_STRING=\"tmux\ 3.7c\" -DPACKAGE_BUGREPORT=\"\" -DPACKAGE_URL=\"\" -DPACKAGE=\"tmux\" -DVERSION=\"3.7c\" -DHAVE_STDIO_H=1 -DHAVE_STDLIB_H=1 -DHAVE_STRING_H=1 -DHAVE_INTTYPES_H=1 -DHAVE_STDINT_H=1 -DHAVE_STRINGS_H=1 -DHAVE_SYS_STAT_H=1 -DHAVE_SYS_TYPES_H=1 -DHAVE_UNISTD_H=1 -DHAVE_WCHAR_H=1 -DSTDC_HEADERS=1 -D_ALL_SOURCE=1 -D_COSMO_SOURCE=1 -D_DARWIN_C_SOURCE=1 -D_GNU_SOURCE=1 -D_HPUX_ALT_XOPEN_SOCKET_API=1 -D_NETBSD_SOURCE=1 -D_OPENBSD_SOURCE=1 -D_POSIX_PTHREAD_SEMANTICS=1 -D__STDC_WANT_IEC_60559_ATTRIBS_EXT__=1 -D__STDC_WANT_IEC_60559_BFP_EXT__=1 -D__STDC_WANT_IEC_60559_DFP_EXT__=1 -D__STDC_WANT_IEC_60559_EXT__=1 -D__STDC_WANT_IEC_60559_FUNCS_EXT__=1 -D__STDC_WANT_IEC_60559_TYPES_EXT__=1 -D__STDC_WANT_LIB_EXT2__=1 -D__STDC_WANT_MATH_SPEC_FUNCS__=1 -D_TANDEM_SOURCE=1 -D__EXTENSIONS__=1 -DHAVE_BITSTRING_H=1 -DHAVE_DIRENT_H=1 -DHAVE_FCNTL_H=1 -DHAVE_INTTYPES_H=1 -DHAVE_LIBPROC_H=1 -DHAVE_PATHS_H=1 -DHAVE_STDINT_H=1 -DHAVE_SYS_DIR_H=1 -DHAVE_UTIL_H=1 -DHAVE_SYS_SIGNAME=1 -DHAVE_LIBM=1 -DHAVE_DIRFD=1 -DHAVE_FLOCK=1 -DHAVE_PROC_PIDINFO=1 -DHAVE_SYSCONF=1 -DHAVE_ASPRINTF=1 -DHAVE_CFMAKERAW=1 -DHAVE_CLOCK_GETTIME=1 -DHAVE_FGETLN=1 -DHAVE_GETDTABLESIZE=1 -DHAVE_GETPEEREID=1 -DHAVE_GETLINE=1 -DHAVE_GETPROGNAME=1 -DHAVE_MEMMEM=1 -DHAVE_SETENV=1 -DHAVE_STRCASESTR=1 -DHAVE_STRLCAT=1 -DHAVE_STRLCPY=1 -DHAVE_STRNDUP=1 -DHAVE_STRSEP=1 -DHAVE_STRTONUM=1 -DHAVE_EVENT2_EVENT_H=1 -DHAVE_NCURSES_H=1 -DHAVE_TIPARM=1 -DHAVE_TIPARM_S=1 -DHAVE_UTF8PROC=1 -DHAVE_B64_NTOP=1 -DHAVE_JEMALLOC=1 -DHAVE_DAEMON=1 -DHAVE_FORKPTY=1 -DHAVE___PROGNAME=1 -DBROKEN___DEAD=1 -DBROKEN_CMSG_FIRSTHDR=1 -I.  -I/opt/homebrew/Cellar/jemalloc/5.4.0/include -I/opt/homebrew/Cellar/utf8proc/2.12.0/include -DUTF8PROC_EXPORTS -D_DARWIN_C_SOURCE -DNCURSES_WIDECHAR -I/opt/homebrew/Cellar/ncurses/6.6/include/ncursesw -I/opt/homebrew/Cellar/ncurses/6.6/include -I/opt/homebrew/Cellar/libevent/2.1.13/include -DTMUX_VERSION='"3.7c"' -DTMUX_CONF='"/etc/tmux.conf:~/.tmux.conf:$XDG_CONFIG_HOME/tmux/tmux.conf:~/.config/tmux/tmux.conf"' -DTMUX_LOCK_CMD='"lock -np"' -DTMUX_TERM='"tmux-256color"'  -iquote.        -std=gnu99 -O2       -MT screen.o -MD -MP -MF $depbase.Tpo -c -o screen.o screen.c &&\
	mv -f $depbase.Tpo $depbase.Po
screen.c:875:10: warning: assigning to 'const char *' from 'u_char *' (aka 'unsigned char *') converts between pointers to integer types where one is of the unique plain 'char' type and the other is not [-Wpointer-sign]
  875 |                                         acs = &gce->data.data;
      |                                             ^ ~~~~~~~~~~~~~~~
1 warning generated.
depbase=`echo server-acl.o | sed 's|[^/]*$|.deps/&|;s|\.o$||'`;\
	gcc -std=gnu23 -DPACKAGE_NAME=\"tmux\" -DPACKAGE_TARNAME=\"tmux\" -DPACKAGE_VERSION=\"3.7c\" -DPACKAGE_STRING=\"tmux\ 3.7c\" -DPACKAGE_BUGREPORT=\"\" -DPACKAGE_URL=\"\" -DPACKAGE=\"tmux\" -DVERSION=\"3.7c\" -DHAVE_STDIO_H=1 -DHAVE_STDLIB_H=1 -DHAVE_STRING_H=1 -DHAVE_INTTYPES_H=1 -DHAVE_STDINT_H=1 -DHAVE_STRINGS_H=1 -DHAVE_SYS_STAT_H=1 -DHAVE_SYS_TYPES_H=1 -DHAVE_UNISTD_H=1 -DHAVE_WCHAR_H=1 -DSTDC_HEADERS=1 -D_ALL_SOURCE=1 -D_COSMO_SOURCE=1 -D_DARWIN_C_SOURCE=1 -D_GNU_SOURCE=1 -D_HPUX_ALT_XOPEN_SOCKET_API=1 -D_NETBSD_SOURCE=1 -D_OPENBSD_SOURCE=1 -D_POSIX_PTHREAD_SEMANTICS=1 -D__STDC_WANT_IEC_60559_ATTRIBS_EXT__=1 -D__STDC_WANT_IEC_60559_BFP_EXT__=1 -D__STDC_WANT_IEC_60559_DFP_EXT__=1 -D__STDC_WANT_IEC_60559_EXT__=1 -D__STDC_WANT_IEC_60559_FUNCS_EXT__=1 -D__STDC_WANT_IEC_60559_TYPES_EXT__=1 -D__STDC_WANT_LIB_EXT2__=1 -D__STDC_WANT_MATH_SPEC_FUNCS__=1 -D_TANDEM_SOURCE=1 -D__EXTENSIONS__=1 -DHAVE_BITSTRING_H=1 -DHAVE_DIRENT_H=1 -DHAVE_FCNTL_H=1 -DHAVE_INTTYPES_H=1 -DHAVE_LIBPROC_H=1 -DHAVE_PATHS_H=1 -DHAVE_STDINT_H=1 -DHAVE_SYS_DIR_H=1 -DHAVE_UTIL_H=1 -DHAVE_SYS_SIGNAME=1 -DHAVE_LIBM=1 -DHAVE_DIRFD=1 -DHAVE_FLOCK=1 -DHAVE_PROC_PIDINFO=1 -DHAVE_SYSCONF=1 -DHAVE_ASPRINTF=1 -DHAVE_CFMAKERAW=1 -DHAVE_CLOCK_GETTIME=1 -DHAVE_FGETLN=1 -DHAVE_GETDTABLESIZE=1 -DHAVE_GETPEEREID=1 -DHAVE_GETLINE=1 -DHAVE_GETPROGNAME=1 -DHAVE_MEMMEM=1 -DHAVE_SETENV=1 -DHAVE_STRCASESTR=1 -DHAVE_STRLCAT=1 -DHAVE_STRLCPY=1 -DHAVE_STRNDUP=1 -DHAVE_STRSEP=1 -DHAVE_STRTONUM=1 -DHAVE_EVENT2_EVENT_H=1 -DHAVE_NCURSES_H=1 -DHAVE_TIPARM=1 -DHAVE_TIPARM_S=1 -DHAVE_UTF8PROC=1 -DHAVE_B64_NTOP=1 -DHAVE_JEMALLOC=1 -DHAVE_DAEMON=1 -DHAVE_FORKPTY=1 -DHAVE___PROGNAME=1 -DBROKEN___DEAD=1 -DBROKEN_CMSG_FIRSTHDR=1 -I.  -I/opt/homebrew/Cellar/jemalloc/5.4.0/include -I/opt/homebrew/Cellar/utf8proc/2.12.0/include -DUTF8PROC_EXPORTS -D_DARWIN_C_SOURCE -DNCURSES_WIDECHAR -I/opt/homebrew/Cellar/ncurses/6.6/include/ncursesw -I/opt/homebrew/Cellar/ncurses/6.6/include -I/opt/homebrew/Cellar/libevent/2.1.13/include -DTMUX_VERSION='"3.7c"' -DTMUX_CONF='"/etc/tmux.conf:~/.tmux.conf:$XDG_CONFIG_HOME/tmux/tmux.conf:~/.config/tmux/tmux.conf"' -DTMUX_LOCK_CMD='"lock -np"' -DTMUX_TERM='"tmux-256color"'  -iquote.        -std=gnu99 -O2       -MT server-acl.o -MD -MP -MF $depbase.Tpo -c -o server-acl.o server-acl.c &&\
	mv -f $depbase.Tpo $depbase.Po
6 warnings generated.
depbase=`echo server-client.o | sed 's|[^/]*$|.deps/&|;s|\.o$||'`;\
	gcc -std=gnu23 -DPACKAGE_NAME=\"tmux\" -DPACKAGE_TARNAME=\"tmux\" -DPACKAGE_VERSION=\"3.7c\" -DPACKAGE_STRING=\"tmux\ 3.7c\" -DPACKAGE_BUGREPORT=\"\" -DPACKAGE_URL=\"\" -DPACKAGE=\"tmux\" -DVERSION=\"3.7c\" -DHAVE_STDIO_H=1 -DHAVE_STDLIB_H=1 -DHAVE_STRING_H=1 -DHAVE_INTTYPES_H=1 -DHAVE_STDINT_H=1 -DHAVE_STRINGS_H=1 -DHAVE_SYS_STAT_H=1 -DHAVE_SYS_TYPES_H=1 -DHAVE_UNISTD_H=1 -DHAVE_WCHAR_H=1 -DSTDC_HEADERS=1 -D_ALL_SOURCE=1 -D_COSMO_SOURCE=1 -D_DARWIN_C_SOURCE=1 -D_GNU_SOURCE=1 -D_HPUX_ALT_XOPEN_SOCKET_API=1 -D_NETBSD_SOURCE=1 -D_OPENBSD_SOURCE=1 -D_POSIX_PTHREAD_SEMANTICS=1 -D__STDC_WANT_IEC_60559_ATTRIBS_EXT__=1 -D__STDC_WANT_IEC_60559_BFP_EXT__=1 -D__STDC_WANT_IEC_60559_DFP_EXT__=1 -D__STDC_WANT_IEC_60559_EXT__=1 -D__STDC_WANT_IEC_60559_FUNCS_EXT__=1 -D__STDC_WANT_IEC_60559_TYPES_EXT__=1 -D__STDC_WANT_LIB_EXT2__=1 -D__STDC_WANT_MATH_SPEC_FUNCS__=1 -D_TANDEM_SOURCE=1 -D__EXTENSIONS__=1 -DHAVE_BITSTRING_H=1 -DHAVE_DIRENT_H=1 -DHAVE_FCNTL_H=1 -DHAVE_INTTYPES_H=1 -DHAVE_LIBPROC_H=1 -DHAVE_PATHS_H=1 -DHAVE_STDINT_H=1 -DHAVE_SYS_DIR_H=1 -DHAVE_UTIL_H=1 -DHAVE_SYS_SIGNAME=1 -DHAVE_LIBM=1 -DHAVE_DIRFD=1 -DHAVE_FLOCK=1 -DHAVE_PROC_PIDINFO=1 -DHAVE_SYSCONF=1 -DHAVE_ASPRINTF=1 -DHAVE_CFMAKERAW=1 -DHAVE_CLOCK_GETTIME=1 -DHAVE_FGETLN=1 -DHAVE_GETDTABLESIZE=1 -DHAVE_GETPEEREID=1 -DHAVE_GETLINE=1 -DHAVE_GETPROGNAME=1 -DHAVE_MEMMEM=1 -DHAVE_SETENV=1 -DHAVE_STRCASESTR=1 -DHAVE_STRLCAT=1 -DHAVE_STRLCPY=1 -DHAVE_STRNDUP=1 -DHAVE_STRSEP=1 -DHAVE_STRTONUM=1 -DHAVE_EVENT2_EVENT_H=1 -DHAVE_NCURSES_H=1 -DHAVE_TIPARM=1 -DHAVE_TIPARM_S=1 -DHAVE_UTF8PROC=1 -DHAVE_B64_NTOP=1 -DHAVE_JEMALLOC=1 -DHAVE_DAEMON=1 -DHAVE_FORKPTY=1 -DHAVE___PROGNAME=1 -DBROKEN___DEAD=1 -DBROKEN_CMSG_FIRSTHDR=1 -I.  -I/opt/homebrew/Cellar/jemalloc/5.4.0/include -I/opt/homebrew/Cellar/utf8proc/2.12.0/include -DUTF8PROC_EXPORTS -D_DARWIN_C_SOURCE -DNCURSES_WIDECHAR -I/opt/homebrew/Cellar/ncurses/6.6/include/ncursesw -I/opt/homebrew/Cellar/ncurses/6.6/include -I/opt/homebrew/Cellar/libevent/2.1.13/include -DTMUX_VERSION='"3.7c"' -DTMUX_CONF='"/etc/tmux.conf:~/.tmux.conf:$XDG_CONFIG_HOME/tmux/tmux.conf:~/.config/tmux/tmux.conf"' -DTMUX_LOCK_CMD='"lock -np"' -DTMUX_TERM='"tmux-256color"'  -iquote.        -std=gnu99 -O2       -MT server-client.o -MD -MP -MF $depbase.Tpo -c -o server-client.o server-client.c &&\
	mv -f $depbase.Tpo $depbase.Po
server-client.c:2830:8: warning: assigning to 'char *' from 'unsigned char *' converts between pointers to integer types where one is of the unique plain 'char' type and the other is not [-Wpointer-sign]
 2830 |                         msg = EVBUFFER_DATA(evb);
      |                             ^ ~~~~~~~~~~~~~~~~~~
server-client.c:2872:9: warning: assigning to 'char *' from 'unsigned char *' converts between pointers to integer types where one is of the unique plain 'char' type and the other is not [-Wpointer-sign]
 2872 |                         line = EVBUFFER_DATA(evb);
      |                              ^ ~~~~~~~~~~~~~~~~~~
depbase=`echo server-fn.o | sed 's|[^/]*$|.deps/&|;s|\.o$||'`;\
	gcc -std=gnu23 -DPACKAGE_NAME=\"tmux\" -DPACKAGE_TARNAME=\"tmux\" -DPACKAGE_VERSION=\"3.7c\" -DPACKAGE_STRING=\"tmux\ 3.7c\" -DPACKAGE_BUGREPORT=\"\" -DPACKAGE_URL=\"\" -DPACKAGE=\"tmux\" -DVERSION=\"3.7c\" -DHAVE_STDIO_H=1 -DHAVE_STDLIB_H=1 -DHAVE_STRING_H=1 -DHAVE_INTTYPES_H=1 -DHAVE_STDINT_H=1 -DHAVE_STRINGS_H=1 -DHAVE_SYS_STAT_H=1 -DHAVE_SYS_TYPES_H=1 -DHAVE_UNISTD_H=1 -DHAVE_WCHAR_H=1 -DSTDC_HEADERS=1 -D_ALL_SOURCE=1 -D_COSMO_SOURCE=1 -D_DARWIN_C_SOURCE=1 -D_GNU_SOURCE=1 -D_HPUX_ALT_XOPEN_SOCKET_API=1 -D_NETBSD_SOURCE=1 -D_OPENBSD_SOURCE=1 -D_POSIX_PTHREAD_SEMANTICS=1 -D__STDC_WANT_IEC_60559_ATTRIBS_EXT__=1 -D__STDC_WANT_IEC_60559_BFP_EXT__=1 -D__STDC_WANT_IEC_60559_DFP_EXT__=1 -D__STDC_WANT_IEC_60559_EXT__=1 -D__STDC_WANT_IEC_60559_FUNCS_EXT__=1 -D__STDC_WANT_IEC_60559_TYPES_EXT__=1 -D__STDC_WANT_LIB_EXT2__=1 -D__STDC_WANT_MATH_SPEC_FUNCS__=1 -D_TANDEM_SOURCE=1 -D__EXTENSIONS__=1 -DHAVE_BITSTRING_H=1 -DHAVE_DIRENT_H=1 -DHAVE_FCNTL_H=1 -DHAVE_INTTYPES_H=1 -DHAVE_LIBPROC_H=1 -DHAVE_PATHS_H=1 -DHAVE_STDINT_H=1 -DHAVE_SYS_DIR_H=1 -DHAVE_UTIL_H=1 -DHAVE_SYS_SIGNAME=1 -DHAVE_LIBM=1 -DHAVE_DIRFD=1 -DHAVE_FLOCK=1 -DHAVE_PROC_PIDINFO=1 -DHAVE_SYSCONF=1 -DHAVE_ASPRINTF=1 -DHAVE_CFMAKERAW=1 -DHAVE_CLOCK_GETTIME=1 -DHAVE_FGETLN=1 -DHAVE_GETDTABLESIZE=1 -DHAVE_GETPEEREID=1 -DHAVE_GETLINE=1 -DHAVE_GETPROGNAME=1 -DHAVE_MEMMEM=1 -DHAVE_SETENV=1 -DHAVE_STRCASESTR=1 -DHAVE_STRLCAT=1 -DHAVE_STRLCPY=1 -DHAVE_STRNDUP=1 -DHAVE_STRSEP=1 -DHAVE_STRTONUM=1 -DHAVE_EVENT2_EVENT_H=1 -DHAVE_NCURSES_H=1 -DHAVE_TIPARM=1 -DHAVE_TIPARM_S=1 -DHAVE_UTF8PROC=1 -DHAVE_B64_NTOP=1 -DHAVE_JEMALLOC=1 -DHAVE_DAEMON=1 -DHAVE_FORKPTY=1 -DHAVE___PROGNAME=1 -DBROKEN___DEAD=1 -DBROKEN_CMSG_FIRSTHDR=1 -I.  -I/opt/homebrew/Cellar/jemalloc/5.4.0/include -I/opt/homebrew/Cellar/utf8proc/2.12.0/include -DUTF8PROC_EXPORTS -D_DARWIN_C_SOURCE -DNCURSES_WIDECHAR -I/opt/homebrew/Cellar/ncurses/6.6/include/ncursesw -I/opt/homebrew/Cellar/ncurses/6.6/include -I/opt/homebrew/Cellar/libevent/2.1.13/include -DTMUX_VERSION='"3.7c"' -DTMUX_CONF='"/etc/tmux.conf:~/.tmux.conf:$XDG_CONFIG_HOME/tmux/tmux.conf:~/.config/tmux/tmux.conf"' -DTMUX_LOCK_CMD='"lock -np"' -DTMUX_TERM='"tmux-256color"'  -iquote.        -std=gnu99 -O2       -MT server-fn.o -MD -MP -MF $depbase.Tpo -c -o server-fn.o server-fn.c &&\
	mv -f $depbase.Tpo $depbase.Po
depbase=`echo server.o | sed 's|[^/]*$|.deps/&|;s|\.o$||'`;\
	gcc -std=gnu23 -DPACKAGE_NAME=\"tmux\" -DPACKAGE_TARNAME=\"tmux\" -DPACKAGE_VERSION=\"3.7c\" -DPACKAGE_STRING=\"tmux\ 3.7c\" -DPACKAGE_BUGREPORT=\"\" -DPACKAGE_URL=\"\" -DPACKAGE=\"tmux\" -DVERSION=\"3.7c\" -DHAVE_STDIO_H=1 -DHAVE_STDLIB_H=1 -DHAVE_STRING_H=1 -DHAVE_INTTYPES_H=1 -DHAVE_STDINT_H=1 -DHAVE_STRINGS_H=1 -DHAVE_SYS_STAT_H=1 -DHAVE_SYS_TYPES_H=1 -DHAVE_UNISTD_H=1 -DHAVE_WCHAR_H=1 -DSTDC_HEADERS=1 -D_ALL_SOURCE=1 -D_COSMO_SOURCE=1 -D_DARWIN_C_SOURCE=1 -D_GNU_SOURCE=1 -D_HPUX_ALT_XOPEN_SOCKET_API=1 -D_NETBSD_SOURCE=1 -D_OPENBSD_SOURCE=1 -D_POSIX_PTHREAD_SEMANTICS=1 -D__STDC_WANT_IEC_60559_ATTRIBS_EXT__=1 -D__STDC_WANT_IEC_60559_BFP_EXT__=1 -D__STDC_WANT_IEC_60559_DFP_EXT__=1 -D__STDC_WANT_IEC_60559_EXT__=1 -D__STDC_WANT_IEC_60559_FUNCS_EXT__=1 -D__STDC_WANT_IEC_60559_TYPES_EXT__=1 -D__STDC_WANT_LIB_EXT2__=1 -D__STDC_WANT_MATH_SPEC_FUNCS__=1 -D_TANDEM_SOURCE=1 -D__EXTENSIONS__=1 -DHAVE_BITSTRING_H=1 -DHAVE_DIRENT_H=1 -DHAVE_FCNTL_H=1 -DHAVE_INTTYPES_H=1 -DHAVE_LIBPROC_H=1 -DHAVE_PATHS_H=1 -DHAVE_STDINT_H=1 -DHAVE_SYS_DIR_H=1 -DHAVE_UTIL_H=1 -DHAVE_SYS_SIGNAME=1 -DHAVE_LIBM=1 -DHAVE_DIRFD=1 -DHAVE_FLOCK=1 -DHAVE_PROC_PIDINFO=1 -DHAVE_SYSCONF=1 -DHAVE_ASPRINTF=1 -DHAVE_CFMAKERAW=1 -DHAVE_CLOCK_GETTIME=1 -DHAVE_FGETLN=1 -DHAVE_GETDTABLESIZE=1 -DHAVE_GETPEEREID=1 -DHAVE_GETLINE=1 -DHAVE_GETPROGNAME=1 -DHAVE_MEMMEM=1 -DHAVE_SETENV=1 -DHAVE_STRCASESTR=1 -DHAVE_STRLCAT=1 -DHAVE_STRLCPY=1 -DHAVE_STRNDUP=1 -DHAVE_STRSEP=1 -DHAVE_STRTONUM=1 -DHAVE_EVENT2_EVENT_H=1 -DHAVE_NCURSES_H=1 -DHAVE_TIPARM=1 -DHAVE_TIPARM_S=1 -DHAVE_UTF8PROC=1 -DHAVE_B64_NTOP=1 -DHAVE_JEMALLOC=1 -DHAVE_DAEMON=1 -DHAVE_FORKPTY=1 -DHAVE___PROGNAME=1 -DBROKEN___DEAD=1 -DBROKEN_CMSG_FIRSTHDR=1 -I.  -I/opt/homebrew/Cellar/jemalloc/5.4.0/include -I/opt/homebrew/Cellar/utf8proc/2.12.0/include -DUTF8PROC_EXPORTS -D_DARWIN_C_SOURCE -DNCURSES_WIDECHAR -I/opt/homebrew/Cellar/ncurses/6.6/include/ncursesw -I/opt/homebrew/Cellar/ncurses/6.6/include -I/opt/homebrew/Cellar/libevent/2.1.13/include -DTMUX_VERSION='"3.7c"' -DTMUX_CONF='"/etc/tmux.conf:~/.tmux.conf:$XDG_CONFIG_HOME/tmux/tmux.conf:~/.config/tmux/tmux.conf"' -DTMUX_LOCK_CMD='"lock -np"' -DTMUX_TERM='"tmux-256color"'  -iquote.        -std=gnu99 -O2       -MT server.o -MD -MP -MF $depbase.Tpo -c -o server.o server.c &&\
	mv -f $depbase.Tpo $depbase.Po
2 warnings generated.
depbase=`echo session.o | sed 's|[^/]*$|.deps/&|;s|\.o$||'`;\
	gcc -std=gnu23 -DPACKAGE_NAME=\"tmux\" -DPACKAGE_TARNAME=\"tmux\" -DPACKAGE_VERSION=\"3.7c\" -DPACKAGE_STRING=\"tmux\ 3.7c\" -DPACKAGE_BUGREPORT=\"\" -DPACKAGE_URL=\"\" -DPACKAGE=\"tmux\" -DVERSION=\"3.7c\" -DHAVE_STDIO_H=1 -DHAVE_STDLIB_H=1 -DHAVE_STRING_H=1 -DHAVE_INTTYPES_H=1 -DHAVE_STDINT_H=1 -DHAVE_STRINGS_H=1 -DHAVE_SYS_STAT_H=1 -DHAVE_SYS_TYPES_H=1 -DHAVE_UNISTD_H=1 -DHAVE_WCHAR_H=1 -DSTDC_HEADERS=1 -D_ALL_SOURCE=1 -D_COSMO_SOURCE=1 -D_DARWIN_C_SOURCE=1 -D_GNU_SOURCE=1 -D_HPUX_ALT_XOPEN_SOCKET_API=1 -D_NETBSD_SOURCE=1 -D_OPENBSD_SOURCE=1 -D_POSIX_PTHREAD_SEMANTICS=1 -D__STDC_WANT_IEC_60559_ATTRIBS_EXT__=1 -D__STDC_WANT_IEC_60559_BFP_EXT__=1 -D__STDC_WANT_IEC_60559_DFP_EXT__=1 -D__STDC_WANT_IEC_60559_EXT__=1 -D__STDC_WANT_IEC_60559_FUNCS_EXT__=1 -D__STDC_WANT_IEC_60559_TYPES_EXT__=1 -D__STDC_WANT_LIB_EXT2__=1 -D__STDC_WANT_MATH_SPEC_FUNCS__=1 -D_TANDEM_SOURCE=1 -D__EXTENSIONS__=1 -DHAVE_BITSTRING_H=1 -DHAVE_DIRENT_H=1 -DHAVE_FCNTL_H=1 -DHAVE_INTTYPES_H=1 -DHAVE_LIBPROC_H=1 -DHAVE_PATHS_H=1 -DHAVE_STDINT_H=1 -DHAVE_SYS_DIR_H=1 -DHAVE_UTIL_H=1 -DHAVE_SYS_SIGNAME=1 -DHAVE_LIBM=1 -DHAVE_DIRFD=1 -DHAVE_FLOCK=1 -DHAVE_PROC_PIDINFO=1 -DHAVE_SYSCONF=1 -DHAVE_ASPRINTF=1 -DHAVE_CFMAKERAW=1 -DHAVE_CLOCK_GETTIME=1 -DHAVE_FGETLN=1 -DHAVE_GETDTABLESIZE=1 -DHAVE_GETPEEREID=1 -DHAVE_GETLINE=1 -DHAVE_GETPROGNAME=1 -DHAVE_MEMMEM=1 -DHAVE_SETENV=1 -DHAVE_STRCASESTR=1 -DHAVE_STRLCAT=1 -DHAVE_STRLCPY=1 -DHAVE_STRNDUP=1 -DHAVE_STRSEP=1 -DHAVE_STRTONUM=1 -DHAVE_EVENT2_EVENT_H=1 -DHAVE_NCURSES_H=1 -DHAVE_TIPARM=1 -DHAVE_TIPARM_S=1 -DHAVE_UTF8PROC=1 -DHAVE_B64_NTOP=1 -DHAVE_JEMALLOC=1 -DHAVE_DAEMON=1 -DHAVE_FORKPTY=1 -DHAVE___PROGNAME=1 -DBROKEN___DEAD=1 -DBROKEN_CMSG_FIRSTHDR=1 -I.  -I/opt/homebrew/Cellar/jemalloc/5.4.0/include -I/opt/homebrew/Cellar/utf8proc/2.12.0/include -DUTF8PROC_EXPORTS -D_DARWIN_C_SOURCE -DNCURSES_WIDECHAR -I/opt/homebrew/Cellar/ncurses/6.6/include/ncursesw -I/opt/homebrew/Cellar/ncurses/6.6/include -I/opt/homebrew/Cellar/libevent/2.1.13/include -DTMUX_VERSION='"3.7c"' -DTMUX_CONF='"/etc/tmux.conf:~/.tmux.conf:$XDG_CONFIG_HOME/tmux/tmux.conf:~/.config/tmux/tmux.conf"' -DTMUX_LOCK_CMD='"lock -np"' -DTMUX_TERM='"tmux-256color"'  -iquote.        -std=gnu99 -O2       -MT session.o -MD -MP -MF $depbase.Tpo -c -o session.o session.c &&\
	mv -f $depbase.Tpo $depbase.Po
depbase=`echo sort.o | sed 's|[^/]*$|.deps/&|;s|\.o$||'`;\
	gcc -std=gnu23 -DPACKAGE_NAME=\"tmux\" -DPACKAGE_TARNAME=\"tmux\" -DPACKAGE_VERSION=\"3.7c\" -DPACKAGE_STRING=\"tmux\ 3.7c\" -DPACKAGE_BUGREPORT=\"\" -DPACKAGE_URL=\"\" -DPACKAGE=\"tmux\" -DVERSION=\"3.7c\" -DHAVE_STDIO_H=1 -DHAVE_STDLIB_H=1 -DHAVE_STRING_H=1 -DHAVE_INTTYPES_H=1 -DHAVE_STDINT_H=1 -DHAVE_STRINGS_H=1 -DHAVE_SYS_STAT_H=1 -DHAVE_SYS_TYPES_H=1 -DHAVE_UNISTD_H=1 -DHAVE_WCHAR_H=1 -DSTDC_HEADERS=1 -D_ALL_SOURCE=1 -D_COSMO_SOURCE=1 -D_DARWIN_C_SOURCE=1 -D_GNU_SOURCE=1 -D_HPUX_ALT_XOPEN_SOCKET_API=1 -D_NETBSD_SOURCE=1 -D_OPENBSD_SOURCE=1 -D_POSIX_PTHREAD_SEMANTICS=1 -D__STDC_WANT_IEC_60559_ATTRIBS_EXT__=1 -D__STDC_WANT_IEC_60559_BFP_EXT__=1 -D__STDC_WANT_IEC_60559_DFP_EXT__=1 -D__STDC_WANT_IEC_60559_EXT__=1 -D__STDC_WANT_IEC_60559_FUNCS_EXT__=1 -D__STDC_WANT_IEC_60559_TYPES_EXT__=1 -D__STDC_WANT_LIB_EXT2__=1 -D__STDC_WANT_MATH_SPEC_FUNCS__=1 -D_TANDEM_SOURCE=1 -D__EXTENSIONS__=1 -DHAVE_BITSTRING_H=1 -DHAVE_DIRENT_H=1 -DHAVE_FCNTL_H=1 -DHAVE_INTTYPES_H=1 -DHAVE_LIBPROC_H=1 -DHAVE_PATHS_H=1 -DHAVE_STDINT_H=1 -DHAVE_SYS_DIR_H=1 -DHAVE_UTIL_H=1 -DHAVE_SYS_SIGNAME=1 -DHAVE_LIBM=1 -DHAVE_DIRFD=1 -DHAVE_FLOCK=1 -DHAVE_PROC_PIDINFO=1 -DHAVE_SYSCONF=1 -DHAVE_ASPRINTF=1 -DHAVE_CFMAKERAW=1 -DHAVE_CLOCK_GETTIME=1 -DHAVE_FGETLN=1 -DHAVE_GETDTABLESIZE=1 -DHAVE_GETPEEREID=1 -DHAVE_GETLINE=1 -DHAVE_GETPROGNAME=1 -DHAVE_MEMMEM=1 -DHAVE_SETENV=1 -DHAVE_STRCASESTR=1 -DHAVE_STRLCAT=1 -DHAVE_STRLCPY=1 -DHAVE_STRNDUP=1 -DHAVE_STRSEP=1 -DHAVE_STRTONUM=1 -DHAVE_EVENT2_EVENT_H=1 -DHAVE_NCURSES_H=1 -DHAVE_TIPARM=1 -DHAVE_TIPARM_S=1 -DHAVE_UTF8PROC=1 -DHAVE_B64_NTOP=1 -DHAVE_JEMALLOC=1 -DHAVE_DAEMON=1 -DHAVE_FORKPTY=1 -DHAVE___PROGNAME=1 -DBROKEN___DEAD=1 -DBROKEN_CMSG_FIRSTHDR=1 -I.  -I/opt/homebrew/Cellar/jemalloc/5.4.0/include -I/opt/homebrew/Cellar/utf8proc/2.12.0/include -DUTF8PROC_EXPORTS -D_DARWIN_C_SOURCE -DNCURSES_WIDECHAR -I/opt/homebrew/Cellar/ncurses/6.6/include/ncursesw -I/opt/homebrew/Cellar/ncurses/6.6/include -I/opt/homebrew/Cellar/libevent/2.1.13/include -DTMUX_VERSION='"3.7c"' -DTMUX_CONF='"/etc/tmux.conf:~/.tmux.conf:$XDG_CONFIG_HOME/tmux/tmux.conf:~/.config/tmux/tmux.conf"' -DTMUX_LOCK_CMD='"lock -np"' -DTMUX_TERM='"tmux-256color"'  -iquote.        -std=gnu99 -O2       -MT sort.o -MD -MP -MF $depbase.Tpo -c -o sort.o sort.c &&\
	mv -f $depbase.Tpo $depbase.Po
depbase=`echo spawn.o | sed 's|[^/]*$|.deps/&|;s|\.o$||'`;\
	gcc -std=gnu23 -DPACKAGE_NAME=\"tmux\" -DPACKAGE_TARNAME=\"tmux\" -DPACKAGE_VERSION=\"3.7c\" -DPACKAGE_STRING=\"tmux\ 3.7c\" -DPACKAGE_BUGREPORT=\"\" -DPACKAGE_URL=\"\" -DPACKAGE=\"tmux\" -DVERSION=\"3.7c\" -DHAVE_STDIO_H=1 -DHAVE_STDLIB_H=1 -DHAVE_STRING_H=1 -DHAVE_INTTYPES_H=1 -DHAVE_STDINT_H=1 -DHAVE_STRINGS_H=1 -DHAVE_SYS_STAT_H=1 -DHAVE_SYS_TYPES_H=1 -DHAVE_UNISTD_H=1 -DHAVE_WCHAR_H=1 -DSTDC_HEADERS=1 -D_ALL_SOURCE=1 -D_COSMO_SOURCE=1 -D_DARWIN_C_SOURCE=1 -D_GNU_SOURCE=1 -D_HPUX_ALT_XOPEN_SOCKET_API=1 -D_NETBSD_SOURCE=1 -D_OPENBSD_SOURCE=1 -D_POSIX_PTHREAD_SEMANTICS=1 -D__STDC_WANT_IEC_60559_ATTRIBS_EXT__=1 -D__STDC_WANT_IEC_60559_BFP_EXT__=1 -D__STDC_WANT_IEC_60559_DFP_EXT__=1 -D__STDC_WANT_IEC_60559_EXT__=1 -D__STDC_WANT_IEC_60559_FUNCS_EXT__=1 -D__STDC_WANT_IEC_60559_TYPES_EXT__=1 -D__STDC_WANT_LIB_EXT2__=1 -D__STDC_WANT_MATH_SPEC_FUNCS__=1 -D_TANDEM_SOURCE=1 -D__EXTENSIONS__=1 -DHAVE_BITSTRING_H=1 -DHAVE_DIRENT_H=1 -DHAVE_FCNTL_H=1 -DHAVE_INTTYPES_H=1 -DHAVE_LIBPROC_H=1 -DHAVE_PATHS_H=1 -DHAVE_STDINT_H=1 -DHAVE_SYS_DIR_H=1 -DHAVE_UTIL_H=1 -DHAVE_SYS_SIGNAME=1 -DHAVE_LIBM=1 -DHAVE_DIRFD=1 -DHAVE_FLOCK=1 -DHAVE_PROC_PIDINFO=1 -DHAVE_SYSCONF=1 -DHAVE_ASPRINTF=1 -DHAVE_CFMAKERAW=1 -DHAVE_CLOCK_GETTIME=1 -DHAVE_FGETLN=1 -DHAVE_GETDTABLESIZE=1 -DHAVE_GETPEEREID=1 -DHAVE_GETLINE=1 -DHAVE_GETPROGNAME=1 -DHAVE_MEMMEM=1 -DHAVE_SETENV=1 -DHAVE_STRCASESTR=1 -DHAVE_STRLCAT=1 -DHAVE_STRLCPY=1 -DHAVE_STRNDUP=1 -DHAVE_STRSEP=1 -DHAVE_STRTONUM=1 -DHAVE_EVENT2_EVENT_H=1 -DHAVE_NCURSES_H=1 -DHAVE_TIPARM=1 -DHAVE_TIPARM_S=1 -DHAVE_UTF8PROC=1 -DHAVE_B64_NTOP=1 -DHAVE_JEMALLOC=1 -DHAVE_DAEMON=1 -DHAVE_FORKPTY=1 -DHAVE___PROGNAME=1 -DBROKEN___DEAD=1 -DBROKEN_CMSG_FIRSTHDR=1 -I.  -I/opt/homebrew/Cellar/jemalloc/5.4.0/include -I/opt/homebrew/Cellar/utf8proc/2.12.0/include -DUTF8PROC_EXPORTS -D_DARWIN_C_SOURCE -DNCURSES_WIDECHAR -I/opt/homebrew/Cellar/ncurses/6.6/include/ncursesw -I/opt/homebrew/Cellar/ncurses/6.6/include -I/opt/homebrew/Cellar/libevent/2.1.13/include -DTMUX_VERSION='"3.7c"' -DTMUX_CONF='"/etc/tmux.conf:~/.tmux.conf:$XDG_CONFIG_HOME/tmux/tmux.conf:~/.config/tmux/tmux.conf"' -DTMUX_LOCK_CMD='"lock -np"' -DTMUX_TERM='"tmux-256color"'  -iquote.        -std=gnu99 -O2       -MT spawn.o -MD -MP -MF $depbase.Tpo -c -o spawn.o spawn.c &&\
	mv -f $depbase.Tpo $depbase.Po
depbase=`echo status.o | sed 's|[^/]*$|.deps/&|;s|\.o$||'`;\
	gcc -std=gnu23 -DPACKAGE_NAME=\"tmux\" -DPACKAGE_TARNAME=\"tmux\" -DPACKAGE_VERSION=\"3.7c\" -DPACKAGE_STRING=\"tmux\ 3.7c\" -DPACKAGE_BUGREPORT=\"\" -DPACKAGE_URL=\"\" -DPACKAGE=\"tmux\" -DVERSION=\"3.7c\" -DHAVE_STDIO_H=1 -DHAVE_STDLIB_H=1 -DHAVE_STRING_H=1 -DHAVE_INTTYPES_H=1 -DHAVE_STDINT_H=1 -DHAVE_STRINGS_H=1 -DHAVE_SYS_STAT_H=1 -DHAVE_SYS_TYPES_H=1 -DHAVE_UNISTD_H=1 -DHAVE_WCHAR_H=1 -DSTDC_HEADERS=1 -D_ALL_SOURCE=1 -D_COSMO_SOURCE=1 -D_DARWIN_C_SOURCE=1 -D_GNU_SOURCE=1 -D_HPUX_ALT_XOPEN_SOCKET_API=1 -D_NETBSD_SOURCE=1 -D_OPENBSD_SOURCE=1 -D_POSIX_PTHREAD_SEMANTICS=1 -D__STDC_WANT_IEC_60559_ATTRIBS_EXT__=1 -D__STDC_WANT_IEC_60559_BFP_EXT__=1 -D__STDC_WANT_IEC_60559_DFP_EXT__=1 -D__STDC_WANT_IEC_60559_EXT__=1 -D__STDC_WANT_IEC_60559_FUNCS_EXT__=1 -D__STDC_WANT_IEC_60559_TYPES_EXT__=1 -D__STDC_WANT_LIB_EXT2__=1 -D__STDC_WANT_MATH_SPEC_FUNCS__=1 -D_TANDEM_SOURCE=1 -D__EXTENSIONS__=1 -DHAVE_BITSTRING_H=1 -DHAVE_DIRENT_H=1 -DHAVE_FCNTL_H=1 -DHAVE_INTTYPES_H=1 -DHAVE_LIBPROC_H=1 -DHAVE_PATHS_H=1 -DHAVE_STDINT_H=1 -DHAVE_SYS_DIR_H=1 -DHAVE_UTIL_H=1 -DHAVE_SYS_SIGNAME=1 -DHAVE_LIBM=1 -DHAVE_DIRFD=1 -DHAVE_FLOCK=1 -DHAVE_PROC_PIDINFO=1 -DHAVE_SYSCONF=1 -DHAVE_ASPRINTF=1 -DHAVE_CFMAKERAW=1 -DHAVE_CLOCK_GETTIME=1 -DHAVE_FGETLN=1 -DHAVE_GETDTABLESIZE=1 -DHAVE_GETPEEREID=1 -DHAVE_GETLINE=1 -DHAVE_GETPROGNAME=1 -DHAVE_MEMMEM=1 -DHAVE_SETENV=1 -DHAVE_STRCASESTR=1 -DHAVE_STRLCAT=1 -DHAVE_STRLCPY=1 -DHAVE_STRNDUP=1 -DHAVE_STRSEP=1 -DHAVE_STRTONUM=1 -DHAVE_EVENT2_EVENT_H=1 -DHAVE_NCURSES_H=1 -DHAVE_TIPARM=1 -DHAVE_TIPARM_S=1 -DHAVE_UTF8PROC=1 -DHAVE_B64_NTOP=1 -DHAVE_JEMALLOC=1 -DHAVE_DAEMON=1 -DHAVE_FORKPTY=1 -DHAVE___PROGNAME=1 -DBROKEN___DEAD=1 -DBROKEN_CMSG_FIRSTHDR=1 -I.  -I/opt/homebrew/Cellar/jemalloc/5.4.0/include -I/opt/homebrew/Cellar/utf8proc/2.12.0/include -DUTF8PROC_EXPORTS -D_DARWIN_C_SOURCE -DNCURSES_WIDECHAR -I/opt/homebrew/Cellar/ncurses/6.6/include/ncursesw -I/opt/homebrew/Cellar/ncurses/6.6/include -I/opt/homebrew/Cellar/libevent/2.1.13/include -DTMUX_VERSION='"3.7c"' -DTMUX_CONF='"/etc/tmux.conf:~/.tmux.conf:$XDG_CONFIG_HOME/tmux/tmux.conf:~/.config/tmux/tmux.conf"' -DTMUX_LOCK_CMD='"lock -np"' -DTMUX_TERM='"tmux-256color"'  -iquote.        -std=gnu99 -O2       -MT status.o -MD -MP -MF $depbase.Tpo -c -o status.o status.c &&\
	mv -f $depbase.Tpo $depbase.Po
depbase=`echo style.o | sed 's|[^/]*$|.deps/&|;s|\.o$||'`;\
	gcc -std=gnu23 -DPACKAGE_NAME=\"tmux\" -DPACKAGE_TARNAME=\"tmux\" -DPACKAGE_VERSION=\"3.7c\" -DPACKAGE_STRING=\"tmux\ 3.7c\" -DPACKAGE_BUGREPORT=\"\" -DPACKAGE_URL=\"\" -DPACKAGE=\"tmux\" -DVERSION=\"3.7c\" -DHAVE_STDIO_H=1 -DHAVE_STDLIB_H=1 -DHAVE_STRING_H=1 -DHAVE_INTTYPES_H=1 -DHAVE_STDINT_H=1 -DHAVE_STRINGS_H=1 -DHAVE_SYS_STAT_H=1 -DHAVE_SYS_TYPES_H=1 -DHAVE_UNISTD_H=1 -DHAVE_WCHAR_H=1 -DSTDC_HEADERS=1 -D_ALL_SOURCE=1 -D_COSMO_SOURCE=1 -D_DARWIN_C_SOURCE=1 -D_GNU_SOURCE=1 -D_HPUX_ALT_XOPEN_SOCKET_API=1 -D_NETBSD_SOURCE=1 -D_OPENBSD_SOURCE=1 -D_POSIX_PTHREAD_SEMANTICS=1 -D__STDC_WANT_IEC_60559_ATTRIBS_EXT__=1 -D__STDC_WANT_IEC_60559_BFP_EXT__=1 -D__STDC_WANT_IEC_60559_DFP_EXT__=1 -D__STDC_WANT_IEC_60559_EXT__=1 -D__STDC_WANT_IEC_60559_FUNCS_EXT__=1 -D__STDC_WANT_IEC_60559_TYPES_EXT__=1 -D__STDC_WANT_LIB_EXT2__=1 -D__STDC_WANT_MATH_SPEC_FUNCS__=1 -D_TANDEM_SOURCE=1 -D__EXTENSIONS__=1 -DHAVE_BITSTRING_H=1 -DHAVE_DIRENT_H=1 -DHAVE_FCNTL_H=1 -DHAVE_INTTYPES_H=1 -DHAVE_LIBPROC_H=1 -DHAVE_PATHS_H=1 -DHAVE_STDINT_H=1 -DHAVE_SYS_DIR_H=1 -DHAVE_UTIL_H=1 -DHAVE_SYS_SIGNAME=1 -DHAVE_LIBM=1 -DHAVE_DIRFD=1 -DHAVE_FLOCK=1 -DHAVE_PROC_PIDINFO=1 -DHAVE_SYSCONF=1 -DHAVE_ASPRINTF=1 -DHAVE_CFMAKERAW=1 -DHAVE_CLOCK_GETTIME=1 -DHAVE_FGETLN=1 -DHAVE_GETDTABLESIZE=1 -DHAVE_GETPEEREID=1 -DHAVE_GETLINE=1 -DHAVE_GETPROGNAME=1 -DHAVE_MEMMEM=1 -DHAVE_SETENV=1 -DHAVE_STRCASESTR=1 -DHAVE_STRLCAT=1 -DHAVE_STRLCPY=1 -DHAVE_STRNDUP=1 -DHAVE_STRSEP=1 -DHAVE_STRTONUM=1 -DHAVE_EVENT2_EVENT_H=1 -DHAVE_NCURSES_H=1 -DHAVE_TIPARM=1 -DHAVE_TIPARM_S=1 -DHAVE_UTF8PROC=1 -DHAVE_B64_NTOP=1 -DHAVE_JEMALLOC=1 -DHAVE_DAEMON=1 -DHAVE_FORKPTY=1 -DHAVE___PROGNAME=1 -DBROKEN___DEAD=1 -DBROKEN_CMSG_FIRSTHDR=1 -I.  -I/opt/homebrew/Cellar/jemalloc/5.4.0/include -I/opt/homebrew/Cellar/utf8proc/2.12.0/include -DUTF8PROC_EXPORTS -D_DARWIN_C_SOURCE -DNCURSES_WIDECHAR -I/opt/homebrew/Cellar/ncurses/6.6/include/ncursesw -I/opt/homebrew/Cellar/ncurses/6.6/include -I/opt/homebrew/Cellar/libevent/2.1.13/include -DTMUX_VERSION='"3.7c"' -DTMUX_CONF='"/etc/tmux.conf:~/.tmux.conf:$XDG_CONFIG_HOME/tmux/tmux.conf:~/.config/tmux/tmux.conf"' -DTMUX_LOCK_CMD='"lock -np"' -DTMUX_TERM='"tmux-256color"'  -iquote.        -std=gnu99 -O2       -MT style.o -MD -MP -MF $depbase.Tpo -c -o style.o style.c &&\
	mv -f $depbase.Tpo $depbase.Po
depbase=`echo tmux.o | sed 's|[^/]*$|.deps/&|;s|\.o$||'`;\
	gcc -std=gnu23 -DPACKAGE_NAME=\"tmux\" -DPACKAGE_TARNAME=\"tmux\" -DPACKAGE_VERSION=\"3.7c\" -DPACKAGE_STRING=\"tmux\ 3.7c\" -DPACKAGE_BUGREPORT=\"\" -DPACKAGE_URL=\"\" -DPACKAGE=\"tmux\" -DVERSION=\"3.7c\" -DHAVE_STDIO_H=1 -DHAVE_STDLIB_H=1 -DHAVE_STRING_H=1 -DHAVE_INTTYPES_H=1 -DHAVE_STDINT_H=1 -DHAVE_STRINGS_H=1 -DHAVE_SYS_STAT_H=1 -DHAVE_SYS_TYPES_H=1 -DHAVE_UNISTD_H=1 -DHAVE_WCHAR_H=1 -DSTDC_HEADERS=1 -D_ALL_SOURCE=1 -D_COSMO_SOURCE=1 -D_DARWIN_C_SOURCE=1 -D_GNU_SOURCE=1 -D_HPUX_ALT_XOPEN_SOCKET_API=1 -D_NETBSD_SOURCE=1 -D_OPENBSD_SOURCE=1 -D_POSIX_PTHREAD_SEMANTICS=1 -D__STDC_WANT_IEC_60559_ATTRIBS_EXT__=1 -D__STDC_WANT_IEC_60559_BFP_EXT__=1 -D__STDC_WANT_IEC_60559_DFP_EXT__=1 -D__STDC_WANT_IEC_60559_EXT__=1 -D__STDC_WANT_IEC_60559_FUNCS_EXT__=1 -D__STDC_WANT_IEC_60559_TYPES_EXT__=1 -D__STDC_WANT_LIB_EXT2__=1 -D__STDC_WANT_MATH_SPEC_FUNCS__=1 -D_TANDEM_SOURCE=1 -D__EXTENSIONS__=1 -DHAVE_BITSTRING_H=1 -DHAVE_DIRENT_H=1 -DHAVE_FCNTL_H=1 -DHAVE_INTTYPES_H=1 -DHAVE_LIBPROC_H=1 -DHAVE_PATHS_H=1 -DHAVE_STDINT_H=1 -DHAVE_SYS_DIR_H=1 -DHAVE_UTIL_H=1 -DHAVE_SYS_SIGNAME=1 -DHAVE_LIBM=1 -DHAVE_DIRFD=1 -DHAVE_FLOCK=1 -DHAVE_PROC_PIDINFO=1 -DHAVE_SYSCONF=1 -DHAVE_ASPRINTF=1 -DHAVE_CFMAKERAW=1 -DHAVE_CLOCK_GETTIME=1 -DHAVE_FGETLN=1 -DHAVE_GETDTABLESIZE=1 -DHAVE_GETPEEREID=1 -DHAVE_GETLINE=1 -DHAVE_GETPROGNAME=1 -DHAVE_MEMMEM=1 -DHAVE_SETENV=1 -DHAVE_STRCASESTR=1 -DHAVE_STRLCAT=1 -DHAVE_STRLCPY=1 -DHAVE_STRNDUP=1 -DHAVE_STRSEP=1 -DHAVE_STRTONUM=1 -DHAVE_EVENT2_EVENT_H=1 -DHAVE_NCURSES_H=1 -DHAVE_TIPARM=1 -DHAVE_TIPARM_S=1 -DHAVE_UTF8PROC=1 -DHAVE_B64_NTOP=1 -DHAVE_JEMALLOC=1 -DHAVE_DAEMON=1 -DHAVE_FORKPTY=1 -DHAVE___PROGNAME=1 -DBROKEN___DEAD=1 -DBROKEN_CMSG_FIRSTHDR=1 -I.  -I/opt/homebrew/Cellar/jemalloc/5.4.0/include -I/opt/homebrew/Cellar/utf8proc/2.12.0/include -DUTF8PROC_EXPORTS -D_DARWIN_C_SOURCE -DNCURSES_WIDECHAR -I/opt/homebrew/Cellar/ncurses/6.6/include/ncursesw -I/opt/homebrew/Cellar/ncurses/6.6/include -I/opt/homebrew/Cellar/libevent/2.1.13/include -DTMUX_VERSION='"3.7c"' -DTMUX_CONF='"/etc/tmux.conf:~/.tmux.conf:$XDG_CONFIG_HOME/tmux/tmux.conf:~/.config/tmux/tmux.conf"' -DTMUX_LOCK_CMD='"lock -np"' -DTMUX_TERM='"tmux-256color"'  -iquote.        -std=gnu99 -O2       -MT tmux.o -MD -MP -MF $depbase.Tpo -c -o tmux.o tmux.c &&\
	mv -f $depbase.Tpo $depbase.Po
depbase=`echo tty-acs.o | sed 's|[^/]*$|.deps/&|;s|\.o$||'`;\
	gcc -std=gnu23 -DPACKAGE_NAME=\"tmux\" -DPACKAGE_TARNAME=\"tmux\" -DPACKAGE_VERSION=\"3.7c\" -DPACKAGE_STRING=\"tmux\ 3.7c\" -DPACKAGE_BUGREPORT=\"\" -DPACKAGE_URL=\"\" -DPACKAGE=\"tmux\" -DVERSION=\"3.7c\" -DHAVE_STDIO_H=1 -DHAVE_STDLIB_H=1 -DHAVE_STRING_H=1 -DHAVE_INTTYPES_H=1 -DHAVE_STDINT_H=1 -DHAVE_STRINGS_H=1 -DHAVE_SYS_STAT_H=1 -DHAVE_SYS_TYPES_H=1 -DHAVE_UNISTD_H=1 -DHAVE_WCHAR_H=1 -DSTDC_HEADERS=1 -D_ALL_SOURCE=1 -D_COSMO_SOURCE=1 -D_DARWIN_C_SOURCE=1 -D_GNU_SOURCE=1 -D_HPUX_ALT_XOPEN_SOCKET_API=1 -D_NETBSD_SOURCE=1 -D_OPENBSD_SOURCE=1 -D_POSIX_PTHREAD_SEMANTICS=1 -D__STDC_WANT_IEC_60559_ATTRIBS_EXT__=1 -D__STDC_WANT_IEC_60559_BFP_EXT__=1 -D__STDC_WANT_IEC_60559_DFP_EXT__=1 -D__STDC_WANT_IEC_60559_EXT__=1 -D__STDC_WANT_IEC_60559_FUNCS_EXT__=1 -D__STDC_WANT_IEC_60559_TYPES_EXT__=1 -D__STDC_WANT_LIB_EXT2__=1 -D__STDC_WANT_MATH_SPEC_FUNCS__=1 -D_TANDEM_SOURCE=1 -D__EXTENSIONS__=1 -DHAVE_BITSTRING_H=1 -DHAVE_DIRENT_H=1 -DHAVE_FCNTL_H=1 -DHAVE_INTTYPES_H=1 -DHAVE_LIBPROC_H=1 -DHAVE_PATHS_H=1 -DHAVE_STDINT_H=1 -DHAVE_SYS_DIR_H=1 -DHAVE_UTIL_H=1 -DHAVE_SYS_SIGNAME=1 -DHAVE_LIBM=1 -DHAVE_DIRFD=1 -DHAVE_FLOCK=1 -DHAVE_PROC_PIDINFO=1 -DHAVE_SYSCONF=1 -DHAVE_ASPRINTF=1 -DHAVE_CFMAKERAW=1 -DHAVE_CLOCK_GETTIME=1 -DHAVE_FGETLN=1 -DHAVE_GETDTABLESIZE=1 -DHAVE_GETPEEREID=1 -DHAVE_GETLINE=1 -DHAVE_GETPROGNAME=1 -DHAVE_MEMMEM=1 -DHAVE_SETENV=1 -DHAVE_STRCASESTR=1 -DHAVE_STRLCAT=1 -DHAVE_STRLCPY=1 -DHAVE_STRNDUP=1 -DHAVE_STRSEP=1 -DHAVE_STRTONUM=1 -DHAVE_EVENT2_EVENT_H=1 -DHAVE_NCURSES_H=1 -DHAVE_TIPARM=1 -DHAVE_TIPARM_S=1 -DHAVE_UTF8PROC=1 -DHAVE_B64_NTOP=1 -DHAVE_JEMALLOC=1 -DHAVE_DAEMON=1 -DHAVE_FORKPTY=1 -DHAVE___PROGNAME=1 -DBROKEN___DEAD=1 -DBROKEN_CMSG_FIRSTHDR=1 -I.  -I/opt/homebrew/Cellar/jemalloc/5.4.0/include -I/opt/homebrew/Cellar/utf8proc/2.12.0/include -DUTF8PROC_EXPORTS -D_DARWIN_C_SOURCE -DNCURSES_WIDECHAR -I/opt/homebrew/Cellar/ncurses/6.6/include/ncursesw -I/opt/homebrew/Cellar/ncurses/6.6/include -I/opt/homebrew/Cellar/libevent/2.1.13/include -DTMUX_VERSION='"3.7c"' -DTMUX_CONF='"/etc/tmux.conf:~/.tmux.conf:$XDG_CONFIG_HOME/tmux/tmux.conf:~/.config/tmux/tmux.conf"' -DTMUX_LOCK_CMD='"lock -np"' -DTMUX_TERM='"tmux-256color"'  -iquote.        -std=gnu99 -O2       -MT tty-acs.o -MD -MP -MF $depbase.Tpo -c -o tty-acs.o tty-acs.c &&\
	mv -f $depbase.Tpo $depbase.Po
depbase=`echo tty-draw.o | sed 's|[^/]*$|.deps/&|;s|\.o$||'`;\
	gcc -std=gnu23 -DPACKAGE_NAME=\"tmux\" -DPACKAGE_TARNAME=\"tmux\" -DPACKAGE_VERSION=\"3.7c\" -DPACKAGE_STRING=\"tmux\ 3.7c\" -DPACKAGE_BUGREPORT=\"\" -DPACKAGE_URL=\"\" -DPACKAGE=\"tmux\" -DVERSION=\"3.7c\" -DHAVE_STDIO_H=1 -DHAVE_STDLIB_H=1 -DHAVE_STRING_H=1 -DHAVE_INTTYPES_H=1 -DHAVE_STDINT_H=1 -DHAVE_STRINGS_H=1 -DHAVE_SYS_STAT_H=1 -DHAVE_SYS_TYPES_H=1 -DHAVE_UNISTD_H=1 -DHAVE_WCHAR_H=1 -DSTDC_HEADERS=1 -D_ALL_SOURCE=1 -D_COSMO_SOURCE=1 -D_DARWIN_C_SOURCE=1 -D_GNU_SOURCE=1 -D_HPUX_ALT_XOPEN_SOCKET_API=1 -D_NETBSD_SOURCE=1 -D_OPENBSD_SOURCE=1 -D_POSIX_PTHREAD_SEMANTICS=1 -D__STDC_WANT_IEC_60559_ATTRIBS_EXT__=1 -D__STDC_WANT_IEC_60559_BFP_EXT__=1 -D__STDC_WANT_IEC_60559_DFP_EXT__=1 -D__STDC_WANT_IEC_60559_EXT__=1 -D__STDC_WANT_IEC_60559_FUNCS_EXT__=1 -D__STDC_WANT_IEC_60559_TYPES_EXT__=1 -D__STDC_WANT_LIB_EXT2__=1 -D__STDC_WANT_MATH_SPEC_FUNCS__=1 -D_TANDEM_SOURCE=1 -D__EXTENSIONS__=1 -DHAVE_BITSTRING_H=1 -DHAVE_DIRENT_H=1 -DHAVE_FCNTL_H=1 -DHAVE_INTTYPES_H=1 -DHAVE_LIBPROC_H=1 -DHAVE_PATHS_H=1 -DHAVE_STDINT_H=1 -DHAVE_SYS_DIR_H=1 -DHAVE_UTIL_H=1 -DHAVE_SYS_SIGNAME=1 -DHAVE_LIBM=1 -DHAVE_DIRFD=1 -DHAVE_FLOCK=1 -DHAVE_PROC_PIDINFO=1 -DHAVE_SYSCONF=1 -DHAVE_ASPRINTF=1 -DHAVE_CFMAKERAW=1 -DHAVE_CLOCK_GETTIME=1 -DHAVE_FGETLN=1 -DHAVE_GETDTABLESIZE=1 -DHAVE_GETPEEREID=1 -DHAVE_GETLINE=1 -DHAVE_GETPROGNAME=1 -DHAVE_MEMMEM=1 -DHAVE_SETENV=1 -DHAVE_STRCASESTR=1 -DHAVE_STRLCAT=1 -DHAVE_STRLCPY=1 -DHAVE_STRNDUP=1 -DHAVE_STRSEP=1 -DHAVE_STRTONUM=1 -DHAVE_EVENT2_EVENT_H=1 -DHAVE_NCURSES_H=1 -DHAVE_TIPARM=1 -DHAVE_TIPARM_S=1 -DHAVE_UTF8PROC=1 -DHAVE_B64_NTOP=1 -DHAVE_JEMALLOC=1 -DHAVE_DAEMON=1 -DHAVE_FORKPTY=1 -DHAVE___PROGNAME=1 -DBROKEN___DEAD=1 -DBROKEN_CMSG_FIRSTHDR=1 -I.  -I/opt/homebrew/Cellar/jemalloc/5.4.0/include -I/opt/homebrew/Cellar/utf8proc/2.12.0/include -DUTF8PROC_EXPORTS -D_DARWIN_C_SOURCE -DNCURSES_WIDECHAR -I/opt/homebrew/Cellar/ncurses/6.6/include/ncursesw -I/opt/homebrew/Cellar/ncurses/6.6/include -I/opt/homebrew/Cellar/libevent/2.1.13/include -DTMUX_VERSION='"3.7c"' -DTMUX_CONF='"/etc/tmux.conf:~/.tmux.conf:$XDG_CONFIG_HOME/tmux/tmux.conf:~/.config/tmux/tmux.conf"' -DTMUX_LOCK_CMD='"lock -np"' -DTMUX_TERM='"tmux-256color"'  -iquote.        -std=gnu99 -O2       -MT tty-draw.o -MD -MP -MF $depbase.Tpo -c -o tty-draw.o tty-draw.c &&\
	mv -f $depbase.Tpo $depbase.Po
depbase=`echo tty-features.o | sed 's|[^/]*$|.deps/&|;s|\.o$||'`;\
	gcc -std=gnu23 -DPACKAGE_NAME=\"tmux\" -DPACKAGE_TARNAME=\"tmux\" -DPACKAGE_VERSION=\"3.7c\" -DPACKAGE_STRING=\"tmux\ 3.7c\" -DPACKAGE_BUGREPORT=\"\" -DPACKAGE_URL=\"\" -DPACKAGE=\"tmux\" -DVERSION=\"3.7c\" -DHAVE_STDIO_H=1 -DHAVE_STDLIB_H=1 -DHAVE_STRING_H=1 -DHAVE_INTTYPES_H=1 -DHAVE_STDINT_H=1 -DHAVE_STRINGS_H=1 -DHAVE_SYS_STAT_H=1 -DHAVE_SYS_TYPES_H=1 -DHAVE_UNISTD_H=1 -DHAVE_WCHAR_H=1 -DSTDC_HEADERS=1 -D_ALL_SOURCE=1 -D_COSMO_SOURCE=1 -D_DARWIN_C_SOURCE=1 -D_GNU_SOURCE=1 -D_HPUX_ALT_XOPEN_SOCKET_API=1 -D_NETBSD_SOURCE=1 -D_OPENBSD_SOURCE=1 -D_POSIX_PTHREAD_SEMANTICS=1 -D__STDC_WANT_IEC_60559_ATTRIBS_EXT__=1 -D__STDC_WANT_IEC_60559_BFP_EXT__=1 -D__STDC_WANT_IEC_60559_DFP_EXT__=1 -D__STDC_WANT_IEC_60559_EXT__=1 -D__STDC_WANT_IEC_60559_FUNCS_EXT__=1 -D__STDC_WANT_IEC_60559_TYPES_EXT__=1 -D__STDC_WANT_LIB_EXT2__=1 -D__STDC_WANT_MATH_SPEC_FUNCS__=1 -D_TANDEM_SOURCE=1 -D__EXTENSIONS__=1 -DHAVE_BITSTRING_H=1 -DHAVE_DIRENT_H=1 -DHAVE_FCNTL_H=1 -DHAVE_INTTYPES_H=1 -DHAVE_LIBPROC_H=1 -DHAVE_PATHS_H=1 -DHAVE_STDINT_H=1 -DHAVE_SYS_DIR_H=1 -DHAVE_UTIL_H=1 -DHAVE_SYS_SIGNAME=1 -DHAVE_LIBM=1 -DHAVE_DIRFD=1 -DHAVE_FLOCK=1 -DHAVE_PROC_PIDINFO=1 -DHAVE_SYSCONF=1 -DHAVE_ASPRINTF=1 -DHAVE_CFMAKERAW=1 -DHAVE_CLOCK_GETTIME=1 -DHAVE_FGETLN=1 -DHAVE_GETDTABLESIZE=1 -DHAVE_GETPEEREID=1 -DHAVE_GETLINE=1 -DHAVE_GETPROGNAME=1 -DHAVE_MEMMEM=1 -DHAVE_SETENV=1 -DHAVE_STRCASESTR=1 -DHAVE_STRLCAT=1 -DHAVE_STRLCPY=1 -DHAVE_STRNDUP=1 -DHAVE_STRSEP=1 -DHAVE_STRTONUM=1 -DHAVE_EVENT2_EVENT_H=1 -DHAVE_NCURSES_H=1 -DHAVE_TIPARM=1 -DHAVE_TIPARM_S=1 -DHAVE_UTF8PROC=1 -DHAVE_B64_NTOP=1 -DHAVE_JEMALLOC=1 -DHAVE_DAEMON=1 -DHAVE_FORKPTY=1 -DHAVE___PROGNAME=1 -DBROKEN___DEAD=1 -DBROKEN_CMSG_FIRSTHDR=1 -I.  -I/opt/homebrew/Cellar/jemalloc/5.4.0/include -I/opt/homebrew/Cellar/utf8proc/2.12.0/include -DUTF8PROC_EXPORTS -D_DARWIN_C_SOURCE -DNCURSES_WIDECHAR -I/opt/homebrew/Cellar/ncurses/6.6/include/ncursesw -I/opt/homebrew/Cellar/ncurses/6.6/include -I/opt/homebrew/Cellar/libevent/2.1.13/include -DTMUX_VERSION='"3.7c"' -DTMUX_CONF='"/etc/tmux.conf:~/.tmux.conf:$XDG_CONFIG_HOME/tmux/tmux.conf:~/.config/tmux/tmux.conf"' -DTMUX_LOCK_CMD='"lock -np"' -DTMUX_TERM='"tmux-256color"'  -iquote.        -std=gnu99 -O2       -MT tty-features.o -MD -MP -MF $depbase.Tpo -c -o tty-features.o tty-features.c &&\
	mv -f $depbase.Tpo $depbase.Po
depbase=`echo tty-keys.o | sed 's|[^/]*$|.deps/&|;s|\.o$||'`;\
	gcc -std=gnu23 -DPACKAGE_NAME=\"tmux\" -DPACKAGE_TARNAME=\"tmux\" -DPACKAGE_VERSION=\"3.7c\" -DPACKAGE_STRING=\"tmux\ 3.7c\" -DPACKAGE_BUGREPORT=\"\" -DPACKAGE_URL=\"\" -DPACKAGE=\"tmux\" -DVERSION=\"3.7c\" -DHAVE_STDIO_H=1 -DHAVE_STDLIB_H=1 -DHAVE_STRING_H=1 -DHAVE_INTTYPES_H=1 -DHAVE_STDINT_H=1 -DHAVE_STRINGS_H=1 -DHAVE_SYS_STAT_H=1 -DHAVE_SYS_TYPES_H=1 -DHAVE_UNISTD_H=1 -DHAVE_WCHAR_H=1 -DSTDC_HEADERS=1 -D_ALL_SOURCE=1 -D_COSMO_SOURCE=1 -D_DARWIN_C_SOURCE=1 -D_GNU_SOURCE=1 -D_HPUX_ALT_XOPEN_SOCKET_API=1 -D_NETBSD_SOURCE=1 -D_OPENBSD_SOURCE=1 -D_POSIX_PTHREAD_SEMANTICS=1 -D__STDC_WANT_IEC_60559_ATTRIBS_EXT__=1 -D__STDC_WANT_IEC_60559_BFP_EXT__=1 -D__STDC_WANT_IEC_60559_DFP_EXT__=1 -D__STDC_WANT_IEC_60559_EXT__=1 -D__STDC_WANT_IEC_60559_FUNCS_EXT__=1 -D__STDC_WANT_IEC_60559_TYPES_EXT__=1 -D__STDC_WANT_LIB_EXT2__=1 -D__STDC_WANT_MATH_SPEC_FUNCS__=1 -D_TANDEM_SOURCE=1 -D__EXTENSIONS__=1 -DHAVE_BITSTRING_H=1 -DHAVE_DIRENT_H=1 -DHAVE_FCNTL_H=1 -DHAVE_INTTYPES_H=1 -DHAVE_LIBPROC_H=1 -DHAVE_PATHS_H=1 -DHAVE_STDINT_H=1 -DHAVE_SYS_DIR_H=1 -DHAVE_UTIL_H=1 -DHAVE_SYS_SIGNAME=1 -DHAVE_LIBM=1 -DHAVE_DIRFD=1 -DHAVE_FLOCK=1 -DHAVE_PROC_PIDINFO=1 -DHAVE_SYSCONF=1 -DHAVE_ASPRINTF=1 -DHAVE_CFMAKERAW=1 -DHAVE_CLOCK_GETTIME=1 -DHAVE_FGETLN=1 -DHAVE_GETDTABLESIZE=1 -DHAVE_GETPEEREID=1 -DHAVE_GETLINE=1 -DHAVE_GETPROGNAME=1 -DHAVE_MEMMEM=1 -DHAVE_SETENV=1 -DHAVE_STRCASESTR=1 -DHAVE_STRLCAT=1 -DHAVE_STRLCPY=1 -DHAVE_STRNDUP=1 -DHAVE_STRSEP=1 -DHAVE_STRTONUM=1 -DHAVE_EVENT2_EVENT_H=1 -DHAVE_NCURSES_H=1 -DHAVE_TIPARM=1 -DHAVE_TIPARM_S=1 -DHAVE_UTF8PROC=1 -DHAVE_B64_NTOP=1 -DHAVE_JEMALLOC=1 -DHAVE_DAEMON=1 -DHAVE_FORKPTY=1 -DHAVE___PROGNAME=1 -DBROKEN___DEAD=1 -DBROKEN_CMSG_FIRSTHDR=1 -I.  -I/opt/homebrew/Cellar/jemalloc/5.4.0/include -I/opt/homebrew/Cellar/utf8proc/2.12.0/include -DUTF8PROC_EXPORTS -D_DARWIN_C_SOURCE -DNCURSES_WIDECHAR -I/opt/homebrew/Cellar/ncurses/6.6/include/ncursesw -I/opt/homebrew/Cellar/ncurses/6.6/include -I/opt/homebrew/Cellar/libevent/2.1.13/include -DTMUX_VERSION='"3.7c"' -DTMUX_CONF='"/etc/tmux.conf:~/.tmux.conf:$XDG_CONFIG_HOME/tmux/tmux.conf:~/.config/tmux/tmux.conf"' -DTMUX_LOCK_CMD='"lock -np"' -DTMUX_TERM='"tmux-256color"'  -iquote.        -std=gnu99 -O2       -MT tty-keys.o -MD -MP -MF $depbase.Tpo -c -o tty-keys.o tty-keys.c &&\
	mv -f $depbase.Tpo $depbase.Po
depbase=`echo tty-term.o | sed 's|[^/]*$|.deps/&|;s|\.o$||'`;\
	gcc -std=gnu23 -DPACKAGE_NAME=\"tmux\" -DPACKAGE_TARNAME=\"tmux\" -DPACKAGE_VERSION=\"3.7c\" -DPACKAGE_STRING=\"tmux\ 3.7c\" -DPACKAGE_BUGREPORT=\"\" -DPACKAGE_URL=\"\" -DPACKAGE=\"tmux\" -DVERSION=\"3.7c\" -DHAVE_STDIO_H=1 -DHAVE_STDLIB_H=1 -DHAVE_STRING_H=1 -DHAVE_INTTYPES_H=1 -DHAVE_STDINT_H=1 -DHAVE_STRINGS_H=1 -DHAVE_SYS_STAT_H=1 -DHAVE_SYS_TYPES_H=1 -DHAVE_UNISTD_H=1 -DHAVE_WCHAR_H=1 -DSTDC_HEADERS=1 -D_ALL_SOURCE=1 -D_COSMO_SOURCE=1 -D_DARWIN_C_SOURCE=1 -D_GNU_SOURCE=1 -D_HPUX_ALT_XOPEN_SOCKET_API=1 -D_NETBSD_SOURCE=1 -D_OPENBSD_SOURCE=1 -D_POSIX_PTHREAD_SEMANTICS=1 -D__STDC_WANT_IEC_60559_ATTRIBS_EXT__=1 -D__STDC_WANT_IEC_60559_BFP_EXT__=1 -D__STDC_WANT_IEC_60559_DFP_EXT__=1 -D__STDC_WANT_IEC_60559_EXT__=1 -D__STDC_WANT_IEC_60559_FUNCS_EXT__=1 -D__STDC_WANT_IEC_60559_TYPES_EXT__=1 -D__STDC_WANT_LIB_EXT2__=1 -D__STDC_WANT_MATH_SPEC_FUNCS__=1 -D_TANDEM_SOURCE=1 -D__EXTENSIONS__=1 -DHAVE_BITSTRING_H=1 -DHAVE_DIRENT_H=1 -DHAVE_FCNTL_H=1 -DHAVE_INTTYPES_H=1 -DHAVE_LIBPROC_H=1 -DHAVE_PATHS_H=1 -DHAVE_STDINT_H=1 -DHAVE_SYS_DIR_H=1 -DHAVE_UTIL_H=1 -DHAVE_SYS_SIGNAME=1 -DHAVE_LIBM=1 -DHAVE_DIRFD=1 -DHAVE_FLOCK=1 -DHAVE_PROC_PIDINFO=1 -DHAVE_SYSCONF=1 -DHAVE_ASPRINTF=1 -DHAVE_CFMAKERAW=1 -DHAVE_CLOCK_GETTIME=1 -DHAVE_FGETLN=1 -DHAVE_GETDTABLESIZE=1 -DHAVE_GETPEEREID=1 -DHAVE_GETLINE=1 -DHAVE_GETPROGNAME=1 -DHAVE_MEMMEM=1 -DHAVE_SETENV=1 -DHAVE_STRCASESTR=1 -DHAVE_STRLCAT=1 -DHAVE_STRLCPY=1 -DHAVE_STRNDUP=1 -DHAVE_STRSEP=1 -DHAVE_STRTONUM=1 -DHAVE_EVENT2_EVENT_H=1 -DHAVE_NCURSES_H=1 -DHAVE_TIPARM=1 -DHAVE_TIPARM_S=1 -DHAVE_UTF8PROC=1 -DHAVE_B64_NTOP=1 -DHAVE_JEMALLOC=1 -DHAVE_DAEMON=1 -DHAVE_FORKPTY=1 -DHAVE___PROGNAME=1 -DBROKEN___DEAD=1 -DBROKEN_CMSG_FIRSTHDR=1 -I.  -I/opt/homebrew/Cellar/jemalloc/5.4.0/include -I/opt/homebrew/Cellar/utf8proc/2.12.0/include -DUTF8PROC_EXPORTS -D_DARWIN_C_SOURCE -DNCURSES_WIDECHAR -I/opt/homebrew/Cellar/ncurses/6.6/include/ncursesw -I/opt/homebrew/Cellar/ncurses/6.6/include -I/opt/homebrew/Cellar/libevent/2.1.13/include -DTMUX_VERSION='"3.7c"' -DTMUX_CONF='"/etc/tmux.conf:~/.tmux.conf:$XDG_CONFIG_HOME/tmux/tmux.conf:~/.config/tmux/tmux.conf"' -DTMUX_LOCK_CMD='"lock -np"' -DTMUX_TERM='"tmux-256color"'  -iquote.        -std=gnu99 -O2       -MT tty-term.o -MD -MP -MF $depbase.Tpo -c -o tty-term.o tty-term.c &&\
	mv -f $depbase.Tpo $depbase.Po
tty-keys.c:760:6: warning: assigning to 'const char *' from 'unsigned char *' converts between pointers to integer types where one is of the unique plain 'char' type and the other is not [-Wpointer-sign]
  760 |         buf = EVBUFFER_DATA(tty->in);
      |             ^ ~~~~~~~~~~~~~~~~~~~~~~
tty-keys.c:1413:31: warning: passing 'char *' to parameter of type 'u_char *' (aka 'unsigned char *') converts between pointers to integer types where one is of the unique plain 'char' type and the other is not [-Wpointer-sign]
 1413 |         if ((outlen = b64_pton(copy, out, needed)) == -1) {
      |                                      ^~~
/Applications/Xcode.app/Contents/Developer/Platforms/MacOSX.platform/Developer/SDKs/MacOSX.sdk/usr/include/resolv.h:595:37: note: passing argument to parameter here
  595 | int             b64_pton(char const *, u_char *, size_t);
      |                                                ^
depbase=`echo tty.o | sed 's|[^/]*$|.deps/&|;s|\.o$||'`;\
	gcc -std=gnu23 -DPACKAGE_NAME=\"tmux\" -DPACKAGE_TARNAME=\"tmux\" -DPACKAGE_VERSION=\"3.7c\" -DPACKAGE_STRING=\"tmux\ 3.7c\" -DPACKAGE_BUGREPORT=\"\" -DPACKAGE_URL=\"\" -DPACKAGE=\"tmux\" -DVERSION=\"3.7c\" -DHAVE_STDIO_H=1 -DHAVE_STDLIB_H=1 -DHAVE_STRING_H=1 -DHAVE_INTTYPES_H=1 -DHAVE_STDINT_H=1 -DHAVE_STRINGS_H=1 -DHAVE_SYS_STAT_H=1 -DHAVE_SYS_TYPES_H=1 -DHAVE_UNISTD_H=1 -DHAVE_WCHAR_H=1 -DSTDC_HEADERS=1 -D_ALL_SOURCE=1 -D_COSMO_SOURCE=1 -D_DARWIN_C_SOURCE=1 -D_GNU_SOURCE=1 -D_HPUX_ALT_XOPEN_SOCKET_API=1 -D_NETBSD_SOURCE=1 -D_OPENBSD_SOURCE=1 -D_POSIX_PTHREAD_SEMANTICS=1 -D__STDC_WANT_IEC_60559_ATTRIBS_EXT__=1 -D__STDC_WANT_IEC_60559_BFP_EXT__=1 -D__STDC_WANT_IEC_60559_DFP_EXT__=1 -D__STDC_WANT_IEC_60559_EXT__=1 -D__STDC_WANT_IEC_60559_FUNCS_EXT__=1 -D__STDC_WANT_IEC_60559_TYPES_EXT__=1 -D__STDC_WANT_LIB_EXT2__=1 -D__STDC_WANT_MATH_SPEC_FUNCS__=1 -D_TANDEM_SOURCE=1 -D__EXTENSIONS__=1 -DHAVE_BITSTRING_H=1 -DHAVE_DIRENT_H=1 -DHAVE_FCNTL_H=1 -DHAVE_INTTYPES_H=1 -DHAVE_LIBPROC_H=1 -DHAVE_PATHS_H=1 -DHAVE_STDINT_H=1 -DHAVE_SYS_DIR_H=1 -DHAVE_UTIL_H=1 -DHAVE_SYS_SIGNAME=1 -DHAVE_LIBM=1 -DHAVE_DIRFD=1 -DHAVE_FLOCK=1 -DHAVE_PROC_PIDINFO=1 -DHAVE_SYSCONF=1 -DHAVE_ASPRINTF=1 -DHAVE_CFMAKERAW=1 -DHAVE_CLOCK_GETTIME=1 -DHAVE_FGETLN=1 -DHAVE_GETDTABLESIZE=1 -DHAVE_GETPEEREID=1 -DHAVE_GETLINE=1 -DHAVE_GETPROGNAME=1 -DHAVE_MEMMEM=1 -DHAVE_SETENV=1 -DHAVE_STRCASESTR=1 -DHAVE_STRLCAT=1 -DHAVE_STRLCPY=1 -DHAVE_STRNDUP=1 -DHAVE_STRSEP=1 -DHAVE_STRTONUM=1 -DHAVE_EVENT2_EVENT_H=1 -DHAVE_NCURSES_H=1 -DHAVE_TIPARM=1 -DHAVE_TIPARM_S=1 -DHAVE_UTF8PROC=1 -DHAVE_B64_NTOP=1 -DHAVE_JEMALLOC=1 -DHAVE_DAEMON=1 -DHAVE_FORKPTY=1 -DHAVE___PROGNAME=1 -DBROKEN___DEAD=1 -DBROKEN_CMSG_FIRSTHDR=1 -I.  -I/opt/homebrew/Cellar/jemalloc/5.4.0/include -I/opt/homebrew/Cellar/utf8proc/2.12.0/include -DUTF8PROC_EXPORTS -D_DARWIN_C_SOURCE -DNCURSES_WIDECHAR -I/opt/homebrew/Cellar/ncurses/6.6/include/ncursesw -I/opt/homebrew/Cellar/ncurses/6.6/include -I/opt/homebrew/Cellar/libevent/2.1.13/include -DTMUX_VERSION='"3.7c"' -DTMUX_CONF='"/etc/tmux.conf:~/.tmux.conf:$XDG_CONFIG_HOME/tmux/tmux.conf:~/.config/tmux/tmux.conf"' -DTMUX_LOCK_CMD='"lock -np"' -DTMUX_TERM='"tmux-256color"'  -iquote.        -std=gnu99 -O2       -MT tty.o -MD -MP -MF $depbase.Tpo -c -o tty.o tty.c &&\
	mv -f $depbase.Tpo $depbase.Po
2 warnings generated.
depbase=`echo utf8-combined.o | sed 's|[^/]*$|.deps/&|;s|\.o$||'`;\
	gcc -std=gnu23 -DPACKAGE_NAME=\"tmux\" -DPACKAGE_TARNAME=\"tmux\" -DPACKAGE_VERSION=\"3.7c\" -DPACKAGE_STRING=\"tmux\ 3.7c\" -DPACKAGE_BUGREPORT=\"\" -DPACKAGE_URL=\"\" -DPACKAGE=\"tmux\" -DVERSION=\"3.7c\" -DHAVE_STDIO_H=1 -DHAVE_STDLIB_H=1 -DHAVE_STRING_H=1 -DHAVE_INTTYPES_H=1 -DHAVE_STDINT_H=1 -DHAVE_STRINGS_H=1 -DHAVE_SYS_STAT_H=1 -DHAVE_SYS_TYPES_H=1 -DHAVE_UNISTD_H=1 -DHAVE_WCHAR_H=1 -DSTDC_HEADERS=1 -D_ALL_SOURCE=1 -D_COSMO_SOURCE=1 -D_DARWIN_C_SOURCE=1 -D_GNU_SOURCE=1 -D_HPUX_ALT_XOPEN_SOCKET_API=1 -D_NETBSD_SOURCE=1 -D_OPENBSD_SOURCE=1 -D_POSIX_PTHREAD_SEMANTICS=1 -D__STDC_WANT_IEC_60559_ATTRIBS_EXT__=1 -D__STDC_WANT_IEC_60559_BFP_EXT__=1 -D__STDC_WANT_IEC_60559_DFP_EXT__=1 -D__STDC_WANT_IEC_60559_EXT__=1 -D__STDC_WANT_IEC_60559_FUNCS_EXT__=1 -D__STDC_WANT_IEC_60559_TYPES_EXT__=1 -D__STDC_WANT_LIB_EXT2__=1 -D__STDC_WANT_MATH_SPEC_FUNCS__=1 -D_TANDEM_SOURCE=1 -D__EXTENSIONS__=1 -DHAVE_BITSTRING_H=1 -DHAVE_DIRENT_H=1 -DHAVE_FCNTL_H=1 -DHAVE_INTTYPES_H=1 -DHAVE_LIBPROC_H=1 -DHAVE_PATHS_H=1 -DHAVE_STDINT_H=1 -DHAVE_SYS_DIR_H=1 -DHAVE_UTIL_H=1 -DHAVE_SYS_SIGNAME=1 -DHAVE_LIBM=1 -DHAVE_DIRFD=1 -DHAVE_FLOCK=1 -DHAVE_PROC_PIDINFO=1 -DHAVE_SYSCONF=1 -DHAVE_ASPRINTF=1 -DHAVE_CFMAKERAW=1 -DHAVE_CLOCK_GETTIME=1 -DHAVE_FGETLN=1 -DHAVE_GETDTABLESIZE=1 -DHAVE_GETPEEREID=1 -DHAVE_GETLINE=1 -DHAVE_GETPROGNAME=1 -DHAVE_MEMMEM=1 -DHAVE_SETENV=1 -DHAVE_STRCASESTR=1 -DHAVE_STRLCAT=1 -DHAVE_STRLCPY=1 -DHAVE_STRNDUP=1 -DHAVE_STRSEP=1 -DHAVE_STRTONUM=1 -DHAVE_EVENT2_EVENT_H=1 -DHAVE_NCURSES_H=1 -DHAVE_TIPARM=1 -DHAVE_TIPARM_S=1 -DHAVE_UTF8PROC=1 -DHAVE_B64_NTOP=1 -DHAVE_JEMALLOC=1 -DHAVE_DAEMON=1 -DHAVE_FORKPTY=1 -DHAVE___PROGNAME=1 -DBROKEN___DEAD=1 -DBROKEN_CMSG_FIRSTHDR=1 -I.  -I/opt/homebrew/Cellar/jemalloc/5.4.0/include -I/opt/homebrew/Cellar/utf8proc/2.12.0/include -DUTF8PROC_EXPORTS -D_DARWIN_C_SOURCE -DNCURSES_WIDECHAR -I/opt/homebrew/Cellar/ncurses/6.6/include/ncursesw -I/opt/homebrew/Cellar/ncurses/6.6/include -I/opt/homebrew/Cellar/libevent/2.1.13/include -DTMUX_VERSION='"3.7c"' -DTMUX_CONF='"/etc/tmux.conf:~/.tmux.conf:$XDG_CONFIG_HOME/tmux/tmux.conf:~/.config/tmux/tmux.conf"' -DTMUX_LOCK_CMD='"lock -np"' -DTMUX_TERM='"tmux-256color"'  -iquote.        -std=gnu99 -O2       -MT utf8-combined.o -MD -MP -MF $depbase.Tpo -c -o utf8-combined.o utf8-combined.c &&\
	mv -f $depbase.Tpo $depbase.Po
tty.c:665:17: warning: passing 'u_char *' (aka 'unsigned char *') to parameter of type 'const char *' converts between pointers to integer types where one is of the unique plain 'char' type and the other is not [-Wpointer-sign]
  665 |                         tty_add(tty, &ch, 1);
      |                                      ^~~
tty.c:622:38: note: passing argument to parameter 'buf' here
  622 | tty_add(struct tty *tty, const char *buf, size_t len)
      |                                      ^
tty.c:667:16: warning: passing 'u_char *' (aka 'unsigned char *') to parameter of type 'const char *' converts between pointers to integer types where one is of the unique plain 'char' type and the other is not [-Wpointer-sign]
  667 |                 tty_add(tty, &ch, 1);
      |                              ^~~
tty.c:622:38: note: passing argument to parameter 'buf' here
  622 | tty_add(struct tty *tty, const char *buf, size_t len)
      |                                      ^
tty.c:1474:31: warning: passing 'const u_char[32]' (aka 'const unsigned char[32]') to parameter of type 'const char *' converts between pointers to integer types where one is of the unique plain 'char' type and the other is not [-Wpointer-sign]
 1474 |         c = tty_acs_reverse_get(tty, gc->data.data, gc->data.size);
      |                                      ^~~~~~~~~~~~~
./tmux.h:2796:53: note: passing argument to parameter here
 2796 | int              tty_acs_reverse_get(struct tty *, const char *, size_t);
      |                                                                ^
tty.c:2155:11: warning: passing 'const char *' to parameter of type 'const u_char *' (aka 'const unsigned char *') converts between pointers to integer types where one is of the unique plain 'char' type and the other is not [-Wpointer-sign]
 2155 |         b64_ntop(buf, len, encoded, size);
      |                  ^~~
/Applications/Xcode.app/Contents/Developer/Platforms/MacOSX.platform/Developer/SDKs/MacOSX.sdk/usr/include/resolv.h:594:29: note: passing argument to parameter here
  594 | int             b64_ntop(u_char const *, size_t, char *, size_t);
      |                                        ^
depbase=`echo utf8.o | sed 's|[^/]*$|.deps/&|;s|\.o$||'`;\
	gcc -std=gnu23 -DPACKAGE_NAME=\"tmux\" -DPACKAGE_TARNAME=\"tmux\" -DPACKAGE_VERSION=\"3.7c\" -DPACKAGE_STRING=\"tmux\ 3.7c\" -DPACKAGE_BUGREPORT=\"\" -DPACKAGE_URL=\"\" -DPACKAGE=\"tmux\" -DVERSION=\"3.7c\" -DHAVE_STDIO_H=1 -DHAVE_STDLIB_H=1 -DHAVE_STRING_H=1 -DHAVE_INTTYPES_H=1 -DHAVE_STDINT_H=1 -DHAVE_STRINGS_H=1 -DHAVE_SYS_STAT_H=1 -DHAVE_SYS_TYPES_H=1 -DHAVE_UNISTD_H=1 -DHAVE_WCHAR_H=1 -DSTDC_HEADERS=1 -D_ALL_SOURCE=1 -D_COSMO_SOURCE=1 -D_DARWIN_C_SOURCE=1 -D_GNU_SOURCE=1 -D_HPUX_ALT_XOPEN_SOCKET_API=1 -D_NETBSD_SOURCE=1 -D_OPENBSD_SOURCE=1 -D_POSIX_PTHREAD_SEMANTICS=1 -D__STDC_WANT_IEC_60559_ATTRIBS_EXT__=1 -D__STDC_WANT_IEC_60559_BFP_EXT__=1 -D__STDC_WANT_IEC_60559_DFP_EXT__=1 -D__STDC_WANT_IEC_60559_EXT__=1 -D__STDC_WANT_IEC_60559_FUNCS_EXT__=1 -D__STDC_WANT_IEC_60559_TYPES_EXT__=1 -D__STDC_WANT_LIB_EXT2__=1 -D__STDC_WANT_MATH_SPEC_FUNCS__=1 -D_TANDEM_SOURCE=1 -D__EXTENSIONS__=1 -DHAVE_BITSTRING_H=1 -DHAVE_DIRENT_H=1 -DHAVE_FCNTL_H=1 -DHAVE_INTTYPES_H=1 -DHAVE_LIBPROC_H=1 -DHAVE_PATHS_H=1 -DHAVE_STDINT_H=1 -DHAVE_SYS_DIR_H=1 -DHAVE_UTIL_H=1 -DHAVE_SYS_SIGNAME=1 -DHAVE_LIBM=1 -DHAVE_DIRFD=1 -DHAVE_FLOCK=1 -DHAVE_PROC_PIDINFO=1 -DHAVE_SYSCONF=1 -DHAVE_ASPRINTF=1 -DHAVE_CFMAKERAW=1 -DHAVE_CLOCK_GETTIME=1 -DHAVE_FGETLN=1 -DHAVE_GETDTABLESIZE=1 -DHAVE_GETPEEREID=1 -DHAVE_GETLINE=1 -DHAVE_GETPROGNAME=1 -DHAVE_MEMMEM=1 -DHAVE_SETENV=1 -DHAVE_STRCASESTR=1 -DHAVE_STRLCAT=1 -DHAVE_STRLCPY=1 -DHAVE_STRNDUP=1 -DHAVE_STRSEP=1 -DHAVE_STRTONUM=1 -DHAVE_EVENT2_EVENT_H=1 -DHAVE_NCURSES_H=1 -DHAVE_TIPARM=1 -DHAVE_TIPARM_S=1 -DHAVE_UTF8PROC=1 -DHAVE_B64_NTOP=1 -DHAVE_JEMALLOC=1 -DHAVE_DAEMON=1 -DHAVE_FORKPTY=1 -DHAVE___PROGNAME=1 -DBROKEN___DEAD=1 -DBROKEN_CMSG_FIRSTHDR=1 -I.  -I/opt/homebrew/Cellar/jemalloc/5.4.0/include -I/opt/homebrew/Cellar/utf8proc/2.12.0/include -DUTF8PROC_EXPORTS -D_DARWIN_C_SOURCE -DNCURSES_WIDECHAR -I/opt/homebrew/Cellar/ncurses/6.6/include/ncursesw -I/opt/homebrew/Cellar/ncurses/6.6/include -I/opt/homebrew/Cellar/libevent/2.1.13/include -DTMUX_VERSION='"3.7c"' -DTMUX_CONF='"/etc/tmux.conf:~/.tmux.conf:$XDG_CONFIG_HOME/tmux/tmux.conf:~/.config/tmux/tmux.conf"' -DTMUX_LOCK_CMD='"lock -np"' -DTMUX_TERM='"tmux-256color"'  -iquote.        -std=gnu99 -O2       -MT utf8.o -MD -MP -MF $depbase.Tpo -c -o utf8.o utf8.c &&\
	mv -f $depbase.Tpo $depbase.Po
utf8.c:389:28: warning: passing 'u_char[32]' (aka 'unsigned char[32]') to parameter of type 'const char *' converts between pointers to integer types where one is of the unique plain 'char' type and the other is not [-Wpointer-sign]
  389 |                 if (utf8proc_mbtowc(&wc, ud[0].data, ud[0].size) <= 0) {
      |                                          ^~~~~~~~~~
./compat.h:459:46: note: passing argument to parameter here
  459 | int              utf8proc_mbtowc(wchar_t *, const char *, size_t);
      |                                                         ^
utf8.c:590:30: warning: passing 'const u_char[32]' (aka 'const unsigned char[32]') to parameter of type 'const char *' converts between pointers to integer types where one is of the unique plain 'char' type and the other is not [-Wpointer-sign]
  590 |         switch (utf8proc_mbtowc(wc, ud->data, ud->size)) {
      |                                     ^~~~~~~~
./compat.h:459:46: note: passing argument to parameter here
  459 | int              utf8proc_mbtowc(wchar_t *, const char *, size_t);
      |                                                         ^
utf8.c:613:25: warning: passing 'u_char[32]' (aka 'unsigned char[32]') to parameter of type 'char *' converts between pointers to integer types where one is of the unique plain 'char' type and the other is not [-Wpointer-sign]
  613 |         size = utf8proc_wctomb(ud->data, wc);
      |                                ^~~~~~~~
./compat.h:460:29: note: passing argument to parameter here
  460 | int              utf8proc_wctomb(char *, wchar_t);
      |                                        ^
4 warnings generated.
depbase=`echo window-buffer.o | sed 's|[^/]*$|.deps/&|;s|\.o$||'`;\
	gcc -std=gnu23 -DPACKAGE_NAME=\"tmux\" -DPACKAGE_TARNAME=\"tmux\" -DPACKAGE_VERSION=\"3.7c\" -DPACKAGE_STRING=\"tmux\ 3.7c\" -DPACKAGE_BUGREPORT=\"\" -DPACKAGE_URL=\"\" -DPACKAGE=\"tmux\" -DVERSION=\"3.7c\" -DHAVE_STDIO_H=1 -DHAVE_STDLIB_H=1 -DHAVE_STRING_H=1 -DHAVE_INTTYPES_H=1 -DHAVE_STDINT_H=1 -DHAVE_STRINGS_H=1 -DHAVE_SYS_STAT_H=1 -DHAVE_SYS_TYPES_H=1 -DHAVE_UNISTD_H=1 -DHAVE_WCHAR_H=1 -DSTDC_HEADERS=1 -D_ALL_SOURCE=1 -D_COSMO_SOURCE=1 -D_DARWIN_C_SOURCE=1 -D_GNU_SOURCE=1 -D_HPUX_ALT_XOPEN_SOCKET_API=1 -D_NETBSD_SOURCE=1 -D_OPENBSD_SOURCE=1 -D_POSIX_PTHREAD_SEMANTICS=1 -D__STDC_WANT_IEC_60559_ATTRIBS_EXT__=1 -D__STDC_WANT_IEC_60559_BFP_EXT__=1 -D__STDC_WANT_IEC_60559_DFP_EXT__=1 -D__STDC_WANT_IEC_60559_EXT__=1 -D__STDC_WANT_IEC_60559_FUNCS_EXT__=1 -D__STDC_WANT_IEC_60559_TYPES_EXT__=1 -D__STDC_WANT_LIB_EXT2__=1 -D__STDC_WANT_MATH_SPEC_FUNCS__=1 -D_TANDEM_SOURCE=1 -D__EXTENSIONS__=1 -DHAVE_BITSTRING_H=1 -DHAVE_DIRENT_H=1 -DHAVE_FCNTL_H=1 -DHAVE_INTTYPES_H=1 -DHAVE_LIBPROC_H=1 -DHAVE_PATHS_H=1 -DHAVE_STDINT_H=1 -DHAVE_SYS_DIR_H=1 -DHAVE_UTIL_H=1 -DHAVE_SYS_SIGNAME=1 -DHAVE_LIBM=1 -DHAVE_DIRFD=1 -DHAVE_FLOCK=1 -DHAVE_PROC_PIDINFO=1 -DHAVE_SYSCONF=1 -DHAVE_ASPRINTF=1 -DHAVE_CFMAKERAW=1 -DHAVE_CLOCK_GETTIME=1 -DHAVE_FGETLN=1 -DHAVE_GETDTABLESIZE=1 -DHAVE_GETPEEREID=1 -DHAVE_GETLINE=1 -DHAVE_GETPROGNAME=1 -DHAVE_MEMMEM=1 -DHAVE_SETENV=1 -DHAVE_STRCASESTR=1 -DHAVE_STRLCAT=1 -DHAVE_STRLCPY=1 -DHAVE_STRNDUP=1 -DHAVE_STRSEP=1 -DHAVE_STRTONUM=1 -DHAVE_EVENT2_EVENT_H=1 -DHAVE_NCURSES_H=1 -DHAVE_TIPARM=1 -DHAVE_TIPARM_S=1 -DHAVE_UTF8PROC=1 -DHAVE_B64_NTOP=1 -DHAVE_JEMALLOC=1 -DHAVE_DAEMON=1 -DHAVE_FORKPTY=1 -DHAVE___PROGNAME=1 -DBROKEN___DEAD=1 -DBROKEN_CMSG_FIRSTHDR=1 -I.  -I/opt/homebrew/Cellar/jemalloc/5.4.0/include -I/opt/homebrew/Cellar/utf8proc/2.12.0/include -DUTF8PROC_EXPORTS -D_DARWIN_C_SOURCE -DNCURSES_WIDECHAR -I/opt/homebrew/Cellar/ncurses/6.6/include/ncursesw -I/opt/homebrew/Cellar/ncurses/6.6/include -I/opt/homebrew/Cellar/libevent/2.1.13/include -DTMUX_VERSION='"3.7c"' -DTMUX_CONF='"/etc/tmux.conf:~/.tmux.conf:$XDG_CONFIG_HOME/tmux/tmux.conf:~/.config/tmux/tmux.conf"' -DTMUX_LOCK_CMD='"lock -np"' -DTMUX_TERM='"tmux-256color"'  -iquote.        -std=gnu99 -O2       -MT window-buffer.o -MD -MP -MF $depbase.Tpo -c -o window-buffer.o window-buffer.c &&\
	mv -f $depbase.Tpo $depbase.Po
3 warnings generated.
depbase=`echo window-client.o | sed 's|[^/]*$|.deps/&|;s|\.o$||'`;\
	gcc -std=gnu23 -DPACKAGE_NAME=\"tmux\" -DPACKAGE_TARNAME=\"tmux\" -DPACKAGE_VERSION=\"3.7c\" -DPACKAGE_STRING=\"tmux\ 3.7c\" -DPACKAGE_BUGREPORT=\"\" -DPACKAGE_URL=\"\" -DPACKAGE=\"tmux\" -DVERSION=\"3.7c\" -DHAVE_STDIO_H=1 -DHAVE_STDLIB_H=1 -DHAVE_STRING_H=1 -DHAVE_INTTYPES_H=1 -DHAVE_STDINT_H=1 -DHAVE_STRINGS_H=1 -DHAVE_SYS_STAT_H=1 -DHAVE_SYS_TYPES_H=1 -DHAVE_UNISTD_H=1 -DHAVE_WCHAR_H=1 -DSTDC_HEADERS=1 -D_ALL_SOURCE=1 -D_COSMO_SOURCE=1 -D_DARWIN_C_SOURCE=1 -D_GNU_SOURCE=1 -D_HPUX_ALT_XOPEN_SOCKET_API=1 -D_NETBSD_SOURCE=1 -D_OPENBSD_SOURCE=1 -D_POSIX_PTHREAD_SEMANTICS=1 -D__STDC_WANT_IEC_60559_ATTRIBS_EXT__=1 -D__STDC_WANT_IEC_60559_BFP_EXT__=1 -D__STDC_WANT_IEC_60559_DFP_EXT__=1 -D__STDC_WANT_IEC_60559_EXT__=1 -D__STDC_WANT_IEC_60559_FUNCS_EXT__=1 -D__STDC_WANT_IEC_60559_TYPES_EXT__=1 -D__STDC_WANT_LIB_EXT2__=1 -D__STDC_WANT_MATH_SPEC_FUNCS__=1 -D_TANDEM_SOURCE=1 -D__EXTENSIONS__=1 -DHAVE_BITSTRING_H=1 -DHAVE_DIRENT_H=1 -DHAVE_FCNTL_H=1 -DHAVE_INTTYPES_H=1 -DHAVE_LIBPROC_H=1 -DHAVE_PATHS_H=1 -DHAVE_STDINT_H=1 -DHAVE_SYS_DIR_H=1 -DHAVE_UTIL_H=1 -DHAVE_SYS_SIGNAME=1 -DHAVE_LIBM=1 -DHAVE_DIRFD=1 -DHAVE_FLOCK=1 -DHAVE_PROC_PIDINFO=1 -DHAVE_SYSCONF=1 -DHAVE_ASPRINTF=1 -DHAVE_CFMAKERAW=1 -DHAVE_CLOCK_GETTIME=1 -DHAVE_FGETLN=1 -DHAVE_GETDTABLESIZE=1 -DHAVE_GETPEEREID=1 -DHAVE_GETLINE=1 -DHAVE_GETPROGNAME=1 -DHAVE_MEMMEM=1 -DHAVE_SETENV=1 -DHAVE_STRCASESTR=1 -DHAVE_STRLCAT=1 -DHAVE_STRLCPY=1 -DHAVE_STRNDUP=1 -DHAVE_STRSEP=1 -DHAVE_STRTONUM=1 -DHAVE_EVENT2_EVENT_H=1 -DHAVE_NCURSES_H=1 -DHAVE_TIPARM=1 -DHAVE_TIPARM_S=1 -DHAVE_UTF8PROC=1 -DHAVE_B64_NTOP=1 -DHAVE_JEMALLOC=1 -DHAVE_DAEMON=1 -DHAVE_FORKPTY=1 -DHAVE___PROGNAME=1 -DBROKEN___DEAD=1 -DBROKEN_CMSG_FIRSTHDR=1 -I.  -I/opt/homebrew/Cellar/jemalloc/5.4.0/include -I/opt/homebrew/Cellar/utf8proc/2.12.0/include -DUTF8PROC_EXPORTS -D_DARWIN_C_SOURCE -DNCURSES_WIDECHAR -I/opt/homebrew/Cellar/ncurses/6.6/include/ncursesw -I/opt/homebrew/Cellar/ncurses/6.6/include -I/opt/homebrew/Cellar/libevent/2.1.13/include -DTMUX_VERSION='"3.7c"' -DTMUX_CONF='"/etc/tmux.conf:~/.tmux.conf:$XDG_CONFIG_HOME/tmux/tmux.conf:~/.config/tmux/tmux.conf"' -DTMUX_LOCK_CMD='"lock -np"' -DTMUX_TERM='"tmux-256color"'  -iquote.        -std=gnu99 -O2       -MT window-client.o -MD -MP -MF $depbase.Tpo -c -o window-client.o window-client.c &&\
	mv -f $depbase.Tpo $depbase.Po
depbase=`echo window-clock.o | sed 's|[^/]*$|.deps/&|;s|\.o$||'`;\
	gcc -std=gnu23 -DPACKAGE_NAME=\"tmux\" -DPACKAGE_TARNAME=\"tmux\" -DPACKAGE_VERSION=\"3.7c\" -DPACKAGE_STRING=\"tmux\ 3.7c\" -DPACKAGE_BUGREPORT=\"\" -DPACKAGE_URL=\"\" -DPACKAGE=\"tmux\" -DVERSION=\"3.7c\" -DHAVE_STDIO_H=1 -DHAVE_STDLIB_H=1 -DHAVE_STRING_H=1 -DHAVE_INTTYPES_H=1 -DHAVE_STDINT_H=1 -DHAVE_STRINGS_H=1 -DHAVE_SYS_STAT_H=1 -DHAVE_SYS_TYPES_H=1 -DHAVE_UNISTD_H=1 -DHAVE_WCHAR_H=1 -DSTDC_HEADERS=1 -D_ALL_SOURCE=1 -D_COSMO_SOURCE=1 -D_DARWIN_C_SOURCE=1 -D_GNU_SOURCE=1 -D_HPUX_ALT_XOPEN_SOCKET_API=1 -D_NETBSD_SOURCE=1 -D_OPENBSD_SOURCE=1 -D_POSIX_PTHREAD_SEMANTICS=1 -D__STDC_WANT_IEC_60559_ATTRIBS_EXT__=1 -D__STDC_WANT_IEC_60559_BFP_EXT__=1 -D__STDC_WANT_IEC_60559_DFP_EXT__=1 -D__STDC_WANT_IEC_60559_EXT__=1 -D__STDC_WANT_IEC_60559_FUNCS_EXT__=1 -D__STDC_WANT_IEC_60559_TYPES_EXT__=1 -D__STDC_WANT_LIB_EXT2__=1 -D__STDC_WANT_MATH_SPEC_FUNCS__=1 -D_TANDEM_SOURCE=1 -D__EXTENSIONS__=1 -DHAVE_BITSTRING_H=1 -DHAVE_DIRENT_H=1 -DHAVE_FCNTL_H=1 -DHAVE_INTTYPES_H=1 -DHAVE_LIBPROC_H=1 -DHAVE_PATHS_H=1 -DHAVE_STDINT_H=1 -DHAVE_SYS_DIR_H=1 -DHAVE_UTIL_H=1 -DHAVE_SYS_SIGNAME=1 -DHAVE_LIBM=1 -DHAVE_DIRFD=1 -DHAVE_FLOCK=1 -DHAVE_PROC_PIDINFO=1 -DHAVE_SYSCONF=1 -DHAVE_ASPRINTF=1 -DHAVE_CFMAKERAW=1 -DHAVE_CLOCK_GETTIME=1 -DHAVE_FGETLN=1 -DHAVE_GETDTABLESIZE=1 -DHAVE_GETPEEREID=1 -DHAVE_GETLINE=1 -DHAVE_GETPROGNAME=1 -DHAVE_MEMMEM=1 -DHAVE_SETENV=1 -DHAVE_STRCASESTR=1 -DHAVE_STRLCAT=1 -DHAVE_STRLCPY=1 -DHAVE_STRNDUP=1 -DHAVE_STRSEP=1 -DHAVE_STRTONUM=1 -DHAVE_EVENT2_EVENT_H=1 -DHAVE_NCURSES_H=1 -DHAVE_TIPARM=1 -DHAVE_TIPARM_S=1 -DHAVE_UTF8PROC=1 -DHAVE_B64_NTOP=1 -DHAVE_JEMALLOC=1 -DHAVE_DAEMON=1 -DHAVE_FORKPTY=1 -DHAVE___PROGNAME=1 -DBROKEN___DEAD=1 -DBROKEN_CMSG_FIRSTHDR=1 -I.  -I/opt/homebrew/Cellar/jemalloc/5.4.0/include -I/opt/homebrew/Cellar/utf8proc/2.12.0/include -DUTF8PROC_EXPORTS -D_DARWIN_C_SOURCE -DNCURSES_WIDECHAR -I/opt/homebrew/Cellar/ncurses/6.6/include/ncursesw -I/opt/homebrew/Cellar/ncurses/6.6/include -I/opt/homebrew/Cellar/libevent/2.1.13/include -DTMUX_VERSION='"3.7c"' -DTMUX_CONF='"/etc/tmux.conf:~/.tmux.conf:$XDG_CONFIG_HOME/tmux/tmux.conf:~/.config/tmux/tmux.conf"' -DTMUX_LOCK_CMD='"lock -np"' -DTMUX_TERM='"tmux-256color"'  -iquote.        -std=gnu99 -O2       -MT window-clock.o -MD -MP -MF $depbase.Tpo -c -o window-clock.o window-clock.c &&\
	mv -f $depbase.Tpo $depbase.Po
depbase=`echo window-copy.o | sed 's|[^/]*$|.deps/&|;s|\.o$||'`;\
	gcc -std=gnu23 -DPACKAGE_NAME=\"tmux\" -DPACKAGE_TARNAME=\"tmux\" -DPACKAGE_VERSION=\"3.7c\" -DPACKAGE_STRING=\"tmux\ 3.7c\" -DPACKAGE_BUGREPORT=\"\" -DPACKAGE_URL=\"\" -DPACKAGE=\"tmux\" -DVERSION=\"3.7c\" -DHAVE_STDIO_H=1 -DHAVE_STDLIB_H=1 -DHAVE_STRING_H=1 -DHAVE_INTTYPES_H=1 -DHAVE_STDINT_H=1 -DHAVE_STRINGS_H=1 -DHAVE_SYS_STAT_H=1 -DHAVE_SYS_TYPES_H=1 -DHAVE_UNISTD_H=1 -DHAVE_WCHAR_H=1 -DSTDC_HEADERS=1 -D_ALL_SOURCE=1 -D_COSMO_SOURCE=1 -D_DARWIN_C_SOURCE=1 -D_GNU_SOURCE=1 -D_HPUX_ALT_XOPEN_SOCKET_API=1 -D_NETBSD_SOURCE=1 -D_OPENBSD_SOURCE=1 -D_POSIX_PTHREAD_SEMANTICS=1 -D__STDC_WANT_IEC_60559_ATTRIBS_EXT__=1 -D__STDC_WANT_IEC_60559_BFP_EXT__=1 -D__STDC_WANT_IEC_60559_DFP_EXT__=1 -D__STDC_WANT_IEC_60559_EXT__=1 -D__STDC_WANT_IEC_60559_FUNCS_EXT__=1 -D__STDC_WANT_IEC_60559_TYPES_EXT__=1 -D__STDC_WANT_LIB_EXT2__=1 -D__STDC_WANT_MATH_SPEC_FUNCS__=1 -D_TANDEM_SOURCE=1 -D__EXTENSIONS__=1 -DHAVE_BITSTRING_H=1 -DHAVE_DIRENT_H=1 -DHAVE_FCNTL_H=1 -DHAVE_INTTYPES_H=1 -DHAVE_LIBPROC_H=1 -DHAVE_PATHS_H=1 -DHAVE_STDINT_H=1 -DHAVE_SYS_DIR_H=1 -DHAVE_UTIL_H=1 -DHAVE_SYS_SIGNAME=1 -DHAVE_LIBM=1 -DHAVE_DIRFD=1 -DHAVE_FLOCK=1 -DHAVE_PROC_PIDINFO=1 -DHAVE_SYSCONF=1 -DHAVE_ASPRINTF=1 -DHAVE_CFMAKERAW=1 -DHAVE_CLOCK_GETTIME=1 -DHAVE_FGETLN=1 -DHAVE_GETDTABLESIZE=1 -DHAVE_GETPEEREID=1 -DHAVE_GETLINE=1 -DHAVE_GETPROGNAME=1 -DHAVE_MEMMEM=1 -DHAVE_SETENV=1 -DHAVE_STRCASESTR=1 -DHAVE_STRLCAT=1 -DHAVE_STRLCPY=1 -DHAVE_STRNDUP=1 -DHAVE_STRSEP=1 -DHAVE_STRTONUM=1 -DHAVE_EVENT2_EVENT_H=1 -DHAVE_NCURSES_H=1 -DHAVE_TIPARM=1 -DHAVE_TIPARM_S=1 -DHAVE_UTF8PROC=1 -DHAVE_B64_NTOP=1 -DHAVE_JEMALLOC=1 -DHAVE_DAEMON=1 -DHAVE_FORKPTY=1 -DHAVE___PROGNAME=1 -DBROKEN___DEAD=1 -DBROKEN_CMSG_FIRSTHDR=1 -I.  -I/opt/homebrew/Cellar/jemalloc/5.4.0/include -I/opt/homebrew/Cellar/utf8proc/2.12.0/include -DUTF8PROC_EXPORTS -D_DARWIN_C_SOURCE -DNCURSES_WIDECHAR -I/opt/homebrew/Cellar/ncurses/6.6/include/ncursesw -I/opt/homebrew/Cellar/ncurses/6.6/include -I/opt/homebrew/Cellar/libevent/2.1.13/include -DTMUX_VERSION='"3.7c"' -DTMUX_CONF='"/etc/tmux.conf:~/.tmux.conf:$XDG_CONFIG_HOME/tmux/tmux.conf:~/.config/tmux/tmux.conf"' -DTMUX_LOCK_CMD='"lock -np"' -DTMUX_TERM='"tmux-256color"'  -iquote.        -std=gnu99 -O2       -MT window-copy.o -MD -MP -MF $depbase.Tpo -c -o window-copy.o window-copy.c &&\
	mv -f $depbase.Tpo $depbase.Po
depbase=`echo window-customize.o | sed 's|[^/]*$|.deps/&|;s|\.o$||'`;\
	gcc -std=gnu23 -DPACKAGE_NAME=\"tmux\" -DPACKAGE_TARNAME=\"tmux\" -DPACKAGE_VERSION=\"3.7c\" -DPACKAGE_STRING=\"tmux\ 3.7c\" -DPACKAGE_BUGREPORT=\"\" -DPACKAGE_URL=\"\" -DPACKAGE=\"tmux\" -DVERSION=\"3.7c\" -DHAVE_STDIO_H=1 -DHAVE_STDLIB_H=1 -DHAVE_STRING_H=1 -DHAVE_INTTYPES_H=1 -DHAVE_STDINT_H=1 -DHAVE_STRINGS_H=1 -DHAVE_SYS_STAT_H=1 -DHAVE_SYS_TYPES_H=1 -DHAVE_UNISTD_H=1 -DHAVE_WCHAR_H=1 -DSTDC_HEADERS=1 -D_ALL_SOURCE=1 -D_COSMO_SOURCE=1 -D_DARWIN_C_SOURCE=1 -D_GNU_SOURCE=1 -D_HPUX_ALT_XOPEN_SOCKET_API=1 -D_NETBSD_SOURCE=1 -D_OPENBSD_SOURCE=1 -D_POSIX_PTHREAD_SEMANTICS=1 -D__STDC_WANT_IEC_60559_ATTRIBS_EXT__=1 -D__STDC_WANT_IEC_60559_BFP_EXT__=1 -D__STDC_WANT_IEC_60559_DFP_EXT__=1 -D__STDC_WANT_IEC_60559_EXT__=1 -D__STDC_WANT_IEC_60559_FUNCS_EXT__=1 -D__STDC_WANT_IEC_60559_TYPES_EXT__=1 -D__STDC_WANT_LIB_EXT2__=1 -D__STDC_WANT_MATH_SPEC_FUNCS__=1 -D_TANDEM_SOURCE=1 -D__EXTENSIONS__=1 -DHAVE_BITSTRING_H=1 -DHAVE_DIRENT_H=1 -DHAVE_FCNTL_H=1 -DHAVE_INTTYPES_H=1 -DHAVE_LIBPROC_H=1 -DHAVE_PATHS_H=1 -DHAVE_STDINT_H=1 -DHAVE_SYS_DIR_H=1 -DHAVE_UTIL_H=1 -DHAVE_SYS_SIGNAME=1 -DHAVE_LIBM=1 -DHAVE_DIRFD=1 -DHAVE_FLOCK=1 -DHAVE_PROC_PIDINFO=1 -DHAVE_SYSCONF=1 -DHAVE_ASPRINTF=1 -DHAVE_CFMAKERAW=1 -DHAVE_CLOCK_GETTIME=1 -DHAVE_FGETLN=1 -DHAVE_GETDTABLESIZE=1 -DHAVE_GETPEEREID=1 -DHAVE_GETLINE=1 -DHAVE_GETPROGNAME=1 -DHAVE_MEMMEM=1 -DHAVE_SETENV=1 -DHAVE_STRCASESTR=1 -DHAVE_STRLCAT=1 -DHAVE_STRLCPY=1 -DHAVE_STRNDUP=1 -DHAVE_STRSEP=1 -DHAVE_STRTONUM=1 -DHAVE_EVENT2_EVENT_H=1 -DHAVE_NCURSES_H=1 -DHAVE_TIPARM=1 -DHAVE_TIPARM_S=1 -DHAVE_UTF8PROC=1 -DHAVE_B64_NTOP=1 -DHAVE_JEMALLOC=1 -DHAVE_DAEMON=1 -DHAVE_FORKPTY=1 -DHAVE___PROGNAME=1 -DBROKEN___DEAD=1 -DBROKEN_CMSG_FIRSTHDR=1 -I.  -I/opt/homebrew/Cellar/jemalloc/5.4.0/include -I/opt/homebrew/Cellar/utf8proc/2.12.0/include -DUTF8PROC_EXPORTS -D_DARWIN_C_SOURCE -DNCURSES_WIDECHAR -I/opt/homebrew/Cellar/ncurses/6.6/include/ncursesw -I/opt/homebrew/Cellar/ncurses/6.6/include -I/opt/homebrew/Cellar/libevent/2.1.13/include -DTMUX_VERSION='"3.7c"' -DTMUX_CONF='"/etc/tmux.conf:~/.tmux.conf:$XDG_CONFIG_HOME/tmux/tmux.conf:~/.config/tmux/tmux.conf"' -DTMUX_LOCK_CMD='"lock -np"' -DTMUX_TERM='"tmux-256color"'  -iquote.        -std=gnu99 -O2       -MT window-customize.o -MD -MP -MF $depbase.Tpo -c -o window-customize.o window-customize.c &&\
	mv -f $depbase.Tpo $depbase.Po
window-copy.c:605:13: warning: passing 'char *' to parameter of type 'const u_char *' (aka 'const unsigned char *') converts between pointers to integer types where one is of the unique plain 'char' type and the other is not [-Wpointer-sign]
  605 |                     data, text, strlen(text));
      |                           ^~~~
./tmux.h:3202:55: note: passing argument to parameter here
 3202 |              screen_write_init_ctx_cb, void *, const u_char *, size_t);
      |                                                              ^
window-copy.c:3814:10: warning: returning 'u_char *' (aka 'unsigned char *') from a function with result type 'const char *' converts between pointers to integer types where one is of the unique plain 'char' type and the other is not [-Wpointer-sign]
 3814 |                 return (&gce->data.data);
      |                        ^~~~~~~~~~~~~~~~~
window-copy.c:5584:39: warning: passing 'char *' to parameter of type 'u_char *' (aka 'unsigned char *') converts between pointers to integer types where one is of the unique plain 'char' type and the other is not [-Wpointer-sign]
 5584 |                 screen_write_setselection(&ctx, "", buf, len);
      |                                                     ^~~
./tmux.h:3388:15: note: passing argument to parameter here
 3388 |              u_char *, u_int);
      |                      ^
depbase=`echo window-tree.o | sed 's|[^/]*$|.deps/&|;s|\.o$||'`;\
	gcc -std=gnu23 -DPACKAGE_NAME=\"tmux\" -DPACKAGE_TARNAME=\"tmux\" -DPACKAGE_VERSION=\"3.7c\" -DPACKAGE_STRING=\"tmux\ 3.7c\" -DPACKAGE_BUGREPORT=\"\" -DPACKAGE_URL=\"\" -DPACKAGE=\"tmux\" -DVERSION=\"3.7c\" -DHAVE_STDIO_H=1 -DHAVE_STDLIB_H=1 -DHAVE_STRING_H=1 -DHAVE_INTTYPES_H=1 -DHAVE_STDINT_H=1 -DHAVE_STRINGS_H=1 -DHAVE_SYS_STAT_H=1 -DHAVE_SYS_TYPES_H=1 -DHAVE_UNISTD_H=1 -DHAVE_WCHAR_H=1 -DSTDC_HEADERS=1 -D_ALL_SOURCE=1 -D_COSMO_SOURCE=1 -D_DARWIN_C_SOURCE=1 -D_GNU_SOURCE=1 -D_HPUX_ALT_XOPEN_SOCKET_API=1 -D_NETBSD_SOURCE=1 -D_OPENBSD_SOURCE=1 -D_POSIX_PTHREAD_SEMANTICS=1 -D__STDC_WANT_IEC_60559_ATTRIBS_EXT__=1 -D__STDC_WANT_IEC_60559_BFP_EXT__=1 -D__STDC_WANT_IEC_60559_DFP_EXT__=1 -D__STDC_WANT_IEC_60559_EXT__=1 -D__STDC_WANT_IEC_60559_FUNCS_EXT__=1 -D__STDC_WANT_IEC_60559_TYPES_EXT__=1 -D__STDC_WANT_LIB_EXT2__=1 -D__STDC_WANT_MATH_SPEC_FUNCS__=1 -D_TANDEM_SOURCE=1 -D__EXTENSIONS__=1 -DHAVE_BITSTRING_H=1 -DHAVE_DIRENT_H=1 -DHAVE_FCNTL_H=1 -DHAVE_INTTYPES_H=1 -DHAVE_LIBPROC_H=1 -DHAVE_PATHS_H=1 -DHAVE_STDINT_H=1 -DHAVE_SYS_DIR_H=1 -DHAVE_UTIL_H=1 -DHAVE_SYS_SIGNAME=1 -DHAVE_LIBM=1 -DHAVE_DIRFD=1 -DHAVE_FLOCK=1 -DHAVE_PROC_PIDINFO=1 -DHAVE_SYSCONF=1 -DHAVE_ASPRINTF=1 -DHAVE_CFMAKERAW=1 -DHAVE_CLOCK_GETTIME=1 -DHAVE_FGETLN=1 -DHAVE_GETDTABLESIZE=1 -DHAVE_GETPEEREID=1 -DHAVE_GETLINE=1 -DHAVE_GETPROGNAME=1 -DHAVE_MEMMEM=1 -DHAVE_SETENV=1 -DHAVE_STRCASESTR=1 -DHAVE_STRLCAT=1 -DHAVE_STRLCPY=1 -DHAVE_STRNDUP=1 -DHAVE_STRSEP=1 -DHAVE_STRTONUM=1 -DHAVE_EVENT2_EVENT_H=1 -DHAVE_NCURSES_H=1 -DHAVE_TIPARM=1 -DHAVE_TIPARM_S=1 -DHAVE_UTF8PROC=1 -DHAVE_B64_NTOP=1 -DHAVE_JEMALLOC=1 -DHAVE_DAEMON=1 -DHAVE_FORKPTY=1 -DHAVE___PROGNAME=1 -DBROKEN___DEAD=1 -DBROKEN_CMSG_FIRSTHDR=1 -I.  -I/opt/homebrew/Cellar/jemalloc/5.4.0/include -I/opt/homebrew/Cellar/utf8proc/2.12.0/include -DUTF8PROC_EXPORTS -D_DARWIN_C_SOURCE -DNCURSES_WIDECHAR -I/opt/homebrew/Cellar/ncurses/6.6/include/ncursesw -I/opt/homebrew/Cellar/ncurses/6.6/include -I/opt/homebrew/Cellar/libevent/2.1.13/include -DTMUX_VERSION='"3.7c"' -DTMUX_CONF='"/etc/tmux.conf:~/.tmux.conf:$XDG_CONFIG_HOME/tmux/tmux.conf:~/.config/tmux/tmux.conf"' -DTMUX_LOCK_CMD='"lock -np"' -DTMUX_TERM='"tmux-256color"'  -iquote.        -std=gnu99 -O2       -MT window-tree.o -MD -MP -MF $depbase.Tpo -c -o window-tree.o window-tree.c &&\
	mv -f $depbase.Tpo $depbase.Po
depbase=`echo window.o | sed 's|[^/]*$|.deps/&|;s|\.o$||'`;\
	gcc -std=gnu23 -DPACKAGE_NAME=\"tmux\" -DPACKAGE_TARNAME=\"tmux\" -DPACKAGE_VERSION=\"3.7c\" -DPACKAGE_STRING=\"tmux\ 3.7c\" -DPACKAGE_BUGREPORT=\"\" -DPACKAGE_URL=\"\" -DPACKAGE=\"tmux\" -DVERSION=\"3.7c\" -DHAVE_STDIO_H=1 -DHAVE_STDLIB_H=1 -DHAVE_STRING_H=1 -DHAVE_INTTYPES_H=1 -DHAVE_STDINT_H=1 -DHAVE_STRINGS_H=1 -DHAVE_SYS_STAT_H=1 -DHAVE_SYS_TYPES_H=1 -DHAVE_UNISTD_H=1 -DHAVE_WCHAR_H=1 -DSTDC_HEADERS=1 -D_ALL_SOURCE=1 -D_COSMO_SOURCE=1 -D_DARWIN_C_SOURCE=1 -D_GNU_SOURCE=1 -D_HPUX_ALT_XOPEN_SOCKET_API=1 -D_NETBSD_SOURCE=1 -D_OPENBSD_SOURCE=1 -D_POSIX_PTHREAD_SEMANTICS=1 -D__STDC_WANT_IEC_60559_ATTRIBS_EXT__=1 -D__STDC_WANT_IEC_60559_BFP_EXT__=1 -D__STDC_WANT_IEC_60559_DFP_EXT__=1 -D__STDC_WANT_IEC_60559_EXT__=1 -D__STDC_WANT_IEC_60559_FUNCS_EXT__=1 -D__STDC_WANT_IEC_60559_TYPES_EXT__=1 -D__STDC_WANT_LIB_EXT2__=1 -D__STDC_WANT_MATH_SPEC_FUNCS__=1 -D_TANDEM_SOURCE=1 -D__EXTENSIONS__=1 -DHAVE_BITSTRING_H=1 -DHAVE_DIRENT_H=1 -DHAVE_FCNTL_H=1 -DHAVE_INTTYPES_H=1 -DHAVE_LIBPROC_H=1 -DHAVE_PATHS_H=1 -DHAVE_STDINT_H=1 -DHAVE_SYS_DIR_H=1 -DHAVE_UTIL_H=1 -DHAVE_SYS_SIGNAME=1 -DHAVE_LIBM=1 -DHAVE_DIRFD=1 -DHAVE_FLOCK=1 -DHAVE_PROC_PIDINFO=1 -DHAVE_SYSCONF=1 -DHAVE_ASPRINTF=1 -DHAVE_CFMAKERAW=1 -DHAVE_CLOCK_GETTIME=1 -DHAVE_FGETLN=1 -DHAVE_GETDTABLESIZE=1 -DHAVE_GETPEEREID=1 -DHAVE_GETLINE=1 -DHAVE_GETPROGNAME=1 -DHAVE_MEMMEM=1 -DHAVE_SETENV=1 -DHAVE_STRCASESTR=1 -DHAVE_STRLCAT=1 -DHAVE_STRLCPY=1 -DHAVE_STRNDUP=1 -DHAVE_STRSEP=1 -DHAVE_STRTONUM=1 -DHAVE_EVENT2_EVENT_H=1 -DHAVE_NCURSES_H=1 -DHAVE_TIPARM=1 -DHAVE_TIPARM_S=1 -DHAVE_UTF8PROC=1 -DHAVE_B64_NTOP=1 -DHAVE_JEMALLOC=1 -DHAVE_DAEMON=1 -DHAVE_FORKPTY=1 -DHAVE___PROGNAME=1 -DBROKEN___DEAD=1 -DBROKEN_CMSG_FIRSTHDR=1 -I.  -I/opt/homebrew/Cellar/jemalloc/5.4.0/include -I/opt/homebrew/Cellar/utf8proc/2.12.0/include -DUTF8PROC_EXPORTS -D_DARWIN_C_SOURCE -DNCURSES_WIDECHAR -I/opt/homebrew/Cellar/ncurses/6.6/include/ncursesw -I/opt/homebrew/Cellar/ncurses/6.6/include -I/opt/homebrew/Cellar/libevent/2.1.13/include -DTMUX_VERSION='"3.7c"' -DTMUX_CONF='"/etc/tmux.conf:~/.tmux.conf:$XDG_CONFIG_HOME/tmux/tmux.conf:~/.config/tmux/tmux.conf"' -DTMUX_LOCK_CMD='"lock -np"' -DTMUX_TERM='"tmux-256color"'  -iquote.        -std=gnu99 -O2       -MT window.o -MD -MP -MF $depbase.Tpo -c -o window.o window.c &&\
	mv -f $depbase.Tpo $depbase.Po
3 warnings generated.
depbase=`echo xmalloc.o | sed 's|[^/]*$|.deps/&|;s|\.o$||'`;\
	gcc -std=gnu23 -DPACKAGE_NAME=\"tmux\" -DPACKAGE_TARNAME=\"tmux\" -DPACKAGE_VERSION=\"3.7c\" -DPACKAGE_STRING=\"tmux\ 3.7c\" -DPACKAGE_BUGREPORT=\"\" -DPACKAGE_URL=\"\" -DPACKAGE=\"tmux\" -DVERSION=\"3.7c\" -DHAVE_STDIO_H=1 -DHAVE_STDLIB_H=1 -DHAVE_STRING_H=1 -DHAVE_INTTYPES_H=1 -DHAVE_STDINT_H=1 -DHAVE_STRINGS_H=1 -DHAVE_SYS_STAT_H=1 -DHAVE_SYS_TYPES_H=1 -DHAVE_UNISTD_H=1 -DHAVE_WCHAR_H=1 -DSTDC_HEADERS=1 -D_ALL_SOURCE=1 -D_COSMO_SOURCE=1 -D_DARWIN_C_SOURCE=1 -D_GNU_SOURCE=1 -D_HPUX_ALT_XOPEN_SOCKET_API=1 -D_NETBSD_SOURCE=1 -D_OPENBSD_SOURCE=1 -D_POSIX_PTHREAD_SEMANTICS=1 -D__STDC_WANT_IEC_60559_ATTRIBS_EXT__=1 -D__STDC_WANT_IEC_60559_BFP_EXT__=1 -D__STDC_WANT_IEC_60559_DFP_EXT__=1 -D__STDC_WANT_IEC_60559_EXT__=1 -D__STDC_WANT_IEC_60559_FUNCS_EXT__=1 -D__STDC_WANT_IEC_60559_TYPES_EXT__=1 -D__STDC_WANT_LIB_EXT2__=1 -D__STDC_WANT_MATH_SPEC_FUNCS__=1 -D_TANDEM_SOURCE=1 -D__EXTENSIONS__=1 -DHAVE_BITSTRING_H=1 -DHAVE_DIRENT_H=1 -DHAVE_FCNTL_H=1 -DHAVE_INTTYPES_H=1 -DHAVE_LIBPROC_H=1 -DHAVE_PATHS_H=1 -DHAVE_STDINT_H=1 -DHAVE_SYS_DIR_H=1 -DHAVE_UTIL_H=1 -DHAVE_SYS_SIGNAME=1 -DHAVE_LIBM=1 -DHAVE_DIRFD=1 -DHAVE_FLOCK=1 -DHAVE_PROC_PIDINFO=1 -DHAVE_SYSCONF=1 -DHAVE_ASPRINTF=1 -DHAVE_CFMAKERAW=1 -DHAVE_CLOCK_GETTIME=1 -DHAVE_FGETLN=1 -DHAVE_GETDTABLESIZE=1 -DHAVE_GETPEEREID=1 -DHAVE_GETLINE=1 -DHAVE_GETPROGNAME=1 -DHAVE_MEMMEM=1 -DHAVE_SETENV=1 -DHAVE_STRCASESTR=1 -DHAVE_STRLCAT=1 -DHAVE_STRLCPY=1 -DHAVE_STRNDUP=1 -DHAVE_STRSEP=1 -DHAVE_STRTONUM=1 -DHAVE_EVENT2_EVENT_H=1 -DHAVE_NCURSES_H=1 -DHAVE_TIPARM=1 -DHAVE_TIPARM_S=1 -DHAVE_UTF8PROC=1 -DHAVE_B64_NTOP=1 -DHAVE_JEMALLOC=1 -DHAVE_DAEMON=1 -DHAVE_FORKPTY=1 -DHAVE___PROGNAME=1 -DBROKEN___DEAD=1 -DBROKEN_CMSG_FIRSTHDR=1 -I.  -I/opt/homebrew/Cellar/jemalloc/5.4.0/include -I/opt/homebrew/Cellar/utf8proc/2.12.0/include -DUTF8PROC_EXPORTS -D_DARWIN_C_SOURCE -DNCURSES_WIDECHAR -I/opt/homebrew/Cellar/ncurses/6.6/include/ncursesw -I/opt/homebrew/Cellar/ncurses/6.6/include -I/opt/homebrew/Cellar/libevent/2.1.13/include -DTMUX_VERSION='"3.7c"' -DTMUX_CONF='"/etc/tmux.conf:~/.tmux.conf:$XDG_CONFIG_HOME/tmux/tmux.conf:~/.config/tmux/tmux.conf"' -DTMUX_LOCK_CMD='"lock -np"' -DTMUX_TERM='"tmux-256color"'  -iquote.        -std=gnu99 -O2       -MT xmalloc.o -MD -MP -MF $depbase.Tpo -c -o xmalloc.o xmalloc.c &&\
	mv -f $depbase.Tpo $depbase.Po
depbase=`echo osdep-darwin.o | sed 's|[^/]*$|.deps/&|;s|\.o$||'`;\
	gcc -std=gnu23 -DPACKAGE_NAME=\"tmux\" -DPACKAGE_TARNAME=\"tmux\" -DPACKAGE_VERSION=\"3.7c\" -DPACKAGE_STRING=\"tmux\ 3.7c\" -DPACKAGE_BUGREPORT=\"\" -DPACKAGE_URL=\"\" -DPACKAGE=\"tmux\" -DVERSION=\"3.7c\" -DHAVE_STDIO_H=1 -DHAVE_STDLIB_H=1 -DHAVE_STRING_H=1 -DHAVE_INTTYPES_H=1 -DHAVE_STDINT_H=1 -DHAVE_STRINGS_H=1 -DHAVE_SYS_STAT_H=1 -DHAVE_SYS_TYPES_H=1 -DHAVE_UNISTD_H=1 -DHAVE_WCHAR_H=1 -DSTDC_HEADERS=1 -D_ALL_SOURCE=1 -D_COSMO_SOURCE=1 -D_DARWIN_C_SOURCE=1 -D_GNU_SOURCE=1 -D_HPUX_ALT_XOPEN_SOCKET_API=1 -D_NETBSD_SOURCE=1 -D_OPENBSD_SOURCE=1 -D_POSIX_PTHREAD_SEMANTICS=1 -D__STDC_WANT_IEC_60559_ATTRIBS_EXT__=1 -D__STDC_WANT_IEC_60559_BFP_EXT__=1 -D__STDC_WANT_IEC_60559_DFP_EXT__=1 -D__STDC_WANT_IEC_60559_EXT__=1 -D__STDC_WANT_IEC_60559_FUNCS_EXT__=1 -D__STDC_WANT_IEC_60559_TYPES_EXT__=1 -D__STDC_WANT_LIB_EXT2__=1 -D__STDC_WANT_MATH_SPEC_FUNCS__=1 -D_TANDEM_SOURCE=1 -D__EXTENSIONS__=1 -DHAVE_BITSTRING_H=1 -DHAVE_DIRENT_H=1 -DHAVE_FCNTL_H=1 -DHAVE_INTTYPES_H=1 -DHAVE_LIBPROC_H=1 -DHAVE_PATHS_H=1 -DHAVE_STDINT_H=1 -DHAVE_SYS_DIR_H=1 -DHAVE_UTIL_H=1 -DHAVE_SYS_SIGNAME=1 -DHAVE_LIBM=1 -DHAVE_DIRFD=1 -DHAVE_FLOCK=1 -DHAVE_PROC_PIDINFO=1 -DHAVE_SYSCONF=1 -DHAVE_ASPRINTF=1 -DHAVE_CFMAKERAW=1 -DHAVE_CLOCK_GETTIME=1 -DHAVE_FGETLN=1 -DHAVE_GETDTABLESIZE=1 -DHAVE_GETPEEREID=1 -DHAVE_GETLINE=1 -DHAVE_GETPROGNAME=1 -DHAVE_MEMMEM=1 -DHAVE_SETENV=1 -DHAVE_STRCASESTR=1 -DHAVE_STRLCAT=1 -DHAVE_STRLCPY=1 -DHAVE_STRNDUP=1 -DHAVE_STRSEP=1 -DHAVE_STRTONUM=1 -DHAVE_EVENT2_EVENT_H=1 -DHAVE_NCURSES_H=1 -DHAVE_TIPARM=1 -DHAVE_TIPARM_S=1 -DHAVE_UTF8PROC=1 -DHAVE_B64_NTOP=1 -DHAVE_JEMALLOC=1 -DHAVE_DAEMON=1 -DHAVE_FORKPTY=1 -DHAVE___PROGNAME=1 -DBROKEN___DEAD=1 -DBROKEN_CMSG_FIRSTHDR=1 -I.  -I/opt/homebrew/Cellar/jemalloc/5.4.0/include -I/opt/homebrew/Cellar/utf8proc/2.12.0/include -DUTF8PROC_EXPORTS -D_DARWIN_C_SOURCE -DNCURSES_WIDECHAR -I/opt/homebrew/Cellar/ncurses/6.6/include/ncursesw -I/opt/homebrew/Cellar/ncurses/6.6/include -I/opt/homebrew/Cellar/libevent/2.1.13/include -DTMUX_VERSION='"3.7c"' -DTMUX_CONF='"/etc/tmux.conf:~/.tmux.conf:$XDG_CONFIG_HOME/tmux/tmux.conf:~/.config/tmux/tmux.conf"' -DTMUX_LOCK_CMD='"lock -np"' -DTMUX_TERM='"tmux-256color"'  -iquote.        -std=gnu99 -O2       -MT osdep-darwin.o -MD -MP -MF $depbase.Tpo -c -o osdep-darwin.o osdep-darwin.c &&\
	mv -f $depbase.Tpo $depbase.Po
In file included from osdep-darwin.c:31:
In file included from ./compat.h:150:
./compat/queue.h:91:9: warning: 'SLIST_HEAD' macro redefined [-Wmacro-redefined]
   91 | #define SLIST_HEAD(name, type)                                          \
      |         ^
/Applications/Xcode.app/Contents/Developer/Platforms/MacOSX.platform/Developer/SDKs/MacOSX.sdk/usr/include/sys/queue.h:236:9: note: previous definition is here
  236 | #define SLIST_HEAD(name, type)                                          \
      |         ^
In file included from osdep-darwin.c:31:
In file included from ./compat.h:150:
./compat/queue.h:99:9: warning: 'SLIST_ENTRY' macro redefined [-Wmacro-redefined]
   99 | #define SLIST_ENTRY(type)                                               \
      |         ^
/Applications/Xcode.app/Contents/Developer/Platforms/MacOSX.platform/Developer/SDKs/MacOSX.sdk/usr/include/sys/queue.h:248:9: note: previous definition is here
  248 | #define SLIST_ENTRY(type)                                               \
      |         ^
In file included from osdep-darwin.c:31:
In file included from ./compat.h:150:
./compat/queue.h:109:9: warning: 'SLIST_EMPTY' macro redefined [-Wmacro-redefined]
  109 | #define SLIST_EMPTY(head)       (SLIST_FIRST(head) == SLIST_END(head))
      |         ^
/Applications/Xcode.app/Contents/Developer/Platforms/MacOSX.platform/Developer/SDKs/MacOSX.sdk/usr/include/sys/queue.h:260:9: note: previous definition is here
  260 | #define SLIST_EMPTY(head)       ((head)->slh_first == NULL)
      |         ^
In file included from osdep-darwin.c:31:
In file included from ./compat.h:150:
./compat/queue.h:112:9: warning: 'SLIST_FOREACH' macro redefined [-Wmacro-redefined]
  112 | #define SLIST_FOREACH(var, head, field)                                 \
      |         ^
/Applications/Xcode.app/Contents/Developer/Platforms/MacOSX.platform/Developer/SDKs/MacOSX.sdk/usr/include/sys/queue.h:264:9: note: previous definition is here
  264 | #define SLIST_FOREACH(var, head, field)                                 \
      |         ^
In file included from osdep-darwin.c:31:
In file included from ./compat.h:150:
./compat/queue.h:117:9: warning: 'SLIST_FOREACH_SAFE' macro redefined [-Wmacro-redefined]
  117 | #define SLIST_FOREACH_SAFE(var, head, field, tvar)                      \
      |         ^
/Applications/Xcode.app/Contents/Developer/Platforms/MacOSX.platform/Developer/SDKs/MacOSX.sdk/usr/include/sys/queue.h:269:9: note: previous definition is here
  269 | #define SLIST_FOREACH_SAFE(var, head, field, tvar)                      \
      |         ^
In file included from osdep-darwin.c:31:
In file included from ./compat.h:150:
./compat/queue.h:125:9: warning: 'SLIST_INIT' macro redefined [-Wmacro-redefined]
  125 | #define SLIST_INIT(head) {                                              \
      |         ^
/Applications/Xcode.app/Contents/Developer/Platforms/MacOSX.platform/Developer/SDKs/MacOSX.sdk/usr/include/sys/queue.h:279:9: note: previous definition is here
  279 | #define SLIST_INIT(head) do {                                           \
      |         ^
In file included from osdep-darwin.c:31:
In file included from ./compat.h:150:
./compat/queue.h:129:9: warning: 'SLIST_INSERT_AFTER' macro redefined [-Wmacro-redefined]
  129 | #define SLIST_INSERT_AFTER(slistelm, elm, field) do {                   \
      |         ^
/Applications/Xcode.app/Contents/Developer/Platforms/MacOSX.platform/Developer/SDKs/MacOSX.sdk/usr/include/sys/queue.h:283:9: note: previous definition is here
  283 | #define SLIST_INSERT_AFTER(slistelm, elm, field) do {                   \
      |         ^
In file included from osdep-darwin.c:31:
In file included from ./compat.h:150:
./compat/queue.h:134:9: warning: 'SLIST_INSERT_HEAD' macro redefined [-Wmacro-redefined]
  134 | #define SLIST_INSERT_HEAD(head, elm, field) do {                        \
      |         ^
/Applications/Xcode.app/Contents/Developer/Platforms/MacOSX.platform/Developer/SDKs/MacOSX.sdk/usr/include/sys/queue.h:288:9: note: previous definition is here
  288 | #define SLIST_INSERT_HEAD(head, elm, field) do {                        \
      |         ^
In file included from osdep-darwin.c:31:
In file included from ./compat.h:150:
./compat/queue.h:139:9: warning: 'SLIST_REMOVE_AFTER' macro redefined [-Wmacro-redefined]
  139 | #define SLIST_REMOVE_AFTER(elm, field) do {                             \
      |         ^
/Applications/Xcode.app/Contents/Developer/Platforms/MacOSX.platform/Developer/SDKs/MacOSX.sdk/usr/include/sys/queue.h:313:9: note: previous definition is here
  313 | #define SLIST_REMOVE_AFTER(elm, field) do {                             \
      |         ^
In file included from osdep-darwin.c:31:
In file included from ./compat.h:150:
./compat/queue.h:143:9: warning: 'SLIST_REMOVE_HEAD' macro redefined [-Wmacro-redefined]
  143 | #define SLIST_REMOVE_HEAD(head, field) do {                             \
      |         ^
/Applications/Xcode.app/Contents/Developer/Platforms/MacOSX.platform/Developer/SDKs/MacOSX.sdk/usr/include/sys/queue.h:318:9: note: previous definition is here
  318 | #define SLIST_REMOVE_HEAD(head, field) do {                             \
      |         ^
In file included from osdep-darwin.c:31:
In file included from ./compat.h:150:
./compat/queue.h:147:9: warning: 'SLIST_REMOVE' macro redefined [-Wmacro-redefined]
  147 | #define SLIST_REMOVE(head, elm, type, field) do {                       \
      |         ^
/Applications/Xcode.app/Contents/Developer/Platforms/MacOSX.platform/Developer/SDKs/MacOSX.sdk/usr/include/sys/queue.h:295:9: note: previous definition is here
  295 | #define SLIST_REMOVE(head, elm, type, field)                            \
      |         ^
In file included from osdep-darwin.c:31:
In file included from ./compat.h:150:
./compat/queue.h:164:9: warning: 'LIST_HEAD' macro redefined [-Wmacro-redefined]
  164 | #define LIST_HEAD(name, type)                                           \
      |         ^
/Applications/Xcode.app/Contents/Developer/Platforms/MacOSX.platform/Developer/SDKs/MacOSX.sdk/usr/include/sys/queue.h:465:9: note: previous definition is here
  465 | #define LIST_HEAD(name, type)                                           \
      |         ^
In file included from osdep-darwin.c:31:
In file included from ./compat.h:150:
./compat/queue.h:172:9: warning: 'LIST_ENTRY' macro redefined [-Wmacro-redefined]
  172 | #define LIST_ENTRY(type)                                                \
      |         ^
/Applications/Xcode.app/Contents/Developer/Platforms/MacOSX.platform/Developer/SDKs/MacOSX.sdk/usr/include/sys/queue.h:477:9: note: previous definition is here
  477 | #define LIST_ENTRY(type)                                                \
      |         ^
In file included from osdep-darwin.c:31:
In file included from ./compat.h:150:
./compat/queue.h:183:9: warning: 'LIST_EMPTY' macro redefined [-Wmacro-redefined]
  183 | #define LIST_EMPTY(head)                (LIST_FIRST(head) == LIST_END(head))
      |         ^
/Applications/Xcode.app/Contents/Developer/Platforms/MacOSX.platform/Developer/SDKs/MacOSX.sdk/usr/include/sys/queue.h:495:9: note: previous definition is here
  495 | #define LIST_EMPTY(head)        ((head)->lh_first == NULL)
      |         ^
In file included from osdep-darwin.c:31:
In file included from ./compat.h:150:
./compat/queue.h:186:9: warning: 'LIST_FOREACH' macro redefined [-Wmacro-redefined]
  186 | #define LIST_FOREACH(var, head, field)                                  \
      |         ^
/Applications/Xcode.app/Contents/Developer/Platforms/MacOSX.platform/Developer/SDKs/MacOSX.sdk/usr/include/sys/queue.h:499:9: note: previous definition is here
  499 | #define LIST_FOREACH(var, head, field)                                  \
      |         ^
In file included from osdep-darwin.c:31:
In file included from ./compat.h:150:
./compat/queue.h:191:9: warning: 'LIST_FOREACH_SAFE' macro redefined [-Wmacro-redefined]
  191 | #define LIST_FOREACH_SAFE(var, head, field, tvar)                       \
      |         ^
/Applications/Xcode.app/Contents/Developer/Platforms/MacOSX.platform/Developer/SDKs/MacOSX.sdk/usr/include/sys/queue.h:504:9: note: previous definition is here
  504 | #define LIST_FOREACH_SAFE(var, head, field, tvar)                       \
      |         ^
In file included from osdep-darwin.c:31:
In file included from ./compat.h:150:
./compat/queue.h:199:9: warning: 'LIST_INIT' macro redefined [-Wmacro-redefined]
  199 | #define LIST_INIT(head) do {                                            \
      |         ^
/Applications/Xcode.app/Contents/Developer/Platforms/MacOSX.platform/Developer/SDKs/MacOSX.sdk/usr/include/sys/queue.h:509:9: note: previous definition is here
  509 | #define LIST_INIT(head) do {                                            \
      |         ^
In file included from osdep-darwin.c:31:
In file included from ./compat.h:150:
./compat/queue.h:203:9: warning: 'LIST_INSERT_AFTER' macro redefined [-Wmacro-redefined]
  203 | #define LIST_INSERT_AFTER(listelm, elm, field) do {                     \
      |         ^
/Applications/Xcode.app/Contents/Developer/Platforms/MacOSX.platform/Developer/SDKs/MacOSX.sdk/usr/include/sys/queue.h:513:9: note: previous definition is here
  513 | #define LIST_INSERT_AFTER(listelm, elm, field) do {                     \
      |         ^
In file included from osdep-darwin.c:31:
In file included from ./compat.h:150:
./compat/queue.h:211:9: warning: 'LIST_INSERT_BEFORE' macro redefined [-Wmacro-redefined]
  211 | #define LIST_INSERT_BEFORE(listelm, elm, field) do {                    \
      |         ^
/Applications/Xcode.app/Contents/Developer/Platforms/MacOSX.platform/Developer/SDKs/MacOSX.sdk/usr/include/sys/queue.h:522:9: note: previous definition is here
  522 | #define LIST_INSERT_BEFORE(listelm, elm, field) do {                    \
      |         ^
In file included from osdep-darwin.c:31:
In file included from ./compat.h:150:
./compat/queue.h:218:9: warning: 'LIST_INSERT_HEAD' macro redefined [-Wmacro-redefined]
  218 | #define LIST_INSERT_HEAD(head, elm, field) do {                         \
      |         ^
/Applications/Xcode.app/Contents/Developer/Platforms/MacOSX.platform/Developer/SDKs/MacOSX.sdk/usr/include/sys/queue.h:530:9: note: previous definition is here
  530 | #define LIST_INSERT_HEAD(head, elm, field) do {                         \
      |         ^
In file included from osdep-darwin.c:31:
In file included from ./compat.h:150:
./compat/queue.h:225:9: warning: 'LIST_REMOVE' macro redefined [-Wmacro-redefined]
  225 | #define LIST_REMOVE(elm, field) do {                                    \
      |         ^
/Applications/Xcode.app/Contents/Developer/Platforms/MacOSX.platform/Developer/SDKs/MacOSX.sdk/usr/include/sys/queue.h:540:9: note: previous definition is here
  540 | #define LIST_REMOVE(elm, field) do {                                    \
      |         ^
In file included from osdep-darwin.c:31:
In file included from ./compat.h:150:
./compat/queue.h:407:9: warning: 'TAILQ_HEAD' macro redefined [-Wmacro-redefined]
  407 | #define TAILQ_HEAD(name, type)                                          \
      |         ^
/Applications/Xcode.app/Contents/Developer/Platforms/MacOSX.platform/Developer/SDKs/MacOSX.sdk/usr/include/sys/queue.h:569:9: note: previous definition is here
  569 | #define TAILQ_HEAD(name, type)                                          \
      |         ^
In file included from osdep-darwin.c:31:
In file included from ./compat.h:150:
./compat/queue.h:416:9: warning: 'TAILQ_ENTRY' macro redefined [-Wmacro-redefined]
  416 | #define TAILQ_ENTRY(type)                                               \
      |         ^
/Applications/Xcode.app/Contents/Developer/Platforms/MacOSX.platform/Developer/SDKs/MacOSX.sdk/usr/include/sys/queue.h:583:9: note: previous definition is here
  583 | #define TAILQ_ENTRY(type)                                               \
      |         ^
In file included from osdep-darwin.c:31:
In file included from ./compat.h:150:
./compat/queue.h:428:9: warning: 'TAILQ_LAST' macro redefined [-Wmacro-redefined]
  428 | #define TAILQ_LAST(head, headname)                                      \
      |         ^
/Applications/Xcode.app/Contents/Developer/Platforms/MacOSX.platform/Developer/SDKs/MacOSX.sdk/usr/include/sys/queue.h:691:9: note: previous definition is here
  691 | #define TAILQ_LAST(head, headname)                                      \
      |         ^
In file included from osdep-darwin.c:31:
In file included from ./compat.h:150:
./compat/queue.h:431:9: warning: 'TAILQ_PREV' macro redefined [-Wmacro-redefined]
  431 | #define TAILQ_PREV(elm, headname, field)                                \
      |         ^
/Applications/Xcode.app/Contents/Developer/Platforms/MacOSX.platform/Developer/SDKs/MacOSX.sdk/usr/include/sys/queue.h:700:9: note: previous definition is here
  700 | #define TAILQ_PREV(elm, headname, field)                                \
      |         ^
In file included from osdep-darwin.c:31:
In file included from ./compat.h:150:
./compat/queue.h:433:9: warning: 'TAILQ_EMPTY' macro redefined [-Wmacro-redefined]
  433 | #define TAILQ_EMPTY(head)                                               \
      |         ^
/Applications/Xcode.app/Contents/Developer/Platforms/MacOSX.platform/Developer/SDKs/MacOSX.sdk/usr/include/sys/queue.h:612:9: note: previous definition is here
  612 | #define TAILQ_EMPTY(head)       ((head)->tqh_first == NULL)
      |         ^
In file included from osdep-darwin.c:31:
In file included from ./compat.h:150:
./compat/queue.h:436:9: warning: 'TAILQ_FOREACH' macro redefined [-Wmacro-redefined]
  436 | #define TAILQ_FOREACH(var, head, field)                                 \
      |         ^
/Applications/Xcode.app/Contents/Developer/Platforms/MacOSX.platform/Developer/SDKs/MacOSX.sdk/usr/include/sys/queue.h:616:9: note: previous definition is here
  616 | #define TAILQ_FOREACH(var, head, field)                                 \
      |         ^
In file included from osdep-darwin.c:31:
In file included from ./compat.h:150:
./compat/queue.h:441:9: warning: 'TAILQ_FOREACH_SAFE' macro redefined [-Wmacro-redefined]
  441 | #define TAILQ_FOREACH_SAFE(var, head, field, tvar)                      \
      |         ^
/Applications/Xcode.app/Contents/Developer/Platforms/MacOSX.platform/Developer/SDKs/MacOSX.sdk/usr/include/sys/queue.h:621:9: note: previous definition is here
  621 | #define TAILQ_FOREACH_SAFE(var, head, field, tvar)                      \
      |         ^
In file included from osdep-darwin.c:31:
In file included from ./compat.h:150:
./compat/queue.h:448:9: warning: 'TAILQ_FOREACH_REVERSE' macro redefined [-Wmacro-redefined]
  448 | #define TAILQ_FOREACH_REVERSE(var, head, headname, field)               \
      |         ^
/Applications/Xcode.app/Contents/Developer/Platforms/MacOSX.platform/Developer/SDKs/MacOSX.sdk/usr/include/sys/queue.h:626:9: note: previous definition is here
  626 | #define TAILQ_FOREACH_REVERSE(var, head, headname, field)               \
      |         ^
In file included from osdep-darwin.c:31:
In file included from ./compat.h:150:
./compat/queue.h:453:9: warning: 'TAILQ_FOREACH_REVERSE_SAFE' macro redefined [-Wmacro-redefined]
  453 | #define TAILQ_FOREACH_REVERSE_SAFE(var, head, headname, field, tvar)    \
      |         ^
/Applications/Xcode.app/Contents/Developer/Platforms/MacOSX.platform/Developer/SDKs/MacOSX.sdk/usr/include/sys/queue.h:631:9: note: previous definition is here
  631 | #define TAILQ_FOREACH_REVERSE_SAFE(var, head, headname, field, tvar)    \
      |         ^
In file included from osdep-darwin.c:31:
In file included from ./compat.h:150:
./compat/queue.h:462:9: warning: 'TAILQ_INIT' macro redefined [-Wmacro-redefined]
  462 | #define TAILQ_INIT(head) do {                                           \
      |         ^
/Applications/Xcode.app/Contents/Developer/Platforms/MacOSX.platform/Developer/SDKs/MacOSX.sdk/usr/include/sys/queue.h:637:9: note: previous definition is here
  637 | #define TAILQ_INIT(head) do {                                           \
      |         ^
In file included from osdep-darwin.c:31:
In file included from ./compat.h:150:
./compat/queue.h:467:9: warning: 'TAILQ_INSERT_HEAD' macro redefined [-Wmacro-redefined]
  467 | #define TAILQ_INSERT_HEAD(head, elm, field) do {                        \
      |         ^
/Applications/Xcode.app/Contents/Developer/Platforms/MacOSX.platform/Developer/SDKs/MacOSX.sdk/usr/include/sys/queue.h:669:9: note: previous definition is here
  669 | #define TAILQ_INSERT_HEAD(head, elm, field) do {                        \
      |         ^
In file included from osdep-darwin.c:31:
In file included from ./compat.h:150:
./compat/queue.h:477:9: warning: 'TAILQ_INSERT_TAIL' macro redefined [-Wmacro-redefined]
  477 | #define TAILQ_INSERT_TAIL(head, elm, field) do {                        \
      |         ^
/Applications/Xcode.app/Contents/Developer/Platforms/MacOSX.platform/Developer/SDKs/MacOSX.sdk/usr/include/sys/queue.h:682:9: note: previous definition is here
  682 | #define TAILQ_INSERT_TAIL(head, elm, field) do {                        \
      |         ^
In file included from osdep-darwin.c:31:
In file included from ./compat.h:150:
./compat/queue.h:484:9: warning: 'TAILQ_INSERT_AFTER' macro redefined [-Wmacro-redefined]
  484 | #define TAILQ_INSERT_AFTER(head, listelm, elm, field) do {              \
      |         ^
/Applications/Xcode.app/Contents/Developer/Platforms/MacOSX.platform/Developer/SDKs/MacOSX.sdk/usr/include/sys/queue.h:644:9: note: previous definition is here
  644 | #define TAILQ_INSERT_AFTER(head, listelm, elm, field) do {              \
      |         ^
In file included from osdep-darwin.c:31:
In file included from ./compat.h:150:
./compat/queue.h:494:9: warning: 'TAILQ_INSERT_BEFORE' macro redefined [-Wmacro-redefined]
  494 | #define TAILQ_INSERT_BEFORE(listelm, elm, field) do {                   \
      |         ^
/Applications/Xcode.app/Contents/Developer/Platforms/MacOSX.platform/Developer/SDKs/MacOSX.sdk/usr/include/sys/queue.h:659:9: note: previous definition is here
  659 | #define TAILQ_INSERT_BEFORE(listelm, elm, field) do {                   \
      |         ^
In file included from osdep-darwin.c:31:
In file included from ./compat.h:150:
./compat/queue.h:501:9: warning: 'TAILQ_REMOVE' macro redefined [-Wmacro-redefined]
  501 | #define TAILQ_REMOVE(head, elm, field) do {                             \
      |         ^
/Applications/Xcode.app/Contents/Developer/Platforms/MacOSX.platform/Developer/SDKs/MacOSX.sdk/usr/include/sys/queue.h:707:9: note: previous definition is here
  707 | #define TAILQ_REMOVE(head, elm, field) do {                             \
      |         ^
In file included from osdep-darwin.c:31:
In file included from ./compat.h:150:
./compat/queue.h:524:9: warning: 'TAILQ_CONCAT' macro redefined [-Wmacro-redefined]
  524 | #define TAILQ_CONCAT(head1, head2, field) do {                          \
      |         ^
/Applications/Xcode.app/Contents/Developer/Platforms/MacOSX.platform/Developer/SDKs/MacOSX.sdk/usr/include/sys/queue.h:601:9: note: previous definition is here
  601 | #define TAILQ_CONCAT(head1, head2, field) do {                          \
      |         ^
37 warnings generated.
depbase=`echo compat/closefrom.o | sed 's|[^/]*$|.deps/&|;s|\.o$||'`;\
	gcc -std=gnu23 -DPACKAGE_NAME=\"tmux\" -DPACKAGE_TARNAME=\"tmux\" -DPACKAGE_VERSION=\"3.7c\" -DPACKAGE_STRING=\"tmux\ 3.7c\" -DPACKAGE_BUGREPORT=\"\" -DPACKAGE_URL=\"\" -DPACKAGE=\"tmux\" -DVERSION=\"3.7c\" -DHAVE_STDIO_H=1 -DHAVE_STDLIB_H=1 -DHAVE_STRING_H=1 -DHAVE_INTTYPES_H=1 -DHAVE_STDINT_H=1 -DHAVE_STRINGS_H=1 -DHAVE_SYS_STAT_H=1 -DHAVE_SYS_TYPES_H=1 -DHAVE_UNISTD_H=1 -DHAVE_WCHAR_H=1 -DSTDC_HEADERS=1 -D_ALL_SOURCE=1 -D_COSMO_SOURCE=1 -D_DARWIN_C_SOURCE=1 -D_GNU_SOURCE=1 -D_HPUX_ALT_XOPEN_SOCKET_API=1 -D_NETBSD_SOURCE=1 -D_OPENBSD_SOURCE=1 -D_POSIX_PTHREAD_SEMANTICS=1 -D__STDC_WANT_IEC_60559_ATTRIBS_EXT__=1 -D__STDC_WANT_IEC_60559_BFP_EXT__=1 -D__STDC_WANT_IEC_60559_DFP_EXT__=1 -D__STDC_WANT_IEC_60559_EXT__=1 -D__STDC_WANT_IEC_60559_FUNCS_EXT__=1 -D__STDC_WANT_IEC_60559_TYPES_EXT__=1 -D__STDC_WANT_LIB_EXT2__=1 -D__STDC_WANT_MATH_SPEC_FUNCS__=1 -D_TANDEM_SOURCE=1 -D__EXTENSIONS__=1 -DHAVE_BITSTRING_H=1 -DHAVE_DIRENT_H=1 -DHAVE_FCNTL_H=1 -DHAVE_INTTYPES_H=1 -DHAVE_LIBPROC_H=1 -DHAVE_PATHS_H=1 -DHAVE_STDINT_H=1 -DHAVE_SYS_DIR_H=1 -DHAVE_UTIL_H=1 -DHAVE_SYS_SIGNAME=1 -DHAVE_LIBM=1 -DHAVE_DIRFD=1 -DHAVE_FLOCK=1 -DHAVE_PROC_PIDINFO=1 -DHAVE_SYSCONF=1 -DHAVE_ASPRINTF=1 -DHAVE_CFMAKERAW=1 -DHAVE_CLOCK_GETTIME=1 -DHAVE_FGETLN=1 -DHAVE_GETDTABLESIZE=1 -DHAVE_GETPEEREID=1 -DHAVE_GETLINE=1 -DHAVE_GETPROGNAME=1 -DHAVE_MEMMEM=1 -DHAVE_SETENV=1 -DHAVE_STRCASESTR=1 -DHAVE_STRLCAT=1 -DHAVE_STRLCPY=1 -DHAVE_STRNDUP=1 -DHAVE_STRSEP=1 -DHAVE_STRTONUM=1 -DHAVE_EVENT2_EVENT_H=1 -DHAVE_NCURSES_H=1 -DHAVE_TIPARM=1 -DHAVE_TIPARM_S=1 -DHAVE_UTF8PROC=1 -DHAVE_B64_NTOP=1 -DHAVE_JEMALLOC=1 -DHAVE_DAEMON=1 -DHAVE_FORKPTY=1 -DHAVE___PROGNAME=1 -DBROKEN___DEAD=1 -DBROKEN_CMSG_FIRSTHDR=1 -I.  -I/opt/homebrew/Cellar/jemalloc/5.4.0/include -I/opt/homebrew/Cellar/utf8proc/2.12.0/include -DUTF8PROC_EXPORTS -D_DARWIN_C_SOURCE -DNCURSES_WIDECHAR -I/opt/homebrew/Cellar/ncurses/6.6/include/ncursesw -I/opt/homebrew/Cellar/ncurses/6.6/include -I/opt/homebrew/Cellar/libevent/2.1.13/include -DTMUX_VERSION='"3.7c"' -DTMUX_CONF='"/etc/tmux.conf:~/.tmux.conf:$XDG_CONFIG_HOME/tmux/tmux.conf:~/.config/tmux/tmux.conf"' -DTMUX_LOCK_CMD='"lock -np"' -DTMUX_TERM='"tmux-256color"'  -iquote.        -std=gnu99 -O2       -MT compat/closefrom.o -MD -MP -MF $depbase.Tpo -c -o compat/closefrom.o compat/closefrom.c &&\
	mv -f $depbase.Tpo $depbase.Po
depbase=`echo compat/explicit_bzero.o | sed 's|[^/]*$|.deps/&|;s|\.o$||'`;\
	gcc -std=gnu23 -DPACKAGE_NAME=\"tmux\" -DPACKAGE_TARNAME=\"tmux\" -DPACKAGE_VERSION=\"3.7c\" -DPACKAGE_STRING=\"tmux\ 3.7c\" -DPACKAGE_BUGREPORT=\"\" -DPACKAGE_URL=\"\" -DPACKAGE=\"tmux\" -DVERSION=\"3.7c\" -DHAVE_STDIO_H=1 -DHAVE_STDLIB_H=1 -DHAVE_STRING_H=1 -DHAVE_INTTYPES_H=1 -DHAVE_STDINT_H=1 -DHAVE_STRINGS_H=1 -DHAVE_SYS_STAT_H=1 -DHAVE_SYS_TYPES_H=1 -DHAVE_UNISTD_H=1 -DHAVE_WCHAR_H=1 -DSTDC_HEADERS=1 -D_ALL_SOURCE=1 -D_COSMO_SOURCE=1 -D_DARWIN_C_SOURCE=1 -D_GNU_SOURCE=1 -D_HPUX_ALT_XOPEN_SOCKET_API=1 -D_NETBSD_SOURCE=1 -D_OPENBSD_SOURCE=1 -D_POSIX_PTHREAD_SEMANTICS=1 -D__STDC_WANT_IEC_60559_ATTRIBS_EXT__=1 -D__STDC_WANT_IEC_60559_BFP_EXT__=1 -D__STDC_WANT_IEC_60559_DFP_EXT__=1 -D__STDC_WANT_IEC_60559_EXT__=1 -D__STDC_WANT_IEC_60559_FUNCS_EXT__=1 -D__STDC_WANT_IEC_60559_TYPES_EXT__=1 -D__STDC_WANT_LIB_EXT2__=1 -D__STDC_WANT_MATH_SPEC_FUNCS__=1 -D_TANDEM_SOURCE=1 -D__EXTENSIONS__=1 -DHAVE_BITSTRING_H=1 -DHAVE_DIRENT_H=1 -DHAVE_FCNTL_H=1 -DHAVE_INTTYPES_H=1 -DHAVE_LIBPROC_H=1 -DHAVE_PATHS_H=1 -DHAVE_STDINT_H=1 -DHAVE_SYS_DIR_H=1 -DHAVE_UTIL_H=1 -DHAVE_SYS_SIGNAME=1 -DHAVE_LIBM=1 -DHAVE_DIRFD=1 -DHAVE_FLOCK=1 -DHAVE_PROC_PIDINFO=1 -DHAVE_SYSCONF=1 -DHAVE_ASPRINTF=1 -DHAVE_CFMAKERAW=1 -DHAVE_CLOCK_GETTIME=1 -DHAVE_FGETLN=1 -DHAVE_GETDTABLESIZE=1 -DHAVE_GETPEEREID=1 -DHAVE_GETLINE=1 -DHAVE_GETPROGNAME=1 -DHAVE_MEMMEM=1 -DHAVE_SETENV=1 -DHAVE_STRCASESTR=1 -DHAVE_STRLCAT=1 -DHAVE_STRLCPY=1 -DHAVE_STRNDUP=1 -DHAVE_STRSEP=1 -DHAVE_STRTONUM=1 -DHAVE_EVENT2_EVENT_H=1 -DHAVE_NCURSES_H=1 -DHAVE_TIPARM=1 -DHAVE_TIPARM_S=1 -DHAVE_UTF8PROC=1 -DHAVE_B64_NTOP=1 -DHAVE_JEMALLOC=1 -DHAVE_DAEMON=1 -DHAVE_FORKPTY=1 -DHAVE___PROGNAME=1 -DBROKEN___DEAD=1 -DBROKEN_CMSG_FIRSTHDR=1 -I.  -I/opt/homebrew/Cellar/jemalloc/5.4.0/include -I/opt/homebrew/Cellar/utf8proc/2.12.0/include -DUTF8PROC_EXPORTS -D_DARWIN_C_SOURCE -DNCURSES_WIDECHAR -I/opt/homebrew/Cellar/ncurses/6.6/include/ncursesw -I/opt/homebrew/Cellar/ncurses/6.6/include -I/opt/homebrew/Cellar/libevent/2.1.13/include -DTMUX_VERSION='"3.7c"' -DTMUX_CONF='"/etc/tmux.conf:~/.tmux.conf:$XDG_CONFIG_HOME/tmux/tmux.conf:~/.config/tmux/tmux.conf"' -DTMUX_LOCK_CMD='"lock -np"' -DTMUX_TERM='"tmux-256color"'  -iquote.        -std=gnu99 -O2       -MT compat/explicit_bzero.o -MD -MP -MF $depbase.Tpo -c -o compat/explicit_bzero.o compat/explicit_bzero.c &&\
	mv -f $depbase.Tpo $depbase.Po
In file included from compat/closefrom.c:51:
In file included from ./compat.h:150:
./compat/queue.h:91:9: warning: 'SLIST_HEAD' macro redefined [-Wmacro-redefined]
   91 | #define SLIST_HEAD(name, type)                                          \
      |         ^
/Applications/Xcode.app/Contents/Developer/Platforms/MacOSX.platform/Developer/SDKs/MacOSX.sdk/usr/include/sys/queue.h:236:9: note: previous definition is here
  236 | #define SLIST_HEAD(name, type)                                          \
      |         ^
In file included from compat/closefrom.c:51:
In file included from ./compat.h:150:
./compat/queue.h:99:9: warning: 'SLIST_ENTRY' macro redefined [-Wmacro-redefined]
   99 | #define SLIST_ENTRY(type)                                               \
      |         ^
/Applications/Xcode.app/Contents/Developer/Platforms/MacOSX.platform/Developer/SDKs/MacOSX.sdk/usr/include/sys/queue.h:248:9: note: previous definition is here
  248 | #define SLIST_ENTRY(type)                                               \
      |         ^
In file included from compat/closefrom.c:51:
In file included from ./compat.h:150:
./compat/queue.h:109:9: warning: 'SLIST_EMPTY' macro redefined [-Wmacro-redefined]
  109 | #define SLIST_EMPTY(head)       (SLIST_FIRST(head) == SLIST_END(head))
      |         ^
/Applications/Xcode.app/Contents/Developer/Platforms/MacOSX.platform/Developer/SDKs/MacOSX.sdk/usr/include/sys/queue.h:260:9: note: previous definition is here
  260 | #define SLIST_EMPTY(head)       ((head)->slh_first == NULL)
      |         ^
In file included from compat/closefrom.c:51:
In file included from ./compat.h:150:
./compat/queue.h:112:9: warning: 'SLIST_FOREACH' macro redefined [-Wmacro-redefined]
  112 | #define SLIST_FOREACH(var, head, field)                                 \
      |         ^
/Applications/Xcode.app/Contents/Developer/Platforms/MacOSX.platform/Developer/SDKs/MacOSX.sdk/usr/include/sys/queue.h:264:9: note: previous definition is here
  264 | #define SLIST_FOREACH(var, head, field)                                 \
      |         ^
In file included from compat/closefrom.c:51:
In file included from ./compat.h:150:
./compat/queue.h:117:9: warning: 'SLIST_FOREACH_SAFE' macro redefined [-Wmacro-redefined]
  117 | #define SLIST_FOREACH_SAFE(var, head, field, tvar)                      \
      |         ^
/Applications/Xcode.app/Contents/Developer/Platforms/MacOSX.platform/Developer/SDKs/MacOSX.sdk/usr/include/sys/queue.h:269:9: note: previous definition is here
  269 | #define SLIST_FOREACH_SAFE(var, head, field, tvar)                      \
      |         ^
In file included from compat/closefrom.c:51:
In file included from ./compat.h:150:
./compat/queue.h:125:9: warning: 'SLIST_INIT' macro redefined [-Wmacro-redefined]
  125 | #define SLIST_INIT(head) {                                              \
      |         ^
/Applications/Xcode.app/Contents/Developer/Platforms/MacOSX.platform/Developer/SDKs/MacOSX.sdk/usr/include/sys/queue.h:279:9: note: previous definition is here
  279 | #define SLIST_INIT(head) do {                                           \
      |         ^
In file included from compat/closefrom.c:51:
In file included from ./compat.h:150:
./compat/queue.h:129:9: warning: 'SLIST_INSERT_AFTER' macro redefined [-Wmacro-redefined]
  129 | #define SLIST_INSERT_AFTER(slistelm, elm, field) do {                   \
      |         ^
/Applications/Xcode.app/Contents/Developer/Platforms/MacOSX.platform/Developer/SDKs/MacOSX.sdk/usr/include/sys/queue.h:283:9: note: previous definition is here
  283 | #define SLIST_INSERT_AFTER(slistelm, elm, field) do {                   \
      |         ^
In file included from compat/closefrom.c:51:
In file included from ./compat.h:150:
./compat/queue.h:134:9: warning: 'SLIST_INSERT_HEAD' macro redefined [-Wmacro-redefined]
  134 | #define SLIST_INSERT_HEAD(head, elm, field) do {                        \
      |         ^
/Applications/Xcode.app/Contents/Developer/Platforms/MacOSX.platform/Developer/SDKs/MacOSX.sdk/usr/include/sys/queue.h:288:9: note: previous definition is here
  288 | #define SLIST_INSERT_HEAD(head, elm, field) do {                        \
      |         ^
In file included from compat/closefrom.c:51:
In file included from ./compat.h:150:
./compat/queue.h:139:9: warning: 'SLIST_REMOVE_AFTER' macro redefined [-Wmacro-redefined]
  139 | #define SLIST_REMOVE_AFTER(elm, field) do {                             \
      |         ^
/Applications/Xcode.app/Contents/Developer/Platforms/MacOSX.platform/Developer/SDKs/MacOSX.sdk/usr/include/sys/queue.h:313:9: note: previous definition is here
  313 | #define SLIST_REMOVE_AFTER(elm, field) do {                             \
      |         ^
In file included from compat/closefrom.c:51:
In file included from ./compat.h:150:
./compat/queue.h:143:9: warning: 'SLIST_REMOVE_HEAD' macro redefined [-Wmacro-redefined]
  143 | #define SLIST_REMOVE_HEAD(head, field) do {                             \
      |         ^
/Applications/Xcode.app/Contents/Developer/Platforms/MacOSX.platform/Developer/SDKs/MacOSX.sdk/usr/include/sys/queue.h:318:9: note: previous definition is here
  318 | #define SLIST_REMOVE_HEAD(head, field) do {                             \
      |         ^
In file included from compat/closefrom.c:51:
In file included from ./compat.h:150:
./compat/queue.h:147:9: warning: 'SLIST_REMOVE' macro redefined [-Wmacro-redefined]
  147 | #define SLIST_REMOVE(head, elm, type, field) do {                       \
      |         ^
/Applications/Xcode.app/Contents/Developer/Platforms/MacOSX.platform/Developer/SDKs/MacOSX.sdk/usr/include/sys/queue.h:295:9: note: previous definition is here
  295 | #define SLIST_REMOVE(head, elm, type, field)                            \
      |         ^
In file included from compat/closefrom.c:51:
In file included from ./compat.h:150:
./compat/queue.h:164:9: warning: 'LIST_HEAD' macro redefined [-Wmacro-redefined]
  164 | #define LIST_HEAD(name, type)                                           \
      |         ^
/Applications/Xcode.app/Contents/Developer/Platforms/MacOSX.platform/Developer/SDKs/MacOSX.sdk/usr/include/sys/queue.h:465:9: note: previous definition is here
  465 | #define LIST_HEAD(name, type)                                           \
      |         ^
In file included from compat/closefrom.c:51:
In file included from ./compat.h:150:
./compat/queue.h:172:9: warning: 'LIST_ENTRY' macro redefined [-Wmacro-redefined]
  172 | #define LIST_ENTRY(type)                                                \
      |         ^
/Applications/Xcode.app/Contents/Developer/Platforms/MacOSX.platform/Developer/SDKs/MacOSX.sdk/usr/include/sys/queue.h:477:9: note: previous definition is here
  477 | #define LIST_ENTRY(type)                                                \
      |         ^
In file included from compat/closefrom.c:51:
In file included from ./compat.h:150:
./compat/queue.h:183:9: warning: 'LIST_EMPTY' macro redefined [-Wmacro-redefined]
  183 | #define LIST_EMPTY(head)                (LIST_FIRST(head) == LIST_END(head))
      |         ^
/Applications/Xcode.app/Contents/Developer/Platforms/MacOSX.platform/Developer/SDKs/MacOSX.sdk/usr/include/sys/queue.h:495:9: note: previous definition is here
  495 | #define LIST_EMPTY(head)        ((head)->lh_first == NULL)
      |         ^
In file included from compat/closefrom.c:51:
In file included from ./compat.h:150:
./compat/queue.h:186:9: warning: 'LIST_FOREACH' macro redefined [-Wmacro-redefined]
  186 | #define LIST_FOREACH(var, head, field)                                  \
      |         ^
/Applications/Xcode.app/Contents/Developer/Platforms/MacOSX.platform/Developer/SDKs/MacOSX.sdk/usr/include/sys/queue.h:499:9: note: previous definition is here
  499 | #define LIST_FOREACH(var, head, field)                                  \
      |         ^
In file included from compat/closefrom.c:51:
In file included from ./compat.h:150:
./compat/queue.h:191:9: warning: 'LIST_FOREACH_SAFE' macro redefined [-Wmacro-redefined]
  191 | #define LIST_FOREACH_SAFE(var, head, field, tvar)                       \
      |         ^
/Applications/Xcode.app/Contents/Developer/Platforms/MacOSX.platform/Developer/SDKs/MacOSX.sdk/usr/include/sys/queue.h:504:9: note: previous definition is here
  504 | #define LIST_FOREACH_SAFE(var, head, field, tvar)                       \
      |         ^
In file included from compat/closefrom.c:51:
In file included from ./compat.h:150:
./compat/queue.h:199:9: warning: 'LIST_INIT' macro redefined [-Wmacro-redefined]
  199 | #define LIST_INIT(head) do {                                            \
      |         ^
/Applications/Xcode.app/Contents/Developer/Platforms/MacOSX.platform/Developer/SDKs/MacOSX.sdk/usr/include/sys/queue.h:509:9: note: previous definition is here
  509 | #define LIST_INIT(head) do {                                            \
      |         ^
In file included from compat/closefrom.c:51:
In file included from ./compat.h:150:
./compat/queue.h:203:9: warning: 'LIST_INSERT_AFTER' macro redefined [-Wmacro-redefined]
  203 | #define LIST_INSERT_AFTER(listelm, elm, field) do {                     \
      |         ^
/Applications/Xcode.app/Contents/Developer/Platforms/MacOSX.platform/Developer/SDKs/MacOSX.sdk/usr/include/sys/queue.h:513:9: note: previous definition is here
  513 | #define LIST_INSERT_AFTER(listelm, elm, field) do {                     \
      |         ^
In file included from compat/closefrom.c:51:
In file included from ./compat.h:150:
./compat/queue.h:211:9: warning: 'LIST_INSERT_BEFORE' macro redefined [-Wmacro-redefined]
  211 | #define LIST_INSERT_BEFORE(listelm, elm, field) do {                    \
      |         ^
/Applications/Xcode.app/Contents/Developer/Platforms/MacOSX.platform/Developer/SDKs/MacOSX.sdk/usr/include/sys/queue.h:522:9: note: previous definition is here
  522 | #define LIST_INSERT_BEFORE(listelm, elm, field) do {                    \
      |         ^
In file included from compat/closefrom.c:51:
In file included from ./compat.h:150:
./compat/queue.h:218:9: warning: 'LIST_INSERT_HEAD' macro redefined [-Wmacro-redefined]
  218 | #define LIST_INSERT_HEAD(head, elm, field) do {                         \
      |         ^
/Applications/Xcode.app/Contents/Developer/Platforms/MacOSX.platform/Developer/SDKs/MacOSX.sdk/usr/include/sys/queue.h:530:9: note: previous definition is here
  530 | #define LIST_INSERT_HEAD(head, elm, field) do {                         \
      |         ^
In file included from compat/closefrom.c:51:
In file included from ./compat.h:150:
./compat/queue.h:225:9: warning: 'LIST_REMOVE' macro redefined [-Wmacro-redefined]
  225 | #define LIST_REMOVE(elm, field) do {                                    \
      |         ^
/Applications/Xcode.app/Contents/Developer/Platforms/MacOSX.platform/Developer/SDKs/MacOSX.sdk/usr/include/sys/queue.h:540:9: note: previous definition is here
  540 | #define LIST_REMOVE(elm, field) do {                                    \
      |         ^
In file included from compat/closefrom.c:51:
In file included from ./compat.h:150:
./compat/queue.h:407:9: warning: 'TAILQ_HEAD' macro redefined [-Wmacro-redefined]
  407 | #define TAILQ_HEAD(name, type)                                          \
      |         ^
/Applications/Xcode.app/Contents/Developer/Platforms/MacOSX.platform/Developer/SDKs/MacOSX.sdk/usr/include/sys/queue.h:569:9: note: previous definition is here
  569 | #define TAILQ_HEAD(name, type)                                          \
      |         ^
In file included from compat/closefrom.c:51:
In file included from ./compat.h:150:
./compat/queue.h:416:9: warning: 'TAILQ_ENTRY' macro redefined [-Wmacro-redefined]
  416 | #define TAILQ_ENTRY(type)                                               \
      |         ^
/Applications/Xcode.app/Contents/Developer/Platforms/MacOSX.platform/Developer/SDKs/MacOSX.sdk/usr/include/sys/queue.h:583:9: note: previous definition is here
  583 | #define TAILQ_ENTRY(type)                                               \
      |         ^
In file included from compat/closefrom.c:51:
In file included from ./compat.h:150:
./compat/queue.h:428:9: warning: 'TAILQ_LAST' macro redefined [-Wmacro-redefined]
  428 | #define TAILQ_LAST(head, headname)                                      \
      |         ^
/Applications/Xcode.app/Contents/Developer/Platforms/MacOSX.platform/Developer/SDKs/MacOSX.sdk/usr/include/sys/queue.h:691:9: note: previous definition is here
  691 | #define TAILQ_LAST(head, headname)                                      \
      |         ^
In file included from compat/closefrom.c:51:
In file included from ./compat.h:150:
./compat/queue.h:431:9: warning: 'TAILQ_PREV' macro redefined [-Wmacro-redefined]
  431 | #define TAILQ_PREV(elm, headname, field)                                \
      |         ^
/Applications/Xcode.app/Contents/Developer/Platforms/MacOSX.platform/Developer/SDKs/MacOSX.sdk/usr/include/sys/queue.h:700:9: note: previous definition is here
  700 | #define TAILQ_PREV(elm, headname, field)                                \
      |         ^
In file included from compat/closefrom.c:51:
In file included from ./compat.h:150:
./compat/queue.h:433:9: warning: 'TAILQ_EMPTY' macro redefined [-Wmacro-redefined]
  433 | #define TAILQ_EMPTY(head)                                               \
      |         ^
/Applications/Xcode.app/Contents/Developer/Platforms/MacOSX.platform/Developer/SDKs/MacOSX.sdk/usr/include/sys/queue.h:612:9: note: previous definition is here
  612 | #define TAILQ_EMPTY(head)       ((head)->tqh_first == NULL)
      |         ^
In file included from compat/closefrom.c:51:
In file included from ./compat.h:150:
./compat/queue.h:436:9: warning: 'TAILQ_FOREACH' macro redefined [-Wmacro-redefined]
  436 | #define TAILQ_FOREACH(var, head, field)                                 \
      |         ^
/Applications/Xcode.app/Contents/Developer/Platforms/MacOSX.platform/Developer/SDKs/MacOSX.sdk/usr/include/sys/queue.h:616:9: note: previous definition is here
  616 | #define TAILQ_FOREACH(var, head, field)                                 \
      |         ^
In file included from compat/closefrom.c:51:
In file included from ./compat.h:150:
./compat/queue.h:441:9: warning: 'TAILQ_FOREACH_SAFE' macro redefined [-Wmacro-redefined]
  441 | #define TAILQ_FOREACH_SAFE(var, head, field, tvar)                      \
      |         ^
/Applications/Xcode.app/Contents/Developer/Platforms/MacOSX.platform/Developer/SDKs/MacOSX.sdk/usr/include/sys/queue.h:621:9: note: previous definition is here
  621 | #define TAILQ_FOREACH_SAFE(var, head, field, tvar)                      \
      |         ^
In file included from compat/closefrom.c:51:
In file included from ./compat.h:150:
./compat/queue.h:448:9: warning: 'TAILQ_FOREACH_REVERSE' macro redefined [-Wmacro-redefined]
  448 | #define TAILQ_FOREACH_REVERSE(var, head, headname, field)               \
      |         ^
/Applications/Xcode.app/Contents/Developer/Platforms/MacOSX.platform/Developer/SDKs/MacOSX.sdk/usr/include/sys/queue.h:626:9: note: previous definition is here
  626 | #define TAILQ_FOREACH_REVERSE(var, head, headname, field)               \
      |         ^
In file included from compat/closefrom.c:51:
In file included from ./compat.h:150:
./compat/queue.h:453:9: warning: 'TAILQ_FOREACH_REVERSE_SAFE' macro redefined [-Wmacro-redefined]
  453 | #define TAILQ_FOREACH_REVERSE_SAFE(var, head, headname, field, tvar)    \
      |         ^
/Applications/Xcode.app/Contents/Developer/Platforms/MacOSX.platform/Developer/SDKs/MacOSX.sdk/usr/include/sys/queue.h:631:9: note: previous definition is here
  631 | #define TAILQ_FOREACH_REVERSE_SAFE(var, head, headname, field, tvar)    \
      |         ^
In file included from compat/closefrom.c:51:
In file included from ./compat.h:150:
./compat/queue.h:462:9: warning: 'TAILQ_INIT' macro redefined [-Wmacro-redefined]
  462 | #define TAILQ_INIT(head) do {                                           \
      |         ^
/Applications/Xcode.app/Contents/Developer/Platforms/MacOSX.platform/Developer/SDKs/MacOSX.sdk/usr/include/sys/queue.h:637:9: note: previous definition is here
  637 | #define TAILQ_INIT(head) do {                                           \
      |         ^
In file included from compat/closefrom.c:51:
In file included from ./compat.h:150:
./compat/queue.h:467:9: warning: 'TAILQ_INSERT_HEAD' macro redefined [-Wmacro-redefined]
  467 | #define TAILQ_INSERT_HEAD(head, elm, field) do {                        \
      |         ^
/Applications/Xcode.app/Contents/Developer/Platforms/MacOSX.platform/Developer/SDKs/MacOSX.sdk/usr/include/sys/queue.h:669:9: note: previous definition is here
  669 | #define TAILQ_INSERT_HEAD(head, elm, field) do {                        \
      |         ^
In file included from compat/closefrom.c:51:
In file included from ./compat.h:150:
./compat/queue.h:477:9: warning: 'TAILQ_INSERT_TAIL' macro redefined [-Wmacro-redefined]
  477 | #define TAILQ_INSERT_TAIL(head, elm, field) do {                        \
      |         ^
/Applications/Xcode.app/Contents/Developer/Platforms/MacOSX.platform/Developer/SDKs/MacOSX.sdk/usr/include/sys/queue.h:682:9: note: previous definition is here
  682 | #define TAILQ_INSERT_TAIL(head, elm, field) do {                        \
      |         ^
In file included from compat/closefrom.c:51:
In file included from ./compat.h:150:
./compat/queue.h:484:9: warning: 'TAILQ_INSERT_AFTER' macro redefined [-Wmacro-redefined]
  484 | #define TAILQ_INSERT_AFTER(head, listelm, elm, field) do {              \
      |         ^
/Applications/Xcode.app/Contents/Developer/Platforms/MacOSX.platform/Developer/SDKs/MacOSX.sdk/usr/include/sys/queue.h:644:9: note: previous definition is here
  644 | #define TAILQ_INSERT_AFTER(head, listelm, elm, field) do {              \
      |         ^
In file included from compat/closefrom.c:51:
In file included from ./compat.h:150:
./compat/queue.h:494:9: warning: 'TAILQ_INSERT_BEFORE' macro redefined [-Wmacro-redefined]
  494 | #define TAILQ_INSERT_BEFORE(listelm, elm, field) do {                   \
      |         ^
/Applications/Xcode.app/Contents/Developer/Platforms/MacOSX.platform/Developer/SDKs/MacOSX.sdk/usr/include/sys/queue.h:659:9: note: previous definition is here
  659 | #define TAILQ_INSERT_BEFORE(listelm, elm, field) do {                   \
      |         ^
In file included from compat/closefrom.c:51:
In file included from ./compat.h:150:
./compat/queue.h:501:9: warning: 'TAILQ_REMOVE' macro redefined [-Wmacro-redefined]
  501 | #define TAILQ_REMOVE(head, elm, field) do {                             \
      |         ^
/Applications/Xcode.app/Contents/Developer/Platforms/MacOSX.platform/Developer/SDKs/MacOSX.sdk/usr/include/sys/queue.h:707:9: note: previous definition is here
  707 | #define TAILQ_REMOVE(head, elm, field) do {                             \
      |         ^
In file included from compat/closefrom.c:51:
In file included from ./compat.h:150:
./compat/queue.h:524:9: warning: 'TAILQ_CONCAT' macro redefined [-Wmacro-redefined]
  524 | #define TAILQ_CONCAT(head1, head2, field) do {                          \
      |         ^
/Applications/Xcode.app/Contents/Developer/Platforms/MacOSX.platform/Developer/SDKs/MacOSX.sdk/usr/include/sys/queue.h:601:9: note: previous definition is here
  601 | #define TAILQ_CONCAT(head1, head2, field) do {                          \
      |         ^
37 warnings generated.
depbase=`echo compat/freezero.o | sed 's|[^/]*$|.deps/&|;s|\.o$||'`;\
	gcc -std=gnu23 -DPACKAGE_NAME=\"tmux\" -DPACKAGE_TARNAME=\"tmux\" -DPACKAGE_VERSION=\"3.7c\" -DPACKAGE_STRING=\"tmux\ 3.7c\" -DPACKAGE_BUGREPORT=\"\" -DPACKAGE_URL=\"\" -DPACKAGE=\"tmux\" -DVERSION=\"3.7c\" -DHAVE_STDIO_H=1 -DHAVE_STDLIB_H=1 -DHAVE_STRING_H=1 -DHAVE_INTTYPES_H=1 -DHAVE_STDINT_H=1 -DHAVE_STRINGS_H=1 -DHAVE_SYS_STAT_H=1 -DHAVE_SYS_TYPES_H=1 -DHAVE_UNISTD_H=1 -DHAVE_WCHAR_H=1 -DSTDC_HEADERS=1 -D_ALL_SOURCE=1 -D_COSMO_SOURCE=1 -D_DARWIN_C_SOURCE=1 -D_GNU_SOURCE=1 -D_HPUX_ALT_XOPEN_SOCKET_API=1 -D_NETBSD_SOURCE=1 -D_OPENBSD_SOURCE=1 -D_POSIX_PTHREAD_SEMANTICS=1 -D__STDC_WANT_IEC_60559_ATTRIBS_EXT__=1 -D__STDC_WANT_IEC_60559_BFP_EXT__=1 -D__STDC_WANT_IEC_60559_DFP_EXT__=1 -D__STDC_WANT_IEC_60559_EXT__=1 -D__STDC_WANT_IEC_60559_FUNCS_EXT__=1 -D__STDC_WANT_IEC_60559_TYPES_EXT__=1 -D__STDC_WANT_LIB_EXT2__=1 -D__STDC_WANT_MATH_SPEC_FUNCS__=1 -D_TANDEM_SOURCE=1 -D__EXTENSIONS__=1 -DHAVE_BITSTRING_H=1 -DHAVE_DIRENT_H=1 -DHAVE_FCNTL_H=1 -DHAVE_INTTYPES_H=1 -DHAVE_LIBPROC_H=1 -DHAVE_PATHS_H=1 -DHAVE_STDINT_H=1 -DHAVE_SYS_DIR_H=1 -DHAVE_UTIL_H=1 -DHAVE_SYS_SIGNAME=1 -DHAVE_LIBM=1 -DHAVE_DIRFD=1 -DHAVE_FLOCK=1 -DHAVE_PROC_PIDINFO=1 -DHAVE_SYSCONF=1 -DHAVE_ASPRINTF=1 -DHAVE_CFMAKERAW=1 -DHAVE_CLOCK_GETTIME=1 -DHAVE_FGETLN=1 -DHAVE_GETDTABLESIZE=1 -DHAVE_GETPEEREID=1 -DHAVE_GETLINE=1 -DHAVE_GETPROGNAME=1 -DHAVE_MEMMEM=1 -DHAVE_SETENV=1 -DHAVE_STRCASESTR=1 -DHAVE_STRLCAT=1 -DHAVE_STRLCPY=1 -DHAVE_STRNDUP=1 -DHAVE_STRSEP=1 -DHAVE_STRTONUM=1 -DHAVE_EVENT2_EVENT_H=1 -DHAVE_NCURSES_H=1 -DHAVE_TIPARM=1 -DHAVE_TIPARM_S=1 -DHAVE_UTF8PROC=1 -DHAVE_B64_NTOP=1 -DHAVE_JEMALLOC=1 -DHAVE_DAEMON=1 -DHAVE_FORKPTY=1 -DHAVE___PROGNAME=1 -DBROKEN___DEAD=1 -DBROKEN_CMSG_FIRSTHDR=1 -I.  -I/opt/homebrew/Cellar/jemalloc/5.4.0/include -I/opt/homebrew/Cellar/utf8proc/2.12.0/include -DUTF8PROC_EXPORTS -D_DARWIN_C_SOURCE -DNCURSES_WIDECHAR -I/opt/homebrew/Cellar/ncurses/6.6/include/ncursesw -I/opt/homebrew/Cellar/ncurses/6.6/include -I/opt/homebrew/Cellar/libevent/2.1.13/include -DTMUX_VERSION='"3.7c"' -DTMUX_CONF='"/etc/tmux.conf:~/.tmux.conf:$XDG_CONFIG_HOME/tmux/tmux.conf:~/.config/tmux/tmux.conf"' -DTMUX_LOCK_CMD='"lock -np"' -DTMUX_TERM='"tmux-256color"'  -iquote.        -std=gnu99 -O2       -MT compat/freezero.o -MD -MP -MF $depbase.Tpo -c -o compat/freezero.o compat/freezero.c &&\
	mv -f $depbase.Tpo $depbase.Po
depbase=`echo compat/getdtablecount.o | sed 's|[^/]*$|.deps/&|;s|\.o$||'`;\
	gcc -std=gnu23 -DPACKAGE_NAME=\"tmux\" -DPACKAGE_TARNAME=\"tmux\" -DPACKAGE_VERSION=\"3.7c\" -DPACKAGE_STRING=\"tmux\ 3.7c\" -DPACKAGE_BUGREPORT=\"\" -DPACKAGE_URL=\"\" -DPACKAGE=\"tmux\" -DVERSION=\"3.7c\" -DHAVE_STDIO_H=1 -DHAVE_STDLIB_H=1 -DHAVE_STRING_H=1 -DHAVE_INTTYPES_H=1 -DHAVE_STDINT_H=1 -DHAVE_STRINGS_H=1 -DHAVE_SYS_STAT_H=1 -DHAVE_SYS_TYPES_H=1 -DHAVE_UNISTD_H=1 -DHAVE_WCHAR_H=1 -DSTDC_HEADERS=1 -D_ALL_SOURCE=1 -D_COSMO_SOURCE=1 -D_DARWIN_C_SOURCE=1 -D_GNU_SOURCE=1 -D_HPUX_ALT_XOPEN_SOCKET_API=1 -D_NETBSD_SOURCE=1 -D_OPENBSD_SOURCE=1 -D_POSIX_PTHREAD_SEMANTICS=1 -D__STDC_WANT_IEC_60559_ATTRIBS_EXT__=1 -D__STDC_WANT_IEC_60559_BFP_EXT__=1 -D__STDC_WANT_IEC_60559_DFP_EXT__=1 -D__STDC_WANT_IEC_60559_EXT__=1 -D__STDC_WANT_IEC_60559_FUNCS_EXT__=1 -D__STDC_WANT_IEC_60559_TYPES_EXT__=1 -D__STDC_WANT_LIB_EXT2__=1 -D__STDC_WANT_MATH_SPEC_FUNCS__=1 -D_TANDEM_SOURCE=1 -D__EXTENSIONS__=1 -DHAVE_BITSTRING_H=1 -DHAVE_DIRENT_H=1 -DHAVE_FCNTL_H=1 -DHAVE_INTTYPES_H=1 -DHAVE_LIBPROC_H=1 -DHAVE_PATHS_H=1 -DHAVE_STDINT_H=1 -DHAVE_SYS_DIR_H=1 -DHAVE_UTIL_H=1 -DHAVE_SYS_SIGNAME=1 -DHAVE_LIBM=1 -DHAVE_DIRFD=1 -DHAVE_FLOCK=1 -DHAVE_PROC_PIDINFO=1 -DHAVE_SYSCONF=1 -DHAVE_ASPRINTF=1 -DHAVE_CFMAKERAW=1 -DHAVE_CLOCK_GETTIME=1 -DHAVE_FGETLN=1 -DHAVE_GETDTABLESIZE=1 -DHAVE_GETPEEREID=1 -DHAVE_GETLINE=1 -DHAVE_GETPROGNAME=1 -DHAVE_MEMMEM=1 -DHAVE_SETENV=1 -DHAVE_STRCASESTR=1 -DHAVE_STRLCAT=1 -DHAVE_STRLCPY=1 -DHAVE_STRNDUP=1 -DHAVE_STRSEP=1 -DHAVE_STRTONUM=1 -DHAVE_EVENT2_EVENT_H=1 -DHAVE_NCURSES_H=1 -DHAVE_TIPARM=1 -DHAVE_TIPARM_S=1 -DHAVE_UTF8PROC=1 -DHAVE_B64_NTOP=1 -DHAVE_JEMALLOC=1 -DHAVE_DAEMON=1 -DHAVE_FORKPTY=1 -DHAVE___PROGNAME=1 -DBROKEN___DEAD=1 -DBROKEN_CMSG_FIRSTHDR=1 -I.  -I/opt/homebrew/Cellar/jemalloc/5.4.0/include -I/opt/homebrew/Cellar/utf8proc/2.12.0/include -DUTF8PROC_EXPORTS -D_DARWIN_C_SOURCE -DNCURSES_WIDECHAR -I/opt/homebrew/Cellar/ncurses/6.6/include/ncursesw -I/opt/homebrew/Cellar/ncurses/6.6/include -I/opt/homebrew/Cellar/libevent/2.1.13/include -DTMUX_VERSION='"3.7c"' -DTMUX_CONF='"/etc/tmux.conf:~/.tmux.conf:$XDG_CONFIG_HOME/tmux/tmux.conf:~/.config/tmux/tmux.conf"' -DTMUX_LOCK_CMD='"lock -np"' -DTMUX_TERM='"tmux-256color"'  -iquote.        -std=gnu99 -O2       -MT compat/getdtablecount.o -MD -MP -MF $depbase.Tpo -c -o compat/getdtablecount.o compat/getdtablecount.c &&\
	mv -f $depbase.Tpo $depbase.Po
In file included from compat/getdtablecount.c:25:
In file included from ./compat.h:150:
./compat/queue.h:91:9: warning: 'SLIST_HEAD' macro redefined [-Wmacro-redefined]
   91 | #define SLIST_HEAD(name, type)                                          \
      |         ^
/Applications/Xcode.app/Contents/Developer/Platforms/MacOSX.platform/Developer/SDKs/MacOSX.sdk/usr/include/sys/queue.h:236:9: note: previous definition is here
  236 | #define SLIST_HEAD(name, type)                                          \
      |         ^
In file included from compat/getdtablecount.c:25:
In file included from ./compat.h:150:
./compat/queue.h:99:9: warning: 'SLIST_ENTRY' macro redefined [-Wmacro-redefined]
   99 | #define SLIST_ENTRY(type)                                               \
      |         ^
/Applications/Xcode.app/Contents/Developer/Platforms/MacOSX.platform/Developer/SDKs/MacOSX.sdk/usr/include/sys/queue.h:248:9: note: previous definition is here
  248 | #define SLIST_ENTRY(type)                                               \
      |         ^
In file included from compat/getdtablecount.c:25:
In file included from ./compat.h:150:
./compat/queue.h:109:9: warning: 'SLIST_EMPTY' macro redefined [-Wmacro-redefined]
  109 | #define SLIST_EMPTY(head)       (SLIST_FIRST(head) == SLIST_END(head))
      |         ^
/Applications/Xcode.app/Contents/Developer/Platforms/MacOSX.platform/Developer/SDKs/MacOSX.sdk/usr/include/sys/queue.h:260:9: note: previous definition is here
  260 | #define SLIST_EMPTY(head)       ((head)->slh_first == NULL)
      |         ^
In file included from compat/getdtablecount.c:25:
In file included from ./compat.h:150:
./compat/queue.h:112:9: warning: 'SLIST_FOREACH' macro redefined [-Wmacro-redefined]
  112 | #define SLIST_FOREACH(var, head, field)                                 \
      |         ^
/Applications/Xcode.app/Contents/Developer/Platforms/MacOSX.platform/Developer/SDKs/MacOSX.sdk/usr/include/sys/queue.h:264:9: note: previous definition is here
  264 | #define SLIST_FOREACH(var, head, field)                                 \
      |         ^
In file included from compat/getdtablecount.c:25:
In file included from ./compat.h:150:
./compat/queue.h:117:9: warning: 'SLIST_FOREACH_SAFE' macro redefined [-Wmacro-redefined]
  117 | #define SLIST_FOREACH_SAFE(var, head, field, tvar)                      \
      |         ^
/Applications/Xcode.app/Contents/Developer/Platforms/MacOSX.platform/Developer/SDKs/MacOSX.sdk/usr/include/sys/queue.h:269:9: note: previous definition is here
  269 | #define SLIST_FOREACH_SAFE(var, head, field, tvar)                      \
      |         ^
In file included from compat/getdtablecount.c:25:
In file included from ./compat.h:150:
./compat/queue.h:125:9: warning: 'SLIST_INIT' macro redefined [-Wmacro-redefined]
  125 | #define SLIST_INIT(head) {                                              \
      |         ^
/Applications/Xcode.app/Contents/Developer/Platforms/MacOSX.platform/Developer/SDKs/MacOSX.sdk/usr/include/sys/queue.h:279:9: note: previous definition is here
  279 | #define SLIST_INIT(head) do {                                           \
      |         ^
In file included from compat/getdtablecount.c:25:
In file included from ./compat.h:150:
./compat/queue.h:129:9: warning: 'SLIST_INSERT_AFTER' macro redefined [-Wmacro-redefined]
  129 | #define SLIST_INSERT_AFTER(slistelm, elm, field) do {                   \
      |         ^
/Applications/Xcode.app/Contents/Developer/Platforms/MacOSX.platform/Developer/SDKs/MacOSX.sdk/usr/include/sys/queue.h:283:9: note: previous definition is here
  283 | #define SLIST_INSERT_AFTER(slistelm, elm, field) do {                   \
      |         ^
In file included from compat/getdtablecount.c:25:
In file included from ./compat.h:150:
./compat/queue.h:134:9: warning: 'SLIST_INSERT_HEAD' macro redefined [-Wmacro-redefined]
  134 | #define SLIST_INSERT_HEAD(head, elm, field) do {                        \
      |         ^
/Applications/Xcode.app/Contents/Developer/Platforms/MacOSX.platform/Developer/SDKs/MacOSX.sdk/usr/include/sys/queue.h:288:9: note: previous definition is here
  288 | #define SLIST_INSERT_HEAD(head, elm, field) do {                        \
      |         ^
In file included from compat/getdtablecount.c:25:
In file included from ./compat.h:150:
./compat/queue.h:139:9: warning: 'SLIST_REMOVE_AFTER' macro redefined [-Wmacro-redefined]
  139 | #define SLIST_REMOVE_AFTER(elm, field) do {                             \
      |         ^
/Applications/Xcode.app/Contents/Developer/Platforms/MacOSX.platform/Developer/SDKs/MacOSX.sdk/usr/include/sys/queue.h:313:9: note: previous definition is here
  313 | #define SLIST_REMOVE_AFTER(elm, field) do {                             \
      |         ^
In file included from compat/getdtablecount.c:25:
In file included from ./compat.h:150:
./compat/queue.h:143:9: warning: 'SLIST_REMOVE_HEAD' macro redefined [-Wmacro-redefined]
  143 | #define SLIST_REMOVE_HEAD(head, field) do {                             \
      |         ^
/Applications/Xcode.app/Contents/Developer/Platforms/MacOSX.platform/Developer/SDKs/MacOSX.sdk/usr/include/sys/queue.h:318:9: note: previous definition is here
  318 | #define SLIST_REMOVE_HEAD(head, field) do {                             \
      |         ^
In file included from compat/getdtablecount.c:25:
In file included from ./compat.h:150:
./compat/queue.h:147:9: warning: 'SLIST_REMOVE' macro redefined [-Wmacro-redefined]
  147 | #define SLIST_REMOVE(head, elm, type, field) do {                       \
      |         ^
/Applications/Xcode.app/Contents/Developer/Platforms/MacOSX.platform/Developer/SDKs/MacOSX.sdk/usr/include/sys/queue.h:295:9: note: previous definition is here
  295 | #define SLIST_REMOVE(head, elm, type, field)                            \
      |         ^
In file included from compat/getdtablecount.c:25:
In file included from ./compat.h:150:
./compat/queue.h:164:9: warning: 'LIST_HEAD' macro redefined [-Wmacro-redefined]
  164 | #define LIST_HEAD(name, type)                                           \
      |         ^
/Applications/Xcode.app/Contents/Developer/Platforms/MacOSX.platform/Developer/SDKs/MacOSX.sdk/usr/include/sys/queue.h:465:9: note: previous definition is here
  465 | #define LIST_HEAD(name, type)                                           \
      |         ^
In file included from compat/getdtablecount.c:25:
In file included from ./compat.h:150:
./compat/queue.h:172:9: warning: 'LIST_ENTRY' macro redefined [-Wmacro-redefined]
  172 | #define LIST_ENTRY(type)                                                \
      |         ^
/Applications/Xcode.app/Contents/Developer/Platforms/MacOSX.platform/Developer/SDKs/MacOSX.sdk/usr/include/sys/queue.h:477:9: note: previous definition is here
  477 | #define LIST_ENTRY(type)                                                \
      |         ^
depbase=`echo compat/htonll.o | sed 's|[^/]*$|.deps/&|;s|\.o$||'`;\
	gcc -std=gnu23 -DPACKAGE_NAME=\"tmux\" -DPACKAGE_TARNAME=\"tmux\" -DPACKAGE_VERSION=\"3.7c\" -DPACKAGE_STRING=\"tmux\ 3.7c\" -DPACKAGE_BUGREPORT=\"\" -DPACKAGE_URL=\"\" -DPACKAGE=\"tmux\" -DVERSION=\"3.7c\" -DHAVE_STDIO_H=1 -DHAVE_STDLIB_H=1 -DHAVE_STRING_H=1 -DHAVE_INTTYPES_H=1 -DHAVE_STDINT_H=1 -DHAVE_STRINGS_H=1 -DHAVE_SYS_STAT_H=1 -DHAVE_SYS_TYPES_H=1 -DHAVE_UNISTD_H=1 -DHAVE_WCHAR_H=1 -DSTDC_HEADERS=1 -D_ALL_SOURCE=1 -D_COSMO_SOURCE=1 -D_DARWIN_C_SOURCE=1 -D_GNU_SOURCE=1 -D_HPUX_ALT_XOPEN_SOCKET_API=1 -D_NETBSD_SOURCE=1 -D_OPENBSD_SOURCE=1 -D_POSIX_PTHREAD_SEMANTICS=1 -D__STDC_WANT_IEC_60559_ATTRIBS_EXT__=1 -D__STDC_WANT_IEC_60559_BFP_EXT__=1 -D__STDC_WANT_IEC_60559_DFP_EXT__=1 -D__STDC_WANT_IEC_60559_EXT__=1 -D__STDC_WANT_IEC_60559_FUNCS_EXT__=1 -D__STDC_WANT_IEC_60559_TYPES_EXT__=1 -D__STDC_WANT_LIB_EXT2__=1 -D__STDC_WANT_MATH_SPEC_FUNCS__=1 -D_TANDEM_SOURCE=1 -D__EXTENSIONS__=1 -DHAVE_BITSTRING_H=1 -DHAVE_DIRENT_H=1 -DHAVE_FCNTL_H=1 -DHAVE_INTTYPES_H=1 -DHAVE_LIBPROC_H=1 -DHAVE_PATHS_H=1 -DHAVE_STDINT_H=1 -DHAVE_SYS_DIR_H=1 -DHAVE_UTIL_H=1 -DHAVE_SYS_SIGNAME=1 -DHAVE_LIBM=1 -DHAVE_DIRFD=1 -DHAVE_FLOCK=1 -DHAVE_PROC_PIDINFO=1 -DHAVE_SYSCONF=1 -DHAVE_ASPRINTF=1 -DHAVE_CFMAKERAW=1 -DHAVE_CLOCK_GETTIME=1 -DHAVE_FGETLN=1 -DHAVE_GETDTABLESIZE=1 -DHAVE_GETPEEREID=1 -DHAVE_GETLINE=1 -DHAVE_GETPROGNAME=1 -DHAVE_MEMMEM=1 -DHAVE_SETENV=1 -DHAVE_STRCASESTR=1 -DHAVE_STRLCAT=1 -DHAVE_STRLCPY=1 -DHAVE_STRNDUP=1 -DHAVE_STRSEP=1 -DHAVE_STRTONUM=1 -DHAVE_EVENT2_EVENT_H=1 -DHAVE_NCURSES_H=1 -DHAVE_TIPARM=1 -DHAVE_TIPARM_S=1 -DHAVE_UTF8PROC=1 -DHAVE_B64_NTOP=1 -DHAVE_JEMALLOC=1 -DHAVE_DAEMON=1 -DHAVE_FORKPTY=1 -DHAVE___PROGNAME=1 -DBROKEN___DEAD=1 -DBROKEN_CMSG_FIRSTHDR=1 -I.  -I/opt/homebrew/Cellar/jemalloc/5.4.0/include -I/opt/homebrew/Cellar/utf8proc/2.12.0/include -DUTF8PROC_EXPORTS -D_DARWIN_C_SOURCE -DNCURSES_WIDECHAR -I/opt/homebrew/Cellar/ncurses/6.6/include/ncursesw -I/opt/homebrew/Cellar/ncurses/6.6/include -I/opt/homebrew/Cellar/libevent/2.1.13/include -DTMUX_VERSION='"3.7c"' -DTMUX_CONF='"/etc/tmux.conf:~/.tmux.conf:$XDG_CONFIG_HOME/tmux/tmux.conf:~/.config/tmux/tmux.conf"' -DTMUX_LOCK_CMD='"lock -np"' -DTMUX_TERM='"tmux-256color"'  -iquote.        -std=gnu99 -O2       -MT compat/htonll.o -MD -MP -MF $depbase.Tpo -c -o compat/htonll.o compat/htonll.c &&\
	mv -f $depbase.Tpo $depbase.Po
In file included from compat/getdtablecount.c:25:
In file included from ./compat.h:150:
./compat/queue.h:183:9: warning: 'LIST_EMPTY' macro redefined [-Wmacro-redefined]
  183 | #define LIST_EMPTY(head)                (LIST_FIRST(head) == LIST_END(head))
      |         ^
/Applications/Xcode.app/Contents/Developer/Platforms/MacOSX.platform/Developer/SDKs/MacOSX.sdk/usr/include/sys/queue.h:495:9: note: previous definition is here
  495 | #define LIST_EMPTY(head)        ((head)->lh_first == NULL)
      |         ^
In file included from compat/getdtablecount.c:25:
In file included from ./compat.h:150:
./compat/queue.h:186:9: warning: 'LIST_FOREACH' macro redefined [-Wmacro-redefined]
  186 | #define LIST_FOREACH(var, head, field)                                  \
      |         ^
/Applications/Xcode.app/Contents/Developer/Platforms/MacOSX.platform/Developer/SDKs/MacOSX.sdk/usr/include/sys/queue.h:499:9: note: previous definition is here
  499 | #define LIST_FOREACH(var, head, field)                                  \
      |         ^
In file included from compat/getdtablecount.c:25:
In file included from ./compat.h:150:
./compat/queue.h:191:9: warning: 'LIST_FOREACH_SAFE' macro redefined [-Wmacro-redefined]
  191 | #define LIST_FOREACH_SAFE(var, head, field, tvar)                       \
      |         ^
/Applications/Xcode.app/Contents/Developer/Platforms/MacOSX.platform/Developer/SDKs/MacOSX.sdk/usr/include/sys/queue.h:504:9: note: previous definition is here
  504 | #define LIST_FOREACH_SAFE(var, head, field, tvar)                       \
      |         ^
In file included from compat/getdtablecount.c:25:
In file included from ./compat.h:150:
./compat/queue.h:199:9: warning: 'LIST_INIT' macro redefined [-Wmacro-redefined]
  199 | #define LIST_INIT(head) do {                                            \
      |         ^
/Applications/Xcode.app/Contents/Developer/Platforms/MacOSX.platform/Developer/SDKs/MacOSX.sdk/usr/include/sys/queue.h:509:9: note: previous definition is here
  509 | #define LIST_INIT(head) do {                                            \
      |         ^
In file included from compat/getdtablecount.c:25:
In file included from ./compat.h:150:
./compat/queue.h:203:9: warning: 'LIST_INSERT_AFTER' macro redefined [-Wmacro-redefined]
  203 | #define LIST_INSERT_AFTER(listelm, elm, field) do {                     \
      |         ^
/Applications/Xcode.app/Contents/Developer/Platforms/MacOSX.platform/Developer/SDKs/MacOSX.sdk/usr/include/sys/queue.h:513:9: note: previous definition is here
  513 | #define LIST_INSERT_AFTER(listelm, elm, field) do {                     \
      |         ^
In file included from compat/getdtablecount.c:25:
In file included from ./compat.h:150:
./compat/queue.h:211:9: warning: 'LIST_INSERT_BEFORE' macro redefined [-Wmacro-redefined]
  211 | #define LIST_INSERT_BEFORE(listelm, elm, field) do {                    \
      |         ^
/Applications/Xcode.app/Contents/Developer/Platforms/MacOSX.platform/Developer/SDKs/MacOSX.sdk/usr/include/sys/queue.h:522:9: note: previous definition is here
  522 | #define LIST_INSERT_BEFORE(listelm, elm, field) do {                    \
      |         ^
In file included from compat/getdtablecount.c:25:
In file included from ./compat.h:150:
./compat/queue.h:218:9: warning: 'LIST_INSERT_HEAD' macro redefined [-Wmacro-redefined]
  218 | #define LIST_INSERT_HEAD(head, elm, field) do {                         \
      |         ^
/Applications/Xcode.app/Contents/Developer/Platforms/MacOSX.platform/Developer/SDKs/MacOSX.sdk/usr/include/sys/queue.h:530:9: note: previous definition is here
  530 | #define LIST_INSERT_HEAD(head, elm, field) do {                         \
      |         ^
In file included from compat/getdtablecount.c:25:
In file included from ./compat.h:150:
./compat/queue.h:225:9: warning: 'LIST_REMOVE' macro redefined [-Wmacro-redefined]
  225 | #define LIST_REMOVE(elm, field) do {                                    \
      |         ^
/Applications/Xcode.app/Contents/Developer/Platforms/MacOSX.platform/Developer/SDKs/MacOSX.sdk/usr/include/sys/queue.h:540:9: note: previous definition is here
  540 | #define LIST_REMOVE(elm, field) do {                                    \
      |         ^
In file included from compat/getdtablecount.c:25:
In file included from ./compat.h:150:
./compat/queue.h:407:9: warning: 'TAILQ_HEAD' macro redefined [-Wmacro-redefined]
  407 | #define TAILQ_HEAD(name, type)                                          \
      |         ^
/Applications/Xcode.app/Contents/Developer/Platforms/MacOSX.platform/Developer/SDKs/MacOSX.sdk/usr/include/sys/queue.h:569:9: note: previous definition is here
  569 | #define TAILQ_HEAD(name, type)                                          \
      |         ^
In file included from compat/getdtablecount.c:25:
In file included from ./compat.h:150:
./compat/queue.h:416:9: warning: 'TAILQ_ENTRY' macro redefined [-Wmacro-redefined]
  416 | #define TAILQ_ENTRY(type)                                               \
      |         ^
/Applications/Xcode.app/Contents/Developer/Platforms/MacOSX.platform/Developer/SDKs/MacOSX.sdk/usr/include/sys/queue.h:583:9: note: previous definition is here
  583 | #define TAILQ_ENTRY(type)                                               \
      |         ^
In file included from compat/getdtablecount.c:25:
In file included from ./compat.h:150:
./compat/queue.h:428:9: warning: 'TAILQ_LAST' macro redefined [-Wmacro-redefined]
  428 | #define TAILQ_LAST(head, headname)                                      \
      |         ^
/Applications/Xcode.app/Contents/Developer/Platforms/MacOSX.platform/Developer/SDKs/MacOSX.sdk/usr/include/sys/queue.h:691:9: note: previous definition is here
  691 | #define TAILQ_LAST(head, headname)                                      \
      |         ^
In file included from compat/getdtablecount.c:25:
In file included from ./compat.h:150:
./compat/queue.h:431:9: warning: 'TAILQ_PREV' macro redefined [-Wmacro-redefined]
  431 | #define TAILQ_PREV(elm, headname, field)                                \
      |         ^
/Applications/Xcode.app/Contents/Developer/Platforms/MacOSX.platform/Developer/SDKs/MacOSX.sdk/usr/include/sys/queue.h:700:9: note: previous definition is here
  700 | #define TAILQ_PREV(elm, headname, field)                                \
      |         ^
In file included from compat/getdtablecount.c:25:
In file included from ./compat.h:150:
./compat/queue.h:433:9: warning: 'TAILQ_EMPTY' macro redefined [-Wmacro-redefined]
  433 | #define TAILQ_EMPTY(head)                                               \
      |         ^
/Applications/Xcode.app/Contents/Developer/Platforms/MacOSX.platform/Developer/SDKs/MacOSX.sdk/usr/include/sys/queue.h:612:9: note: previous definition is here
  612 | #define TAILQ_EMPTY(head)       ((head)->tqh_first == NULL)
      |         ^
In file included from compat/getdtablecount.c:25:
In file included from ./compat.h:150:
./compat/queue.h:436:9: warning: 'TAILQ_FOREACH' macro redefined [-Wmacro-redefined]
  436 | #define TAILQ_FOREACH(var, head, field)                                 \
      |         ^
/Applications/Xcode.app/Contents/Developer/Platforms/MacOSX.platform/Developer/SDKs/MacOSX.sdk/usr/include/sys/queue.h:616:9: note: previous definition is here
  616 | #define TAILQ_FOREACH(var, head, field)                                 \
      |         ^
In file included from compat/getdtablecount.c:25:
In file included from ./compat.h:150:
./compat/queue.h:441:9: warning: 'TAILQ_FOREACH_SAFE' macro redefined [-Wmacro-redefined]
  441 | #define TAILQ_FOREACH_SAFE(var, head, field, tvar)                      \
      |         ^
/Applications/Xcode.app/Contents/Developer/Platforms/MacOSX.platform/Developer/SDKs/MacOSX.sdk/usr/include/sys/queue.h:621:9: note: previous definition is here
  621 | #define TAILQ_FOREACH_SAFE(var, head, field, tvar)                      \
      |         ^
In file included from compat/getdtablecount.c:25:
In file included from ./compat.h:150:
./compat/queue.h:448:9: warning: 'TAILQ_FOREACH_REVERSE' macro redefined [-Wmacro-redefined]
  448 | #define TAILQ_FOREACH_REVERSE(var, head, headname, field)               \
      |         ^
/Applications/Xcode.app/Contents/Developer/Platforms/MacOSX.platform/Developer/SDKs/MacOSX.sdk/usr/include/sys/queue.h:626:9: note: previous definition is here
  626 | #define TAILQ_FOREACH_REVERSE(var, head, headname, field)               \
      |         ^
In file included from compat/getdtablecount.c:25:
In file included from ./compat.h:150:
./compat/queue.h:453:9: warning: 'TAILQ_FOREACH_REVERSE_SAFE' macro redefined [-Wmacro-redefined]
  453 | #define TAILQ_FOREACH_REVERSE_SAFE(var, head, headname, field, tvar)    \
      |         ^
/Applications/Xcode.app/Contents/Developer/Platforms/MacOSX.platform/Developer/SDKs/MacOSX.sdk/usr/include/sys/queue.h:631:9: note: previous definition is here
  631 | #define TAILQ_FOREACH_REVERSE_SAFE(var, head, headname, field, tvar)    \
      |         ^
In file included from compat/getdtablecount.c:25:
In file included from ./compat.h:150:
./compat/queue.h:462:9: warning: 'TAILQ_INIT' macro redefined [-Wmacro-redefined]
  462 | #define TAILQ_INIT(head) do {                                           \
      |         ^
/Applications/Xcode.app/Contents/Developer/Platforms/MacOSX.platform/Developer/SDKs/MacOSX.sdk/usr/include/sys/queue.h:637:9: note: previous definition is here
  637 | #define TAILQ_INIT(head) do {                                           \
      |         ^
In file included from compat/getdtablecount.c:25:
In file included from ./compat.h:150:
./compat/queue.h:467:9: warning: 'TAILQ_INSERT_HEAD' macro redefined [-Wmacro-redefined]
  467 | #define TAILQ_INSERT_HEAD(head, elm, field) do {                        \
      |         ^
/Applications/Xcode.app/Contents/Developer/Platforms/MacOSX.platform/Developer/SDKs/MacOSX.sdk/usr/include/sys/queue.h:669:9: note: previous definition is here
  669 | #define TAILQ_INSERT_HEAD(head, elm, field) do {                        \
      |         ^
In file included from compat/getdtablecount.c:25:
In file included from ./compat.h:150:
./compat/queue.h:477:9: warning: 'TAILQ_INSERT_TAIL' macro redefined [-Wmacro-redefined]
  477 | #define TAILQ_INSERT_TAIL(head, elm, field) do {                        \
      |         ^
/Applications/Xcode.app/Contents/Developer/Platforms/MacOSX.platform/Developer/SDKs/MacOSX.sdk/usr/include/sys/queue.h:682:9: note: previous definition is here
  682 | #define TAILQ_INSERT_TAIL(head, elm, field) do {                        \
      |         ^
In file included from compat/getdtablecount.c:25:
In file included from ./compat.h:150:
./compat/queue.h:484:9: warning: 'TAILQ_INSERT_AFTER' macro redefined [-Wmacro-redefined]
  484 | #define TAILQ_INSERT_AFTER(head, listelm, elm, field) do {              \
      |         ^
/Applications/Xcode.app/Contents/Developer/Platforms/MacOSX.platform/Developer/SDKs/MacOSX.sdk/usr/include/sys/queue.h:644:9: note: previous definition is here
  644 | #define TAILQ_INSERT_AFTER(head, listelm, elm, field) do {              \
      |         ^
In file included from compat/getdtablecount.c:25:
In file included from ./compat.h:150:
./compat/queue.h:494:9: warning: 'TAILQ_INSERT_BEFORE' macro redefined [-Wmacro-redefined]
  494 | #define TAILQ_INSERT_BEFORE(listelm, elm, field) do {                   \
      |         ^
/Applications/Xcode.app/Contents/Developer/Platforms/MacOSX.platform/Developer/SDKs/MacOSX.sdk/usr/include/sys/queue.h:659:9: note: previous definition is here
  659 | #define TAILQ_INSERT_BEFORE(listelm, elm, field) do {                   \
      |         ^
In file included from compat/getdtablecount.c:25:
In file included from ./compat.h:150:
./compat/queue.h:501:9: warning: 'TAILQ_REMOVE' macro redefined [-Wmacro-redefined]
  501 | #define TAILQ_REMOVE(head, elm, field) do {                             \
      |         ^
/Applications/Xcode.app/Contents/Developer/Platforms/MacOSX.platform/Developer/SDKs/MacOSX.sdk/usr/include/sys/queue.h:707:9: note: previous definition is here
  707 | #define TAILQ_REMOVE(head, elm, field) do {                             \
      |         ^
In file included from compat/getdtablecount.c:25:
In file included from ./compat.h:150:
./compat/queue.h:524:9: warning: 'TAILQ_CONCAT' macro redefined [-Wmacro-redefined]
  524 | #define TAILQ_CONCAT(head1, head2, field) do {                          \
      |         ^
/Applications/Xcode.app/Contents/Developer/Platforms/MacOSX.platform/Developer/SDKs/MacOSX.sdk/usr/include/sys/queue.h:601:9: note: previous definition is here
  601 | #define TAILQ_CONCAT(head1, head2, field) do {                          \
      |         ^
37 warnings generated.
depbase=`echo compat/ntohll.o | sed 's|[^/]*$|.deps/&|;s|\.o$||'`;\
	gcc -std=gnu23 -DPACKAGE_NAME=\"tmux\" -DPACKAGE_TARNAME=\"tmux\" -DPACKAGE_VERSION=\"3.7c\" -DPACKAGE_STRING=\"tmux\ 3.7c\" -DPACKAGE_BUGREPORT=\"\" -DPACKAGE_URL=\"\" -DPACKAGE=\"tmux\" -DVERSION=\"3.7c\" -DHAVE_STDIO_H=1 -DHAVE_STDLIB_H=1 -DHAVE_STRING_H=1 -DHAVE_INTTYPES_H=1 -DHAVE_STDINT_H=1 -DHAVE_STRINGS_H=1 -DHAVE_SYS_STAT_H=1 -DHAVE_SYS_TYPES_H=1 -DHAVE_UNISTD_H=1 -DHAVE_WCHAR_H=1 -DSTDC_HEADERS=1 -D_ALL_SOURCE=1 -D_COSMO_SOURCE=1 -D_DARWIN_C_SOURCE=1 -D_GNU_SOURCE=1 -D_HPUX_ALT_XOPEN_SOCKET_API=1 -D_NETBSD_SOURCE=1 -D_OPENBSD_SOURCE=1 -D_POSIX_PTHREAD_SEMANTICS=1 -D__STDC_WANT_IEC_60559_ATTRIBS_EXT__=1 -D__STDC_WANT_IEC_60559_BFP_EXT__=1 -D__STDC_WANT_IEC_60559_DFP_EXT__=1 -D__STDC_WANT_IEC_60559_EXT__=1 -D__STDC_WANT_IEC_60559_FUNCS_EXT__=1 -D__STDC_WANT_IEC_60559_TYPES_EXT__=1 -D__STDC_WANT_LIB_EXT2__=1 -D__STDC_WANT_MATH_SPEC_FUNCS__=1 -D_TANDEM_SOURCE=1 -D__EXTENSIONS__=1 -DHAVE_BITSTRING_H=1 -DHAVE_DIRENT_H=1 -DHAVE_FCNTL_H=1 -DHAVE_INTTYPES_H=1 -DHAVE_LIBPROC_H=1 -DHAVE_PATHS_H=1 -DHAVE_STDINT_H=1 -DHAVE_SYS_DIR_H=1 -DHAVE_UTIL_H=1 -DHAVE_SYS_SIGNAME=1 -DHAVE_LIBM=1 -DHAVE_DIRFD=1 -DHAVE_FLOCK=1 -DHAVE_PROC_PIDINFO=1 -DHAVE_SYSCONF=1 -DHAVE_ASPRINTF=1 -DHAVE_CFMAKERAW=1 -DHAVE_CLOCK_GETTIME=1 -DHAVE_FGETLN=1 -DHAVE_GETDTABLESIZE=1 -DHAVE_GETPEEREID=1 -DHAVE_GETLINE=1 -DHAVE_GETPROGNAME=1 -DHAVE_MEMMEM=1 -DHAVE_SETENV=1 -DHAVE_STRCASESTR=1 -DHAVE_STRLCAT=1 -DHAVE_STRLCPY=1 -DHAVE_STRNDUP=1 -DHAVE_STRSEP=1 -DHAVE_STRTONUM=1 -DHAVE_EVENT2_EVENT_H=1 -DHAVE_NCURSES_H=1 -DHAVE_TIPARM=1 -DHAVE_TIPARM_S=1 -DHAVE_UTF8PROC=1 -DHAVE_B64_NTOP=1 -DHAVE_JEMALLOC=1 -DHAVE_DAEMON=1 -DHAVE_FORKPTY=1 -DHAVE___PROGNAME=1 -DBROKEN___DEAD=1 -DBROKEN_CMSG_FIRSTHDR=1 -I.  -I/opt/homebrew/Cellar/jemalloc/5.4.0/include -I/opt/homebrew/Cellar/utf8proc/2.12.0/include -DUTF8PROC_EXPORTS -D_DARWIN_C_SOURCE -DNCURSES_WIDECHAR -I/opt/homebrew/Cellar/ncurses/6.6/include/ncursesw -I/opt/homebrew/Cellar/ncurses/6.6/include -I/opt/homebrew/Cellar/libevent/2.1.13/include -DTMUX_VERSION='"3.7c"' -DTMUX_CONF='"/etc/tmux.conf:~/.tmux.conf:$XDG_CONFIG_HOME/tmux/tmux.conf:~/.config/tmux/tmux.conf"' -DTMUX_LOCK_CMD='"lock -np"' -DTMUX_TERM='"tmux-256color"'  -iquote.        -std=gnu99 -O2       -MT compat/ntohll.o -MD -MP -MF $depbase.Tpo -c -o compat/ntohll.o compat/ntohll.c &&\
	mv -f $depbase.Tpo $depbase.Po
depbase=`echo compat/setproctitle.o | sed 's|[^/]*$|.deps/&|;s|\.o$||'`;\
	gcc -std=gnu23 -DPACKAGE_NAME=\"tmux\" -DPACKAGE_TARNAME=\"tmux\" -DPACKAGE_VERSION=\"3.7c\" -DPACKAGE_STRING=\"tmux\ 3.7c\" -DPACKAGE_BUGREPORT=\"\" -DPACKAGE_URL=\"\" -DPACKAGE=\"tmux\" -DVERSION=\"3.7c\" -DHAVE_STDIO_H=1 -DHAVE_STDLIB_H=1 -DHAVE_STRING_H=1 -DHAVE_INTTYPES_H=1 -DHAVE_STDINT_H=1 -DHAVE_STRINGS_H=1 -DHAVE_SYS_STAT_H=1 -DHAVE_SYS_TYPES_H=1 -DHAVE_UNISTD_H=1 -DHAVE_WCHAR_H=1 -DSTDC_HEADERS=1 -D_ALL_SOURCE=1 -D_COSMO_SOURCE=1 -D_DARWIN_C_SOURCE=1 -D_GNU_SOURCE=1 -D_HPUX_ALT_XOPEN_SOCKET_API=1 -D_NETBSD_SOURCE=1 -D_OPENBSD_SOURCE=1 -D_POSIX_PTHREAD_SEMANTICS=1 -D__STDC_WANT_IEC_60559_ATTRIBS_EXT__=1 -D__STDC_WANT_IEC_60559_BFP_EXT__=1 -D__STDC_WANT_IEC_60559_DFP_EXT__=1 -D__STDC_WANT_IEC_60559_EXT__=1 -D__STDC_WANT_IEC_60559_FUNCS_EXT__=1 -D__STDC_WANT_IEC_60559_TYPES_EXT__=1 -D__STDC_WANT_LIB_EXT2__=1 -D__STDC_WANT_MATH_SPEC_FUNCS__=1 -D_TANDEM_SOURCE=1 -D__EXTENSIONS__=1 -DHAVE_BITSTRING_H=1 -DHAVE_DIRENT_H=1 -DHAVE_FCNTL_H=1 -DHAVE_INTTYPES_H=1 -DHAVE_LIBPROC_H=1 -DHAVE_PATHS_H=1 -DHAVE_STDINT_H=1 -DHAVE_SYS_DIR_H=1 -DHAVE_UTIL_H=1 -DHAVE_SYS_SIGNAME=1 -DHAVE_LIBM=1 -DHAVE_DIRFD=1 -DHAVE_FLOCK=1 -DHAVE_PROC_PIDINFO=1 -DHAVE_SYSCONF=1 -DHAVE_ASPRINTF=1 -DHAVE_CFMAKERAW=1 -DHAVE_CLOCK_GETTIME=1 -DHAVE_FGETLN=1 -DHAVE_GETDTABLESIZE=1 -DHAVE_GETPEEREID=1 -DHAVE_GETLINE=1 -DHAVE_GETPROGNAME=1 -DHAVE_MEMMEM=1 -DHAVE_SETENV=1 -DHAVE_STRCASESTR=1 -DHAVE_STRLCAT=1 -DHAVE_STRLCPY=1 -DHAVE_STRNDUP=1 -DHAVE_STRSEP=1 -DHAVE_STRTONUM=1 -DHAVE_EVENT2_EVENT_H=1 -DHAVE_NCURSES_H=1 -DHAVE_TIPARM=1 -DHAVE_TIPARM_S=1 -DHAVE_UTF8PROC=1 -DHAVE_B64_NTOP=1 -DHAVE_JEMALLOC=1 -DHAVE_DAEMON=1 -DHAVE_FORKPTY=1 -DHAVE___PROGNAME=1 -DBROKEN___DEAD=1 -DBROKEN_CMSG_FIRSTHDR=1 -I.  -I/opt/homebrew/Cellar/jemalloc/5.4.0/include -I/opt/homebrew/Cellar/utf8proc/2.12.0/include -DUTF8PROC_EXPORTS -D_DARWIN_C_SOURCE -DNCURSES_WIDECHAR -I/opt/homebrew/Cellar/ncurses/6.6/include/ncursesw -I/opt/homebrew/Cellar/ncurses/6.6/include -I/opt/homebrew/Cellar/libevent/2.1.13/include -DTMUX_VERSION='"3.7c"' -DTMUX_CONF='"/etc/tmux.conf:~/.tmux.conf:$XDG_CONFIG_HOME/tmux/tmux.conf:~/.config/tmux/tmux.conf"' -DTMUX_LOCK_CMD='"lock -np"' -DTMUX_TERM='"tmux-256color"'  -iquote.        -std=gnu99 -O2       -MT compat/setproctitle.o -MD -MP -MF $depbase.Tpo -c -o compat/setproctitle.o compat/setproctitle.c &&\
	mv -f $depbase.Tpo $depbase.Po
depbase=`echo compat/reallocarray.o | sed 's|[^/]*$|.deps/&|;s|\.o$||'`;\
	gcc -std=gnu23 -DPACKAGE_NAME=\"tmux\" -DPACKAGE_TARNAME=\"tmux\" -DPACKAGE_VERSION=\"3.7c\" -DPACKAGE_STRING=\"tmux\ 3.7c\" -DPACKAGE_BUGREPORT=\"\" -DPACKAGE_URL=\"\" -DPACKAGE=\"tmux\" -DVERSION=\"3.7c\" -DHAVE_STDIO_H=1 -DHAVE_STDLIB_H=1 -DHAVE_STRING_H=1 -DHAVE_INTTYPES_H=1 -DHAVE_STDINT_H=1 -DHAVE_STRINGS_H=1 -DHAVE_SYS_STAT_H=1 -DHAVE_SYS_TYPES_H=1 -DHAVE_UNISTD_H=1 -DHAVE_WCHAR_H=1 -DSTDC_HEADERS=1 -D_ALL_SOURCE=1 -D_COSMO_SOURCE=1 -D_DARWIN_C_SOURCE=1 -D_GNU_SOURCE=1 -D_HPUX_ALT_XOPEN_SOCKET_API=1 -D_NETBSD_SOURCE=1 -D_OPENBSD_SOURCE=1 -D_POSIX_PTHREAD_SEMANTICS=1 -D__STDC_WANT_IEC_60559_ATTRIBS_EXT__=1 -D__STDC_WANT_IEC_60559_BFP_EXT__=1 -D__STDC_WANT_IEC_60559_DFP_EXT__=1 -D__STDC_WANT_IEC_60559_EXT__=1 -D__STDC_WANT_IEC_60559_FUNCS_EXT__=1 -D__STDC_WANT_IEC_60559_TYPES_EXT__=1 -D__STDC_WANT_LIB_EXT2__=1 -D__STDC_WANT_MATH_SPEC_FUNCS__=1 -D_TANDEM_SOURCE=1 -D__EXTENSIONS__=1 -DHAVE_BITSTRING_H=1 -DHAVE_DIRENT_H=1 -DHAVE_FCNTL_H=1 -DHAVE_INTTYPES_H=1 -DHAVE_LIBPROC_H=1 -DHAVE_PATHS_H=1 -DHAVE_STDINT_H=1 -DHAVE_SYS_DIR_H=1 -DHAVE_UTIL_H=1 -DHAVE_SYS_SIGNAME=1 -DHAVE_LIBM=1 -DHAVE_DIRFD=1 -DHAVE_FLOCK=1 -DHAVE_PROC_PIDINFO=1 -DHAVE_SYSCONF=1 -DHAVE_ASPRINTF=1 -DHAVE_CFMAKERAW=1 -DHAVE_CLOCK_GETTIME=1 -DHAVE_FGETLN=1 -DHAVE_GETDTABLESIZE=1 -DHAVE_GETPEEREID=1 -DHAVE_GETLINE=1 -DHAVE_GETPROGNAME=1 -DHAVE_MEMMEM=1 -DHAVE_SETENV=1 -DHAVE_STRCASESTR=1 -DHAVE_STRLCAT=1 -DHAVE_STRLCPY=1 -DHAVE_STRNDUP=1 -DHAVE_STRSEP=1 -DHAVE_STRTONUM=1 -DHAVE_EVENT2_EVENT_H=1 -DHAVE_NCURSES_H=1 -DHAVE_TIPARM=1 -DHAVE_TIPARM_S=1 -DHAVE_UTF8PROC=1 -DHAVE_B64_NTOP=1 -DHAVE_JEMALLOC=1 -DHAVE_DAEMON=1 -DHAVE_FORKPTY=1 -DHAVE___PROGNAME=1 -DBROKEN___DEAD=1 -DBROKEN_CMSG_FIRSTHDR=1 -I.  -I/opt/homebrew/Cellar/jemalloc/5.4.0/include -I/opt/homebrew/Cellar/utf8proc/2.12.0/include -DUTF8PROC_EXPORTS -D_DARWIN_C_SOURCE -DNCURSES_WIDECHAR -I/opt/homebrew/Cellar/ncurses/6.6/include/ncursesw -I/opt/homebrew/Cellar/ncurses/6.6/include -I/opt/homebrew/Cellar/libevent/2.1.13/include -DTMUX_VERSION='"3.7c"' -DTMUX_CONF='"/etc/tmux.conf:~/.tmux.conf:$XDG_CONFIG_HOME/tmux/tmux.conf:~/.config/tmux/tmux.conf"' -DTMUX_LOCK_CMD='"lock -np"' -DTMUX_TERM='"tmux-256color"'  -iquote.        -std=gnu99 -O2       -MT compat/reallocarray.o -MD -MP -MF $depbase.Tpo -c -o compat/reallocarray.o compat/reallocarray.c &&\
	mv -f $depbase.Tpo $depbase.Po
depbase=`echo compat/recallocarray.o | sed 's|[^/]*$|.deps/&|;s|\.o$||'`;\
	gcc -std=gnu23 -DPACKAGE_NAME=\"tmux\" -DPACKAGE_TARNAME=\"tmux\" -DPACKAGE_VERSION=\"3.7c\" -DPACKAGE_STRING=\"tmux\ 3.7c\" -DPACKAGE_BUGREPORT=\"\" -DPACKAGE_URL=\"\" -DPACKAGE=\"tmux\" -DVERSION=\"3.7c\" -DHAVE_STDIO_H=1 -DHAVE_STDLIB_H=1 -DHAVE_STRING_H=1 -DHAVE_INTTYPES_H=1 -DHAVE_STDINT_H=1 -DHAVE_STRINGS_H=1 -DHAVE_SYS_STAT_H=1 -DHAVE_SYS_TYPES_H=1 -DHAVE_UNISTD_H=1 -DHAVE_WCHAR_H=1 -DSTDC_HEADERS=1 -D_ALL_SOURCE=1 -D_COSMO_SOURCE=1 -D_DARWIN_C_SOURCE=1 -D_GNU_SOURCE=1 -D_HPUX_ALT_XOPEN_SOCKET_API=1 -D_NETBSD_SOURCE=1 -D_OPENBSD_SOURCE=1 -D_POSIX_PTHREAD_SEMANTICS=1 -D__STDC_WANT_IEC_60559_ATTRIBS_EXT__=1 -D__STDC_WANT_IEC_60559_BFP_EXT__=1 -D__STDC_WANT_IEC_60559_DFP_EXT__=1 -D__STDC_WANT_IEC_60559_EXT__=1 -D__STDC_WANT_IEC_60559_FUNCS_EXT__=1 -D__STDC_WANT_IEC_60559_TYPES_EXT__=1 -D__STDC_WANT_LIB_EXT2__=1 -D__STDC_WANT_MATH_SPEC_FUNCS__=1 -D_TANDEM_SOURCE=1 -D__EXTENSIONS__=1 -DHAVE_BITSTRING_H=1 -DHAVE_DIRENT_H=1 -DHAVE_FCNTL_H=1 -DHAVE_INTTYPES_H=1 -DHAVE_LIBPROC_H=1 -DHAVE_PATHS_H=1 -DHAVE_STDINT_H=1 -DHAVE_SYS_DIR_H=1 -DHAVE_UTIL_H=1 -DHAVE_SYS_SIGNAME=1 -DHAVE_LIBM=1 -DHAVE_DIRFD=1 -DHAVE_FLOCK=1 -DHAVE_PROC_PIDINFO=1 -DHAVE_SYSCONF=1 -DHAVE_ASPRINTF=1 -DHAVE_CFMAKERAW=1 -DHAVE_CLOCK_GETTIME=1 -DHAVE_FGETLN=1 -DHAVE_GETDTABLESIZE=1 -DHAVE_GETPEEREID=1 -DHAVE_GETLINE=1 -DHAVE_GETPROGNAME=1 -DHAVE_MEMMEM=1 -DHAVE_SETENV=1 -DHAVE_STRCASESTR=1 -DHAVE_STRLCAT=1 -DHAVE_STRLCPY=1 -DHAVE_STRNDUP=1 -DHAVE_STRSEP=1 -DHAVE_STRTONUM=1 -DHAVE_EVENT2_EVENT_H=1 -DHAVE_NCURSES_H=1 -DHAVE_TIPARM=1 -DHAVE_TIPARM_S=1 -DHAVE_UTF8PROC=1 -DHAVE_B64_NTOP=1 -DHAVE_JEMALLOC=1 -DHAVE_DAEMON=1 -DHAVE_FORKPTY=1 -DHAVE___PROGNAME=1 -DBROKEN___DEAD=1 -DBROKEN_CMSG_FIRSTHDR=1 -I.  -I/opt/homebrew/Cellar/jemalloc/5.4.0/include -I/opt/homebrew/Cellar/utf8proc/2.12.0/include -DUTF8PROC_EXPORTS -D_DARWIN_C_SOURCE -DNCURSES_WIDECHAR -I/opt/homebrew/Cellar/ncurses/6.6/include/ncursesw -I/opt/homebrew/Cellar/ncurses/6.6/include -I/opt/homebrew/Cellar/libevent/2.1.13/include -DTMUX_VERSION='"3.7c"' -DTMUX_CONF='"/etc/tmux.conf:~/.tmux.conf:$XDG_CONFIG_HOME/tmux/tmux.conf:~/.config/tmux/tmux.conf"' -DTMUX_LOCK_CMD='"lock -np"' -DTMUX_TERM='"tmux-256color"'  -iquote.        -std=gnu99 -O2       -MT compat/recallocarray.o -MD -MP -MF $depbase.Tpo -c -o compat/recallocarray.o compat/recallocarray.c &&\
	mv -f $depbase.Tpo $depbase.Po
depbase=`echo compat/getopt_long.o | sed 's|[^/]*$|.deps/&|;s|\.o$||'`;\
	gcc -std=gnu23 -DPACKAGE_NAME=\"tmux\" -DPACKAGE_TARNAME=\"tmux\" -DPACKAGE_VERSION=\"3.7c\" -DPACKAGE_STRING=\"tmux\ 3.7c\" -DPACKAGE_BUGREPORT=\"\" -DPACKAGE_URL=\"\" -DPACKAGE=\"tmux\" -DVERSION=\"3.7c\" -DHAVE_STDIO_H=1 -DHAVE_STDLIB_H=1 -DHAVE_STRING_H=1 -DHAVE_INTTYPES_H=1 -DHAVE_STDINT_H=1 -DHAVE_STRINGS_H=1 -DHAVE_SYS_STAT_H=1 -DHAVE_SYS_TYPES_H=1 -DHAVE_UNISTD_H=1 -DHAVE_WCHAR_H=1 -DSTDC_HEADERS=1 -D_ALL_SOURCE=1 -D_COSMO_SOURCE=1 -D_DARWIN_C_SOURCE=1 -D_GNU_SOURCE=1 -D_HPUX_ALT_XOPEN_SOCKET_API=1 -D_NETBSD_SOURCE=1 -D_OPENBSD_SOURCE=1 -D_POSIX_PTHREAD_SEMANTICS=1 -D__STDC_WANT_IEC_60559_ATTRIBS_EXT__=1 -D__STDC_WANT_IEC_60559_BFP_EXT__=1 -D__STDC_WANT_IEC_60559_DFP_EXT__=1 -D__STDC_WANT_IEC_60559_EXT__=1 -D__STDC_WANT_IEC_60559_FUNCS_EXT__=1 -D__STDC_WANT_IEC_60559_TYPES_EXT__=1 -D__STDC_WANT_LIB_EXT2__=1 -D__STDC_WANT_MATH_SPEC_FUNCS__=1 -D_TANDEM_SOURCE=1 -D__EXTENSIONS__=1 -DHAVE_BITSTRING_H=1 -DHAVE_DIRENT_H=1 -DHAVE_FCNTL_H=1 -DHAVE_INTTYPES_H=1 -DHAVE_LIBPROC_H=1 -DHAVE_PATHS_H=1 -DHAVE_STDINT_H=1 -DHAVE_SYS_DIR_H=1 -DHAVE_UTIL_H=1 -DHAVE_SYS_SIGNAME=1 -DHAVE_LIBM=1 -DHAVE_DIRFD=1 -DHAVE_FLOCK=1 -DHAVE_PROC_PIDINFO=1 -DHAVE_SYSCONF=1 -DHAVE_ASPRINTF=1 -DHAVE_CFMAKERAW=1 -DHAVE_CLOCK_GETTIME=1 -DHAVE_FGETLN=1 -DHAVE_GETDTABLESIZE=1 -DHAVE_GETPEEREID=1 -DHAVE_GETLINE=1 -DHAVE_GETPROGNAME=1 -DHAVE_MEMMEM=1 -DHAVE_SETENV=1 -DHAVE_STRCASESTR=1 -DHAVE_STRLCAT=1 -DHAVE_STRLCPY=1 -DHAVE_STRNDUP=1 -DHAVE_STRSEP=1 -DHAVE_STRTONUM=1 -DHAVE_EVENT2_EVENT_H=1 -DHAVE_NCURSES_H=1 -DHAVE_TIPARM=1 -DHAVE_TIPARM_S=1 -DHAVE_UTF8PROC=1 -DHAVE_B64_NTOP=1 -DHAVE_JEMALLOC=1 -DHAVE_DAEMON=1 -DHAVE_FORKPTY=1 -DHAVE___PROGNAME=1 -DBROKEN___DEAD=1 -DBROKEN_CMSG_FIRSTHDR=1 -I.  -I/opt/homebrew/Cellar/jemalloc/5.4.0/include -I/opt/homebrew/Cellar/utf8proc/2.12.0/include -DUTF8PROC_EXPORTS -D_DARWIN_C_SOURCE -DNCURSES_WIDECHAR -I/opt/homebrew/Cellar/ncurses/6.6/include/ncursesw -I/opt/homebrew/Cellar/ncurses/6.6/include -I/opt/homebrew/Cellar/libevent/2.1.13/include -DTMUX_VERSION='"3.7c"' -DTMUX_CONF='"/etc/tmux.conf:~/.tmux.conf:$XDG_CONFIG_HOME/tmux/tmux.conf:~/.config/tmux/tmux.conf"' -DTMUX_LOCK_CMD='"lock -np"' -DTMUX_TERM='"tmux-256color"'  -iquote.        -std=gnu99 -O2       -MT compat/getopt_long.o -MD -MP -MF $depbase.Tpo -c -o compat/getopt_long.o compat/getopt_long.c &&\
	mv -f $depbase.Tpo $depbase.Po
depbase=`echo compat/imsg.o | sed 's|[^/]*$|.deps/&|;s|\.o$||'`;\
	gcc -std=gnu23 -DPACKAGE_NAME=\"tmux\" -DPACKAGE_TARNAME=\"tmux\" -DPACKAGE_VERSION=\"3.7c\" -DPACKAGE_STRING=\"tmux\ 3.7c\" -DPACKAGE_BUGREPORT=\"\" -DPACKAGE_URL=\"\" -DPACKAGE=\"tmux\" -DVERSION=\"3.7c\" -DHAVE_STDIO_H=1 -DHAVE_STDLIB_H=1 -DHAVE_STRING_H=1 -DHAVE_INTTYPES_H=1 -DHAVE_STDINT_H=1 -DHAVE_STRINGS_H=1 -DHAVE_SYS_STAT_H=1 -DHAVE_SYS_TYPES_H=1 -DHAVE_UNISTD_H=1 -DHAVE_WCHAR_H=1 -DSTDC_HEADERS=1 -D_ALL_SOURCE=1 -D_COSMO_SOURCE=1 -D_DARWIN_C_SOURCE=1 -D_GNU_SOURCE=1 -D_HPUX_ALT_XOPEN_SOCKET_API=1 -D_NETBSD_SOURCE=1 -D_OPENBSD_SOURCE=1 -D_POSIX_PTHREAD_SEMANTICS=1 -D__STDC_WANT_IEC_60559_ATTRIBS_EXT__=1 -D__STDC_WANT_IEC_60559_BFP_EXT__=1 -D__STDC_WANT_IEC_60559_DFP_EXT__=1 -D__STDC_WANT_IEC_60559_EXT__=1 -D__STDC_WANT_IEC_60559_FUNCS_EXT__=1 -D__STDC_WANT_IEC_60559_TYPES_EXT__=1 -D__STDC_WANT_LIB_EXT2__=1 -D__STDC_WANT_MATH_SPEC_FUNCS__=1 -D_TANDEM_SOURCE=1 -D__EXTENSIONS__=1 -DHAVE_BITSTRING_H=1 -DHAVE_DIRENT_H=1 -DHAVE_FCNTL_H=1 -DHAVE_INTTYPES_H=1 -DHAVE_LIBPROC_H=1 -DHAVE_PATHS_H=1 -DHAVE_STDINT_H=1 -DHAVE_SYS_DIR_H=1 -DHAVE_UTIL_H=1 -DHAVE_SYS_SIGNAME=1 -DHAVE_LIBM=1 -DHAVE_DIRFD=1 -DHAVE_FLOCK=1 -DHAVE_PROC_PIDINFO=1 -DHAVE_SYSCONF=1 -DHAVE_ASPRINTF=1 -DHAVE_CFMAKERAW=1 -DHAVE_CLOCK_GETTIME=1 -DHAVE_FGETLN=1 -DHAVE_GETDTABLESIZE=1 -DHAVE_GETPEEREID=1 -DHAVE_GETLINE=1 -DHAVE_GETPROGNAME=1 -DHAVE_MEMMEM=1 -DHAVE_SETENV=1 -DHAVE_STRCASESTR=1 -DHAVE_STRLCAT=1 -DHAVE_STRLCPY=1 -DHAVE_STRNDUP=1 -DHAVE_STRSEP=1 -DHAVE_STRTONUM=1 -DHAVE_EVENT2_EVENT_H=1 -DHAVE_NCURSES_H=1 -DHAVE_TIPARM=1 -DHAVE_TIPARM_S=1 -DHAVE_UTF8PROC=1 -DHAVE_B64_NTOP=1 -DHAVE_JEMALLOC=1 -DHAVE_DAEMON=1 -DHAVE_FORKPTY=1 -DHAVE___PROGNAME=1 -DBROKEN___DEAD=1 -DBROKEN_CMSG_FIRSTHDR=1 -I.  -I/opt/homebrew/Cellar/jemalloc/5.4.0/include -I/opt/homebrew/Cellar/utf8proc/2.12.0/include -DUTF8PROC_EXPORTS -D_DARWIN_C_SOURCE -DNCURSES_WIDECHAR -I/opt/homebrew/Cellar/ncurses/6.6/include/ncursesw -I/opt/homebrew/Cellar/ncurses/6.6/include -I/opt/homebrew/Cellar/libevent/2.1.13/include -DTMUX_VERSION='"3.7c"' -DTMUX_CONF='"/etc/tmux.conf:~/.tmux.conf:$XDG_CONFIG_HOME/tmux/tmux.conf:~/.config/tmux/tmux.conf"' -DTMUX_LOCK_CMD='"lock -np"' -DTMUX_TERM='"tmux-256color"'  -iquote.        -std=gnu99 -O2       -MT compat/imsg.o -MD -MP -MF $depbase.Tpo -c -o compat/imsg.o compat/imsg.c &&\
	mv -f $depbase.Tpo $depbase.Po
depbase=`echo compat/imsg-buffer.o | sed 's|[^/]*$|.deps/&|;s|\.o$||'`;\
	gcc -std=gnu23 -DPACKAGE_NAME=\"tmux\" -DPACKAGE_TARNAME=\"tmux\" -DPACKAGE_VERSION=\"3.7c\" -DPACKAGE_STRING=\"tmux\ 3.7c\" -DPACKAGE_BUGREPORT=\"\" -DPACKAGE_URL=\"\" -DPACKAGE=\"tmux\" -DVERSION=\"3.7c\" -DHAVE_STDIO_H=1 -DHAVE_STDLIB_H=1 -DHAVE_STRING_H=1 -DHAVE_INTTYPES_H=1 -DHAVE_STDINT_H=1 -DHAVE_STRINGS_H=1 -DHAVE_SYS_STAT_H=1 -DHAVE_SYS_TYPES_H=1 -DHAVE_UNISTD_H=1 -DHAVE_WCHAR_H=1 -DSTDC_HEADERS=1 -D_ALL_SOURCE=1 -D_COSMO_SOURCE=1 -D_DARWIN_C_SOURCE=1 -D_GNU_SOURCE=1 -D_HPUX_ALT_XOPEN_SOCKET_API=1 -D_NETBSD_SOURCE=1 -D_OPENBSD_SOURCE=1 -D_POSIX_PTHREAD_SEMANTICS=1 -D__STDC_WANT_IEC_60559_ATTRIBS_EXT__=1 -D__STDC_WANT_IEC_60559_BFP_EXT__=1 -D__STDC_WANT_IEC_60559_DFP_EXT__=1 -D__STDC_WANT_IEC_60559_EXT__=1 -D__STDC_WANT_IEC_60559_FUNCS_EXT__=1 -D__STDC_WANT_IEC_60559_TYPES_EXT__=1 -D__STDC_WANT_LIB_EXT2__=1 -D__STDC_WANT_MATH_SPEC_FUNCS__=1 -D_TANDEM_SOURCE=1 -D__EXTENSIONS__=1 -DHAVE_BITSTRING_H=1 -DHAVE_DIRENT_H=1 -DHAVE_FCNTL_H=1 -DHAVE_INTTYPES_H=1 -DHAVE_LIBPROC_H=1 -DHAVE_PATHS_H=1 -DHAVE_STDINT_H=1 -DHAVE_SYS_DIR_H=1 -DHAVE_UTIL_H=1 -DHAVE_SYS_SIGNAME=1 -DHAVE_LIBM=1 -DHAVE_DIRFD=1 -DHAVE_FLOCK=1 -DHAVE_PROC_PIDINFO=1 -DHAVE_SYSCONF=1 -DHAVE_ASPRINTF=1 -DHAVE_CFMAKERAW=1 -DHAVE_CLOCK_GETTIME=1 -DHAVE_FGETLN=1 -DHAVE_GETDTABLESIZE=1 -DHAVE_GETPEEREID=1 -DHAVE_GETLINE=1 -DHAVE_GETPROGNAME=1 -DHAVE_MEMMEM=1 -DHAVE_SETENV=1 -DHAVE_STRCASESTR=1 -DHAVE_STRLCAT=1 -DHAVE_STRLCPY=1 -DHAVE_STRNDUP=1 -DHAVE_STRSEP=1 -DHAVE_STRTONUM=1 -DHAVE_EVENT2_EVENT_H=1 -DHAVE_NCURSES_H=1 -DHAVE_TIPARM=1 -DHAVE_TIPARM_S=1 -DHAVE_UTF8PROC=1 -DHAVE_B64_NTOP=1 -DHAVE_JEMALLOC=1 -DHAVE_DAEMON=1 -DHAVE_FORKPTY=1 -DHAVE___PROGNAME=1 -DBROKEN___DEAD=1 -DBROKEN_CMSG_FIRSTHDR=1 -I.  -I/opt/homebrew/Cellar/jemalloc/5.4.0/include -I/opt/homebrew/Cellar/utf8proc/2.12.0/include -DUTF8PROC_EXPORTS -D_DARWIN_C_SOURCE -DNCURSES_WIDECHAR -I/opt/homebrew/Cellar/ncurses/6.6/include/ncursesw -I/opt/homebrew/Cellar/ncurses/6.6/include -I/opt/homebrew/Cellar/libevent/2.1.13/include -DTMUX_VERSION='"3.7c"' -DTMUX_CONF='"/etc/tmux.conf:~/.tmux.conf:$XDG_CONFIG_HOME/tmux/tmux.conf:~/.config/tmux/tmux.conf"' -DTMUX_LOCK_CMD='"lock -np"' -DTMUX_TERM='"tmux-256color"'  -iquote.        -std=gnu99 -O2       -MT compat/imsg-buffer.o -MD -MP -MF $depbase.Tpo -c -o compat/imsg-buffer.o compat/imsg-buffer.c &&\
	mv -f $depbase.Tpo $depbase.Po
depbase=`echo compat/vis.o | sed 's|[^/]*$|.deps/&|;s|\.o$||'`;\
	gcc -std=gnu23 -DPACKAGE_NAME=\"tmux\" -DPACKAGE_TARNAME=\"tmux\" -DPACKAGE_VERSION=\"3.7c\" -DPACKAGE_STRING=\"tmux\ 3.7c\" -DPACKAGE_BUGREPORT=\"\" -DPACKAGE_URL=\"\" -DPACKAGE=\"tmux\" -DVERSION=\"3.7c\" -DHAVE_STDIO_H=1 -DHAVE_STDLIB_H=1 -DHAVE_STRING_H=1 -DHAVE_INTTYPES_H=1 -DHAVE_STDINT_H=1 -DHAVE_STRINGS_H=1 -DHAVE_SYS_STAT_H=1 -DHAVE_SYS_TYPES_H=1 -DHAVE_UNISTD_H=1 -DHAVE_WCHAR_H=1 -DSTDC_HEADERS=1 -D_ALL_SOURCE=1 -D_COSMO_SOURCE=1 -D_DARWIN_C_SOURCE=1 -D_GNU_SOURCE=1 -D_HPUX_ALT_XOPEN_SOCKET_API=1 -D_NETBSD_SOURCE=1 -D_OPENBSD_SOURCE=1 -D_POSIX_PTHREAD_SEMANTICS=1 -D__STDC_WANT_IEC_60559_ATTRIBS_EXT__=1 -D__STDC_WANT_IEC_60559_BFP_EXT__=1 -D__STDC_WANT_IEC_60559_DFP_EXT__=1 -D__STDC_WANT_IEC_60559_EXT__=1 -D__STDC_WANT_IEC_60559_FUNCS_EXT__=1 -D__STDC_WANT_IEC_60559_TYPES_EXT__=1 -D__STDC_WANT_LIB_EXT2__=1 -D__STDC_WANT_MATH_SPEC_FUNCS__=1 -D_TANDEM_SOURCE=1 -D__EXTENSIONS__=1 -DHAVE_BITSTRING_H=1 -DHAVE_DIRENT_H=1 -DHAVE_FCNTL_H=1 -DHAVE_INTTYPES_H=1 -DHAVE_LIBPROC_H=1 -DHAVE_PATHS_H=1 -DHAVE_STDINT_H=1 -DHAVE_SYS_DIR_H=1 -DHAVE_UTIL_H=1 -DHAVE_SYS_SIGNAME=1 -DHAVE_LIBM=1 -DHAVE_DIRFD=1 -DHAVE_FLOCK=1 -DHAVE_PROC_PIDINFO=1 -DHAVE_SYSCONF=1 -DHAVE_ASPRINTF=1 -DHAVE_CFMAKERAW=1 -DHAVE_CLOCK_GETTIME=1 -DHAVE_FGETLN=1 -DHAVE_GETDTABLESIZE=1 -DHAVE_GETPEEREID=1 -DHAVE_GETLINE=1 -DHAVE_GETPROGNAME=1 -DHAVE_MEMMEM=1 -DHAVE_SETENV=1 -DHAVE_STRCASESTR=1 -DHAVE_STRLCAT=1 -DHAVE_STRLCPY=1 -DHAVE_STRNDUP=1 -DHAVE_STRSEP=1 -DHAVE_STRTONUM=1 -DHAVE_EVENT2_EVENT_H=1 -DHAVE_NCURSES_H=1 -DHAVE_TIPARM=1 -DHAVE_TIPARM_S=1 -DHAVE_UTF8PROC=1 -DHAVE_B64_NTOP=1 -DHAVE_JEMALLOC=1 -DHAVE_DAEMON=1 -DHAVE_FORKPTY=1 -DHAVE___PROGNAME=1 -DBROKEN___DEAD=1 -DBROKEN_CMSG_FIRSTHDR=1 -I.  -I/opt/homebrew/Cellar/jemalloc/5.4.0/include -I/opt/homebrew/Cellar/utf8proc/2.12.0/include -DUTF8PROC_EXPORTS -D_DARWIN_C_SOURCE -DNCURSES_WIDECHAR -I/opt/homebrew/Cellar/ncurses/6.6/include/ncursesw -I/opt/homebrew/Cellar/ncurses/6.6/include -I/opt/homebrew/Cellar/libevent/2.1.13/include -DTMUX_VERSION='"3.7c"' -DTMUX_CONF='"/etc/tmux.conf:~/.tmux.conf:$XDG_CONFIG_HOME/tmux/tmux.conf:~/.config/tmux/tmux.conf"' -DTMUX_LOCK_CMD='"lock -np"' -DTMUX_TERM='"tmux-256color"'  -iquote.        -std=gnu99 -O2       -MT compat/vis.o -MD -MP -MF $depbase.Tpo -c -o compat/vis.o compat/vis.c &&\
	mv -f $depbase.Tpo $depbase.Po
depbase=`echo compat/unvis.o | sed 's|[^/]*$|.deps/&|;s|\.o$||'`;\
	gcc -std=gnu23 -DPACKAGE_NAME=\"tmux\" -DPACKAGE_TARNAME=\"tmux\" -DPACKAGE_VERSION=\"3.7c\" -DPACKAGE_STRING=\"tmux\ 3.7c\" -DPACKAGE_BUGREPORT=\"\" -DPACKAGE_URL=\"\" -DPACKAGE=\"tmux\" -DVERSION=\"3.7c\" -DHAVE_STDIO_H=1 -DHAVE_STDLIB_H=1 -DHAVE_STRING_H=1 -DHAVE_INTTYPES_H=1 -DHAVE_STDINT_H=1 -DHAVE_STRINGS_H=1 -DHAVE_SYS_STAT_H=1 -DHAVE_SYS_TYPES_H=1 -DHAVE_UNISTD_H=1 -DHAVE_WCHAR_H=1 -DSTDC_HEADERS=1 -D_ALL_SOURCE=1 -D_COSMO_SOURCE=1 -D_DARWIN_C_SOURCE=1 -D_GNU_SOURCE=1 -D_HPUX_ALT_XOPEN_SOCKET_API=1 -D_NETBSD_SOURCE=1 -D_OPENBSD_SOURCE=1 -D_POSIX_PTHREAD_SEMANTICS=1 -D__STDC_WANT_IEC_60559_ATTRIBS_EXT__=1 -D__STDC_WANT_IEC_60559_BFP_EXT__=1 -D__STDC_WANT_IEC_60559_DFP_EXT__=1 -D__STDC_WANT_IEC_60559_EXT__=1 -D__STDC_WANT_IEC_60559_FUNCS_EXT__=1 -D__STDC_WANT_IEC_60559_TYPES_EXT__=1 -D__STDC_WANT_LIB_EXT2__=1 -D__STDC_WANT_MATH_SPEC_FUNCS__=1 -D_TANDEM_SOURCE=1 -D__EXTENSIONS__=1 -DHAVE_BITSTRING_H=1 -DHAVE_DIRENT_H=1 -DHAVE_FCNTL_H=1 -DHAVE_INTTYPES_H=1 -DHAVE_LIBPROC_H=1 -DHAVE_PATHS_H=1 -DHAVE_STDINT_H=1 -DHAVE_SYS_DIR_H=1 -DHAVE_UTIL_H=1 -DHAVE_SYS_SIGNAME=1 -DHAVE_LIBM=1 -DHAVE_DIRFD=1 -DHAVE_FLOCK=1 -DHAVE_PROC_PIDINFO=1 -DHAVE_SYSCONF=1 -DHAVE_ASPRINTF=1 -DHAVE_CFMAKERAW=1 -DHAVE_CLOCK_GETTIME=1 -DHAVE_FGETLN=1 -DHAVE_GETDTABLESIZE=1 -DHAVE_GETPEEREID=1 -DHAVE_GETLINE=1 -DHAVE_GETPROGNAME=1 -DHAVE_MEMMEM=1 -DHAVE_SETENV=1 -DHAVE_STRCASESTR=1 -DHAVE_STRLCAT=1 -DHAVE_STRLCPY=1 -DHAVE_STRNDUP=1 -DHAVE_STRSEP=1 -DHAVE_STRTONUM=1 -DHAVE_EVENT2_EVENT_H=1 -DHAVE_NCURSES_H=1 -DHAVE_TIPARM=1 -DHAVE_TIPARM_S=1 -DHAVE_UTF8PROC=1 -DHAVE_B64_NTOP=1 -DHAVE_JEMALLOC=1 -DHAVE_DAEMON=1 -DHAVE_FORKPTY=1 -DHAVE___PROGNAME=1 -DBROKEN___DEAD=1 -DBROKEN_CMSG_FIRSTHDR=1 -I.  -I/opt/homebrew/Cellar/jemalloc/5.4.0/include -I/opt/homebrew/Cellar/utf8proc/2.12.0/include -DUTF8PROC_EXPORTS -D_DARWIN_C_SOURCE -DNCURSES_WIDECHAR -I/opt/homebrew/Cellar/ncurses/6.6/include/ncursesw -I/opt/homebrew/Cellar/ncurses/6.6/include -I/opt/homebrew/Cellar/libevent/2.1.13/include -DTMUX_VERSION='"3.7c"' -DTMUX_CONF='"/etc/tmux.conf:~/.tmux.conf:$XDG_CONFIG_HOME/tmux/tmux.conf:~/.config/tmux/tmux.conf"' -DTMUX_LOCK_CMD='"lock -np"' -DTMUX_TERM='"tmux-256color"'  -iquote.        -std=gnu99 -O2       -MT compat/unvis.o -MD -MP -MF $depbase.Tpo -c -o compat/unvis.o compat/unvis.c &&\
	mv -f $depbase.Tpo $depbase.Po
depbase=`echo compat/fdforkpty.o | sed 's|[^/]*$|.deps/&|;s|\.o$||'`;\
	gcc -std=gnu23 -DPACKAGE_NAME=\"tmux\" -DPACKAGE_TARNAME=\"tmux\" -DPACKAGE_VERSION=\"3.7c\" -DPACKAGE_STRING=\"tmux\ 3.7c\" -DPACKAGE_BUGREPORT=\"\" -DPACKAGE_URL=\"\" -DPACKAGE=\"tmux\" -DVERSION=\"3.7c\" -DHAVE_STDIO_H=1 -DHAVE_STDLIB_H=1 -DHAVE_STRING_H=1 -DHAVE_INTTYPES_H=1 -DHAVE_STDINT_H=1 -DHAVE_STRINGS_H=1 -DHAVE_SYS_STAT_H=1 -DHAVE_SYS_TYPES_H=1 -DHAVE_UNISTD_H=1 -DHAVE_WCHAR_H=1 -DSTDC_HEADERS=1 -D_ALL_SOURCE=1 -D_COSMO_SOURCE=1 -D_DARWIN_C_SOURCE=1 -D_GNU_SOURCE=1 -D_HPUX_ALT_XOPEN_SOCKET_API=1 -D_NETBSD_SOURCE=1 -D_OPENBSD_SOURCE=1 -D_POSIX_PTHREAD_SEMANTICS=1 -D__STDC_WANT_IEC_60559_ATTRIBS_EXT__=1 -D__STDC_WANT_IEC_60559_BFP_EXT__=1 -D__STDC_WANT_IEC_60559_DFP_EXT__=1 -D__STDC_WANT_IEC_60559_EXT__=1 -D__STDC_WANT_IEC_60559_FUNCS_EXT__=1 -D__STDC_WANT_IEC_60559_TYPES_EXT__=1 -D__STDC_WANT_LIB_EXT2__=1 -D__STDC_WANT_MATH_SPEC_FUNCS__=1 -D_TANDEM_SOURCE=1 -D__EXTENSIONS__=1 -DHAVE_BITSTRING_H=1 -DHAVE_DIRENT_H=1 -DHAVE_FCNTL_H=1 -DHAVE_INTTYPES_H=1 -DHAVE_LIBPROC_H=1 -DHAVE_PATHS_H=1 -DHAVE_STDINT_H=1 -DHAVE_SYS_DIR_H=1 -DHAVE_UTIL_H=1 -DHAVE_SYS_SIGNAME=1 -DHAVE_LIBM=1 -DHAVE_DIRFD=1 -DHAVE_FLOCK=1 -DHAVE_PROC_PIDINFO=1 -DHAVE_SYSCONF=1 -DHAVE_ASPRINTF=1 -DHAVE_CFMAKERAW=1 -DHAVE_CLOCK_GETTIME=1 -DHAVE_FGETLN=1 -DHAVE_GETDTABLESIZE=1 -DHAVE_GETPEEREID=1 -DHAVE_GETLINE=1 -DHAVE_GETPROGNAME=1 -DHAVE_MEMMEM=1 -DHAVE_SETENV=1 -DHAVE_STRCASESTR=1 -DHAVE_STRLCAT=1 -DHAVE_STRLCPY=1 -DHAVE_STRNDUP=1 -DHAVE_STRSEP=1 -DHAVE_STRTONUM=1 -DHAVE_EVENT2_EVENT_H=1 -DHAVE_NCURSES_H=1 -DHAVE_TIPARM=1 -DHAVE_TIPARM_S=1 -DHAVE_UTF8PROC=1 -DHAVE_B64_NTOP=1 -DHAVE_JEMALLOC=1 -DHAVE_DAEMON=1 -DHAVE_FORKPTY=1 -DHAVE___PROGNAME=1 -DBROKEN___DEAD=1 -DBROKEN_CMSG_FIRSTHDR=1 -I.  -I/opt/homebrew/Cellar/jemalloc/5.4.0/include -I/opt/homebrew/Cellar/utf8proc/2.12.0/include -DUTF8PROC_EXPORTS -D_DARWIN_C_SOURCE -DNCURSES_WIDECHAR -I/opt/homebrew/Cellar/ncurses/6.6/include/ncursesw -I/opt/homebrew/Cellar/ncurses/6.6/include -I/opt/homebrew/Cellar/libevent/2.1.13/include -DTMUX_VERSION='"3.7c"' -DTMUX_CONF='"/etc/tmux.conf:~/.tmux.conf:$XDG_CONFIG_HOME/tmux/tmux.conf:~/.config/tmux/tmux.conf"' -DTMUX_LOCK_CMD='"lock -np"' -DTMUX_TERM='"tmux-256color"'  -iquote.        -std=gnu99 -O2       -MT compat/fdforkpty.o -MD -MP -MF $depbase.Tpo -c -o compat/fdforkpty.o compat/fdforkpty.c &&\
	mv -f $depbase.Tpo $depbase.Po
depbase=`echo compat/daemon.o | sed 's|[^/]*$|.deps/&|;s|\.o$||'`;\
	gcc -std=gnu23 -DPACKAGE_NAME=\"tmux\" -DPACKAGE_TARNAME=\"tmux\" -DPACKAGE_VERSION=\"3.7c\" -DPACKAGE_STRING=\"tmux\ 3.7c\" -DPACKAGE_BUGREPORT=\"\" -DPACKAGE_URL=\"\" -DPACKAGE=\"tmux\" -DVERSION=\"3.7c\" -DHAVE_STDIO_H=1 -DHAVE_STDLIB_H=1 -DHAVE_STRING_H=1 -DHAVE_INTTYPES_H=1 -DHAVE_STDINT_H=1 -DHAVE_STRINGS_H=1 -DHAVE_SYS_STAT_H=1 -DHAVE_SYS_TYPES_H=1 -DHAVE_UNISTD_H=1 -DHAVE_WCHAR_H=1 -DSTDC_HEADERS=1 -D_ALL_SOURCE=1 -D_COSMO_SOURCE=1 -D_DARWIN_C_SOURCE=1 -D_GNU_SOURCE=1 -D_HPUX_ALT_XOPEN_SOCKET_API=1 -D_NETBSD_SOURCE=1 -D_OPENBSD_SOURCE=1 -D_POSIX_PTHREAD_SEMANTICS=1 -D__STDC_WANT_IEC_60559_ATTRIBS_EXT__=1 -D__STDC_WANT_IEC_60559_BFP_EXT__=1 -D__STDC_WANT_IEC_60559_DFP_EXT__=1 -D__STDC_WANT_IEC_60559_EXT__=1 -D__STDC_WANT_IEC_60559_FUNCS_EXT__=1 -D__STDC_WANT_IEC_60559_TYPES_EXT__=1 -D__STDC_WANT_LIB_EXT2__=1 -D__STDC_WANT_MATH_SPEC_FUNCS__=1 -D_TANDEM_SOURCE=1 -D__EXTENSIONS__=1 -DHAVE_BITSTRING_H=1 -DHAVE_DIRENT_H=1 -DHAVE_FCNTL_H=1 -DHAVE_INTTYPES_H=1 -DHAVE_LIBPROC_H=1 -DHAVE_PATHS_H=1 -DHAVE_STDINT_H=1 -DHAVE_SYS_DIR_H=1 -DHAVE_UTIL_H=1 -DHAVE_SYS_SIGNAME=1 -DHAVE_LIBM=1 -DHAVE_DIRFD=1 -DHAVE_FLOCK=1 -DHAVE_PROC_PIDINFO=1 -DHAVE_SYSCONF=1 -DHAVE_ASPRINTF=1 -DHAVE_CFMAKERAW=1 -DHAVE_CLOCK_GETTIME=1 -DHAVE_FGETLN=1 -DHAVE_GETDTABLESIZE=1 -DHAVE_GETPEEREID=1 -DHAVE_GETLINE=1 -DHAVE_GETPROGNAME=1 -DHAVE_MEMMEM=1 -DHAVE_SETENV=1 -DHAVE_STRCASESTR=1 -DHAVE_STRLCAT=1 -DHAVE_STRLCPY=1 -DHAVE_STRNDUP=1 -DHAVE_STRSEP=1 -DHAVE_STRTONUM=1 -DHAVE_EVENT2_EVENT_H=1 -DHAVE_NCURSES_H=1 -DHAVE_TIPARM=1 -DHAVE_TIPARM_S=1 -DHAVE_UTF8PROC=1 -DHAVE_B64_NTOP=1 -DHAVE_JEMALLOC=1 -DHAVE_DAEMON=1 -DHAVE_FORKPTY=1 -DHAVE___PROGNAME=1 -DBROKEN___DEAD=1 -DBROKEN_CMSG_FIRSTHDR=1 -I.  -I/opt/homebrew/Cellar/jemalloc/5.4.0/include -I/opt/homebrew/Cellar/utf8proc/2.12.0/include -DUTF8PROC_EXPORTS -D_DARWIN_C_SOURCE -DNCURSES_WIDECHAR -I/opt/homebrew/Cellar/ncurses/6.6/include/ncursesw -I/opt/homebrew/Cellar/ncurses/6.6/include -I/opt/homebrew/Cellar/libevent/2.1.13/include -DTMUX_VERSION='"3.7c"' -DTMUX_CONF='"/etc/tmux.conf:~/.tmux.conf:$XDG_CONFIG_HOME/tmux/tmux.conf:~/.config/tmux/tmux.conf"' -DTMUX_LOCK_CMD='"lock -np"' -DTMUX_TERM='"tmux-256color"'  -iquote.        -std=gnu99 -O2       -MT compat/daemon.o -MD -MP -MF $depbase.Tpo -c -o compat/daemon.o compat/daemon.c &&\
	mv -f $depbase.Tpo $depbase.Po
depbase=`echo compat/daemon-darwin.o | sed 's|[^/]*$|.deps/&|;s|\.o$||'`;\
	gcc -std=gnu23 -DPACKAGE_NAME=\"tmux\" -DPACKAGE_TARNAME=\"tmux\" -DPACKAGE_VERSION=\"3.7c\" -DPACKAGE_STRING=\"tmux\ 3.7c\" -DPACKAGE_BUGREPORT=\"\" -DPACKAGE_URL=\"\" -DPACKAGE=\"tmux\" -DVERSION=\"3.7c\" -DHAVE_STDIO_H=1 -DHAVE_STDLIB_H=1 -DHAVE_STRING_H=1 -DHAVE_INTTYPES_H=1 -DHAVE_STDINT_H=1 -DHAVE_STRINGS_H=1 -DHAVE_SYS_STAT_H=1 -DHAVE_SYS_TYPES_H=1 -DHAVE_UNISTD_H=1 -DHAVE_WCHAR_H=1 -DSTDC_HEADERS=1 -D_ALL_SOURCE=1 -D_COSMO_SOURCE=1 -D_DARWIN_C_SOURCE=1 -D_GNU_SOURCE=1 -D_HPUX_ALT_XOPEN_SOCKET_API=1 -D_NETBSD_SOURCE=1 -D_OPENBSD_SOURCE=1 -D_POSIX_PTHREAD_SEMANTICS=1 -D__STDC_WANT_IEC_60559_ATTRIBS_EXT__=1 -D__STDC_WANT_IEC_60559_BFP_EXT__=1 -D__STDC_WANT_IEC_60559_DFP_EXT__=1 -D__STDC_WANT_IEC_60559_EXT__=1 -D__STDC_WANT_IEC_60559_FUNCS_EXT__=1 -D__STDC_WANT_IEC_60559_TYPES_EXT__=1 -D__STDC_WANT_LIB_EXT2__=1 -D__STDC_WANT_MATH_SPEC_FUNCS__=1 -D_TANDEM_SOURCE=1 -D__EXTENSIONS__=1 -DHAVE_BITSTRING_H=1 -DHAVE_DIRENT_H=1 -DHAVE_FCNTL_H=1 -DHAVE_INTTYPES_H=1 -DHAVE_LIBPROC_H=1 -DHAVE_PATHS_H=1 -DHAVE_STDINT_H=1 -DHAVE_SYS_DIR_H=1 -DHAVE_UTIL_H=1 -DHAVE_SYS_SIGNAME=1 -DHAVE_LIBM=1 -DHAVE_DIRFD=1 -DHAVE_FLOCK=1 -DHAVE_PROC_PIDINFO=1 -DHAVE_SYSCONF=1 -DHAVE_ASPRINTF=1 -DHAVE_CFMAKERAW=1 -DHAVE_CLOCK_GETTIME=1 -DHAVE_FGETLN=1 -DHAVE_GETDTABLESIZE=1 -DHAVE_GETPEEREID=1 -DHAVE_GETLINE=1 -DHAVE_GETPROGNAME=1 -DHAVE_MEMMEM=1 -DHAVE_SETENV=1 -DHAVE_STRCASESTR=1 -DHAVE_STRLCAT=1 -DHAVE_STRLCPY=1 -DHAVE_STRNDUP=1 -DHAVE_STRSEP=1 -DHAVE_STRTONUM=1 -DHAVE_EVENT2_EVENT_H=1 -DHAVE_NCURSES_H=1 -DHAVE_TIPARM=1 -DHAVE_TIPARM_S=1 -DHAVE_UTF8PROC=1 -DHAVE_B64_NTOP=1 -DHAVE_JEMALLOC=1 -DHAVE_DAEMON=1 -DHAVE_FORKPTY=1 -DHAVE___PROGNAME=1 -DBROKEN___DEAD=1 -DBROKEN_CMSG_FIRSTHDR=1 -I.  -I/opt/homebrew/Cellar/jemalloc/5.4.0/include -I/opt/homebrew/Cellar/utf8proc/2.12.0/include -DUTF8PROC_EXPORTS -D_DARWIN_C_SOURCE -DNCURSES_WIDECHAR -I/opt/homebrew/Cellar/ncurses/6.6/include/ncursesw -I/opt/homebrew/Cellar/ncurses/6.6/include -I/opt/homebrew/Cellar/libevent/2.1.13/include -DTMUX_VERSION='"3.7c"' -DTMUX_CONF='"/etc/tmux.conf:~/.tmux.conf:$XDG_CONFIG_HOME/tmux/tmux.conf:~/.config/tmux/tmux.conf"' -DTMUX_LOCK_CMD='"lock -np"' -DTMUX_TERM='"tmux-256color"'  -iquote.        -std=gnu99 -O2       -MT compat/daemon-darwin.o -MD -MP -MF $depbase.Tpo -c -o compat/daemon-darwin.o compat/daemon-darwin.c &&\
	mv -f $depbase.Tpo $depbase.Po
depbase=`echo cmd-parse.o | sed 's|[^/]*$|.deps/&|;s|\.o$||'`;\
	gcc -std=gnu23 -DPACKAGE_NAME=\"tmux\" -DPACKAGE_TARNAME=\"tmux\" -DPACKAGE_VERSION=\"3.7c\" -DPACKAGE_STRING=\"tmux\ 3.7c\" -DPACKAGE_BUGREPORT=\"\" -DPACKAGE_URL=\"\" -DPACKAGE=\"tmux\" -DVERSION=\"3.7c\" -DHAVE_STDIO_H=1 -DHAVE_STDLIB_H=1 -DHAVE_STRING_H=1 -DHAVE_INTTYPES_H=1 -DHAVE_STDINT_H=1 -DHAVE_STRINGS_H=1 -DHAVE_SYS_STAT_H=1 -DHAVE_SYS_TYPES_H=1 -DHAVE_UNISTD_H=1 -DHAVE_WCHAR_H=1 -DSTDC_HEADERS=1 -D_ALL_SOURCE=1 -D_COSMO_SOURCE=1 -D_DARWIN_C_SOURCE=1 -D_GNU_SOURCE=1 -D_HPUX_ALT_XOPEN_SOCKET_API=1 -D_NETBSD_SOURCE=1 -D_OPENBSD_SOURCE=1 -D_POSIX_PTHREAD_SEMANTICS=1 -D__STDC_WANT_IEC_60559_ATTRIBS_EXT__=1 -D__STDC_WANT_IEC_60559_BFP_EXT__=1 -D__STDC_WANT_IEC_60559_DFP_EXT__=1 -D__STDC_WANT_IEC_60559_EXT__=1 -D__STDC_WANT_IEC_60559_FUNCS_EXT__=1 -D__STDC_WANT_IEC_60559_TYPES_EXT__=1 -D__STDC_WANT_LIB_EXT2__=1 -D__STDC_WANT_MATH_SPEC_FUNCS__=1 -D_TANDEM_SOURCE=1 -D__EXTENSIONS__=1 -DHAVE_BITSTRING_H=1 -DHAVE_DIRENT_H=1 -DHAVE_FCNTL_H=1 -DHAVE_INTTYPES_H=1 -DHAVE_LIBPROC_H=1 -DHAVE_PATHS_H=1 -DHAVE_STDINT_H=1 -DHAVE_SYS_DIR_H=1 -DHAVE_UTIL_H=1 -DHAVE_SYS_SIGNAME=1 -DHAVE_LIBM=1 -DHAVE_DIRFD=1 -DHAVE_FLOCK=1 -DHAVE_PROC_PIDINFO=1 -DHAVE_SYSCONF=1 -DHAVE_ASPRINTF=1 -DHAVE_CFMAKERAW=1 -DHAVE_CLOCK_GETTIME=1 -DHAVE_FGETLN=1 -DHAVE_GETDTABLESIZE=1 -DHAVE_GETPEEREID=1 -DHAVE_GETLINE=1 -DHAVE_GETPROGNAME=1 -DHAVE_MEMMEM=1 -DHAVE_SETENV=1 -DHAVE_STRCASESTR=1 -DHAVE_STRLCAT=1 -DHAVE_STRLCPY=1 -DHAVE_STRNDUP=1 -DHAVE_STRSEP=1 -DHAVE_STRTONUM=1 -DHAVE_EVENT2_EVENT_H=1 -DHAVE_NCURSES_H=1 -DHAVE_TIPARM=1 -DHAVE_TIPARM_S=1 -DHAVE_UTF8PROC=1 -DHAVE_B64_NTOP=1 -DHAVE_JEMALLOC=1 -DHAVE_DAEMON=1 -DHAVE_FORKPTY=1 -DHAVE___PROGNAME=1 -DBROKEN___DEAD=1 -DBROKEN_CMSG_FIRSTHDR=1 -I.  -I/opt/homebrew/Cellar/jemalloc/5.4.0/include -I/opt/homebrew/Cellar/utf8proc/2.12.0/include -DUTF8PROC_EXPORTS -D_DARWIN_C_SOURCE -DNCURSES_WIDECHAR -I/opt/homebrew/Cellar/ncurses/6.6/include/ncursesw -I/opt/homebrew/Cellar/ncurses/6.6/include -I/opt/homebrew/Cellar/libevent/2.1.13/include -DTMUX_VERSION='"3.7c"' -DTMUX_CONF='"/etc/tmux.conf:~/.tmux.conf:$XDG_CONFIG_HOME/tmux/tmux.conf:~/.config/tmux/tmux.conf"' -DTMUX_LOCK_CMD='"lock -np"' -DTMUX_TERM='"tmux-256color"'  -iquote.        -std=gnu99 -O2       -MT cmd-parse.o -MD -MP -MF $depbase.Tpo -c -o cmd-parse.o cmd-parse.c &&\
	mv -f $depbase.Tpo $depbase.Po
depbase=`echo compat/utf8proc.o | sed 's|[^/]*$|.deps/&|;s|\.o$||'`;\
	gcc -std=gnu23 -DPACKAGE_NAME=\"tmux\" -DPACKAGE_TARNAME=\"tmux\" -DPACKAGE_VERSION=\"3.7c\" -DPACKAGE_STRING=\"tmux\ 3.7c\" -DPACKAGE_BUGREPORT=\"\" -DPACKAGE_URL=\"\" -DPACKAGE=\"tmux\" -DVERSION=\"3.7c\" -DHAVE_STDIO_H=1 -DHAVE_STDLIB_H=1 -DHAVE_STRING_H=1 -DHAVE_INTTYPES_H=1 -DHAVE_STDINT_H=1 -DHAVE_STRINGS_H=1 -DHAVE_SYS_STAT_H=1 -DHAVE_SYS_TYPES_H=1 -DHAVE_UNISTD_H=1 -DHAVE_WCHAR_H=1 -DSTDC_HEADERS=1 -D_ALL_SOURCE=1 -D_COSMO_SOURCE=1 -D_DARWIN_C_SOURCE=1 -D_GNU_SOURCE=1 -D_HPUX_ALT_XOPEN_SOCKET_API=1 -D_NETBSD_SOURCE=1 -D_OPENBSD_SOURCE=1 -D_POSIX_PTHREAD_SEMANTICS=1 -D__STDC_WANT_IEC_60559_ATTRIBS_EXT__=1 -D__STDC_WANT_IEC_60559_BFP_EXT__=1 -D__STDC_WANT_IEC_60559_DFP_EXT__=1 -D__STDC_WANT_IEC_60559_EXT__=1 -D__STDC_WANT_IEC_60559_FUNCS_EXT__=1 -D__STDC_WANT_IEC_60559_TYPES_EXT__=1 -D__STDC_WANT_LIB_EXT2__=1 -D__STDC_WANT_MATH_SPEC_FUNCS__=1 -D_TANDEM_SOURCE=1 -D__EXTENSIONS__=1 -DHAVE_BITSTRING_H=1 -DHAVE_DIRENT_H=1 -DHAVE_FCNTL_H=1 -DHAVE_INTTYPES_H=1 -DHAVE_LIBPROC_H=1 -DHAVE_PATHS_H=1 -DHAVE_STDINT_H=1 -DHAVE_SYS_DIR_H=1 -DHAVE_UTIL_H=1 -DHAVE_SYS_SIGNAME=1 -DHAVE_LIBM=1 -DHAVE_DIRFD=1 -DHAVE_FLOCK=1 -DHAVE_PROC_PIDINFO=1 -DHAVE_SYSCONF=1 -DHAVE_ASPRINTF=1 -DHAVE_CFMAKERAW=1 -DHAVE_CLOCK_GETTIME=1 -DHAVE_FGETLN=1 -DHAVE_GETDTABLESIZE=1 -DHAVE_GETPEEREID=1 -DHAVE_GETLINE=1 -DHAVE_GETPROGNAME=1 -DHAVE_MEMMEM=1 -DHAVE_SETENV=1 -DHAVE_STRCASESTR=1 -DHAVE_STRLCAT=1 -DHAVE_STRLCPY=1 -DHAVE_STRNDUP=1 -DHAVE_STRSEP=1 -DHAVE_STRTONUM=1 -DHAVE_EVENT2_EVENT_H=1 -DHAVE_NCURSES_H=1 -DHAVE_TIPARM=1 -DHAVE_TIPARM_S=1 -DHAVE_UTF8PROC=1 -DHAVE_B64_NTOP=1 -DHAVE_JEMALLOC=1 -DHAVE_DAEMON=1 -DHAVE_FORKPTY=1 -DHAVE___PROGNAME=1 -DBROKEN___DEAD=1 -DBROKEN_CMSG_FIRSTHDR=1 -I.  -I/opt/homebrew/Cellar/jemalloc/5.4.0/include -I/opt/homebrew/Cellar/utf8proc/2.12.0/include -DUTF8PROC_EXPORTS -D_DARWIN_C_SOURCE -DNCURSES_WIDECHAR -I/opt/homebrew/Cellar/ncurses/6.6/include/ncursesw -I/opt/homebrew/Cellar/ncurses/6.6/include -I/opt/homebrew/Cellar/libevent/2.1.13/include -DTMUX_VERSION='"3.7c"' -DTMUX_CONF='"/etc/tmux.conf:~/.tmux.conf:$XDG_CONFIG_HOME/tmux/tmux.conf:~/.config/tmux/tmux.conf"' -DTMUX_LOCK_CMD='"lock -np"' -DTMUX_TERM='"tmux-256color"'  -iquote.        -std=gnu99 -O2       -MT compat/utf8proc.o -MD -MP -MF $depbase.Tpo -c -o compat/utf8proc.o compat/utf8proc.c &&\
	mv -f $depbase.Tpo $depbase.Po
compat/utf8proc.c:51:26: warning: passing 'const char *' to parameter of type 'const utf8proc_uint8_t *' (aka 'const unsigned char *') converts between pointers to integer types where one is of the unique plain 'char' type and the other is not [-Wpointer-sign]
   51 |         slen = utf8proc_iterate(s, n, (utf8proc_int32_t*)pwc);
      |                                 ^
/opt/homebrew/Cellar/utf8proc/2.12.0/include/utf8proc.h:483:78: note: passing argument to parameter 'str' here
  483 | UTF8PROC_DLLEXPORT utf8proc_ssize_t utf8proc_iterate(const utf8proc_uint8_t *str, utf8proc_ssize_t strlen, utf8proc_int32_t *codepoint_ref);
      |                                                                              ^
compat/utf8proc.c:65:35: warning: passing 'char *' to parameter of type 'utf8proc_uint8_t *' (aka 'unsigned char *') converts between pointers to integer types where one is of the unique plain 'char' type and the other is not [-Wpointer-sign]
   65 |         return (utf8proc_encode_char(wc, s));
      |                                          ^
/opt/homebrew/Cellar/utf8proc/2.12.0/include/utf8proc.h:502:104: note: passing argument to parameter 'dst' here
  502 | UTF8PROC_DLLEXPORT utf8proc_ssize_t utf8proc_encode_char(utf8proc_int32_t codepoint, utf8proc_uint8_t *dst);
      |                                                                                                        ^
2 warnings generated.
gcc -std=gnu23 -std=gnu99 -O2         -o tmux alerts.o arguments.o attributes.o cfg.o client.o cmd-attach-session.o cmd-bind-key.o cmd-break-pane.o cmd-capture-pane.o cmd-choose-tree.o cmd-command-prompt.o cmd-confirm-before.o cmd-copy-mode.o cmd-detach-client.o cmd-display-menu.o cmd-display-message.o cmd-display-panes.o cmd-find-window.o cmd-find.o cmd-if-shell.o cmd-join-pane.o cmd-kill-pane.o cmd-kill-server.o cmd-kill-session.o cmd-kill-window.o cmd-list-buffers.o cmd-list-clients.o cmd-list-commands.o cmd-list-keys.o cmd-list-panes.o cmd-list-sessions.o cmd-list-windows.o cmd-load-buffer.o cmd-lock-server.o cmd-move-window.o cmd-new-session.o cmd-new-window.o cmd-parse.o cmd-paste-buffer.o cmd-pipe-pane.o cmd-queue.o tmux-ide-journal.o cmd-tmux-ide-resize-split.o cmd-refresh-client.o cmd-rename-session.o cmd-rename-window.o cmd-resize-pane.o cmd-resize-window.o cmd-respawn-pane.o cmd-respawn-window.o cmd-rotate-window.o cmd-run-shell.o cmd-save-buffer.o cmd-select-layout.o cmd-select-pane.o cmd-select-window.o cmd-send-keys.o cmd-server-access.o cmd-set-buffer.o cmd-set-environment.o cmd-set-option.o cmd-show-environment.o cmd-show-messages.o cmd-show-options.o cmd-show-prompt-history.o cmd-source-file.o cmd-split-window.o cmd-swap-pane.o cmd-swap-window.o cmd-switch-client.o cmd-unbind-key.o cmd-wait-for.o cmd.o colour.o control-notify.o control.o environ.o file.o format.o format-draw.o grid-reader.o grid-view.o grid.o hyperlinks.o input-keys.o input.o job.o key-bindings.o key-string.o layout-custom.o layout-set.o layout.o log.o menu.o mode-tree.o names.o notify.o options-table.o options.o paste.o popup.o proc.o regsub.o resize.o screen-redraw.o screen-write.o screen.o server-acl.o server-client.o server-fn.o server.o session.o sort.o spawn.o status.o style.o tmux.o tty-acs.o tty-draw.o tty-features.o tty-keys.o tty-term.o tty.o utf8-combined.o utf8.o window-buffer.o window-client.o window-clock.o window-copy.o window-customize.o window-tree.o window.o xmalloc.o  osdep-darwin.o   compat/utf8proc.o compat/closefrom.o compat/explicit_bzero.o compat/freezero.o compat/getdtablecount.o compat/htonll.o compat/ntohll.o compat/setproctitle.o compat/reallocarray.o compat/recallocarray.o compat/getopt_long.o compat/imsg.o compat/imsg-buffer.o compat/vis.o compat/unvis.o compat/fdforkpty.o compat/daemon.o compat/daemon-darwin.o -L/opt/homebrew/Cellar/utf8proc/2.12.0/lib -lutf8proc -L/opt/homebrew/Cellar/ncurses/6.6/lib -Wl,-search_paths_first -lncursesw -L/opt/homebrew/Cellar/libevent/2.1.13/lib -levent_core -lm  -lresolv -L/opt/homebrew/Cellar/jemalloc/5.4.0/lib -ljemalloc
